project_id,project_code,project_name,ministry,sector,state,implementing_agency,original_cost,original_start_date,original_end_date,archetype,match_method,match_confidence
P_LEGACY_03B3D0CA4D04,LEG_03B3D0CA4D04,RAMGANJMUNDI-BHOPAL,Ministry of Road Transport & Highways,Transport & Logistics,GOA,WCR,3032.0,2001-04-01,2025-12-01,healthy,LEGACY_COMPOSITE_HASH,0.8
P_LEGACY_0C7BB6EC2939,LEG_0C7BB6EC2939,KHAGARIA-KUSHESHWAR ASTHAN (NL),Ministry of Road Transport & Highways,Transport & Logistics,ANDAMAN AND,ECR,614.45,1997-04-01,2024-12-01,severely_delayed,LEGACY_COMPOSITE_HASH,0.8
P_LEGACY_163C493D3D01,LEG_163C493D3D01,JIRIBAM TO IMPHAL (TUPUI)(NL)(NEFR),Ministry of Road Transport & Highways,Transport & Logistics,LADAKH,NFR,14322.79,2003-04-01,2026-12-01,severely_delayed,LEGACY_COMPOSITE_HASH,0.8
P_LEGACY_242068BAA6CA,LEG_242068BAA6CA,"NANGALDAM-TALWARA(NL),NR",Ministry of Road Transport & Highways,Transport & Logistics,GOA,NR,2018.0,1981-03-01,2025-12-01,severely_delayed,LEGACY_COMPOSITE_HASH,0.8
P_LEGACY_372C2D3ABAF2,LEG_372C2D3ABAF2,"RAMGANJMUNDI-BHOPAL (NL),WCR",Ministry of Road Transport & Highways,Transport & Logistics,LADAKH,WCR,3032.0,2001-04-01,2025-12-01,healthy,LEGACY_COMPOSITE_HASH,0.8
P_LEGACY_39EBA2473060,LEG_39EBA2473060,KHAGARIA-KUSHESHWAR ASTHAN (NL),Ministry of Road Transport & Highways,Transport & Logistics,Multi-State,ECR,614.45,1997-04-01,2024-12-01,severely_delayed,LEGACY_COMPOSITE_HASH,0.8
P_LEGACY_3B0A13D062A0,LEG_3B0A13D062A0,KOTLPALLI-NARASAPUR (NL),Ministry of Road Transport & Highways,Transport & Logistics,ANDAMAN AND,SCR,2500.98,2001-12-01,2028-03-01,deteriorating,LEGACY_COMPOSITE_HASH,0.8
P_LEGACY_4B9BFDAE6585,LEG_4B9BFDAE6585,TALCHER-,Ministry of Road Transport & Highways,Transport & Logistics,GOA,ECOR,1928.1,2005-04-01,2025-03-01,severely_delayed,LEGACY_COMPOSITE_HASH,0.8
P_LEGACY_4DF0250AC1E0,LEG_4DF0250AC1E0,KOTLPALLI-NARASAPUR (NL) (SCR),Ministry of Road Transport & Highways,Transport & Logistics,ANDAMAN AND,SCR,2500.98,2001-12-01,2028-03-01,deteriorating,LEGACY_COMPOSITE_HASH,0.8
P_LEGACY_5074ABCB15CF,LEG_5074ABCB15CF,"NANGALDAM-TALWARA(NL),NR",Ministry of Road Transport & Highways,Transport & Logistics,LADAKH,NR,2018.0,1981-03-01,2025-12-01,severely_delayed,LEGACY_COMPOSITE_HASH,0.8
P_LEGACY_52DB77CF9658,LEG_52DB77CF9658,BARH STPP(3X660MW) NTPC,Ministry of Power,Energy,Multi-State,NTPC,8692.97,2005-02-01,2011-10-01,severely_delayed,LEGACY_COMPOSITE_HASH,0.8
P_LEGACY_55BF1B5C75BE,LEG_55BF1B5C75BE,KOTLPALLI-NARASAPUR (NL) (SCR),Ministry of Road Transport & Highways,Transport & Logistics,Multi-State,SCR,2500.98,2001-12-01,2028-03-01,deteriorating,LEGACY_COMPOSITE_HASH,0.8
P_LEGACY_5D625A887DE5,LEG_5D625A887DE5,"KODERMA-TILAIYA (NL), ECR",Ministry of Road Transport & Highways,Transport & Logistics,GOA,ECR,1625.87,2002-04-01,2023-03-01,severely_delayed,LEGACY_COMPOSITE_HASH,0.8
P_LEGACY_60D025D61B7D,LEG_60D025D61B7D,GEVRA EXPANSION OCP (SECL),Ministry of Coal,Others,CHHATTISGARH,SECL,11816.4,2010-06-01,2023-03-01,severely_delayed,LEGACY_COMPOSITE_HASH,0.8
P_LEGACY_618ABB8C622B,LEG_618ABB8C622B,KHURDA ROAD-BOLANGIR(NL)ECOR,Ministry of Road Transport & Highways,Transport & Logistics,LADAKH,ECOR,3550.0,1994-04-01,2026-12-01,healthy,LEGACY_COMPOSITE_HASH,0.8
P_LEGACY_673250BA8470,LEG_673250BA8470,"HAJIPUR-SUGAULI VIA VAISHALI (NL), ECR",Ministry of Road Transport & Highways,Transport & Logistics,ANDAMAN AND,ECR,2066.78,2003-04-01,2014-12-01,severely_delayed,LEGACY_COMPOSITE_HASH,0.8
P_LEGACY_6B650D69FBA0,LEG_6B650D69FBA0,SUBANSIRI LOWER H.E.P (8X250 MW),Ministry of Power,Energy,Multi-State,NHPC,6285.33,2003-09-01,2010-09-01,severely_delayed,LEGACY_COMPOSITE_HASH,0.8
P_LEGACY_6D96AAA5961A,LEG_6D96AAA5961A,"LALITPUR-SATNA-REWA-SINGRULI NL,",Ministry of Road Transport & Highways,Transport & Logistics,LADAKH,NCR,8913.94,1998-09-01,2027-03-01,healthy,LEGACY_COMPOSITE_HASH,0.8
P_LEGACY_71D40CF67C8A,LEG_71D40CF67C8A,KHAGARIA-KUSHESHWAR,Ministry of Road Transport & Highways,Transport & Logistics,ANDAMAN AND,ECR,614.45,1997-04-01,2024-12-01,severely_delayed,LEGACY_COMPOSITE_HASH,0.8
P_LEGACY_73C2F617E4A4,LEG_73C2F617E4A4,"HAJIPUR-SUGAULI VIA VAISHALI (NL),",Ministry of Road Transport & Highways,Transport & Logistics,Multi-State,ECR,2066.78,2003-04-01,2014-12-01,severely_delayed,LEGACY_COMPOSITE_HASH,0.8
P_LEGACY_774031A6CC86,LEG_774031A6CC86,LALITPUR-SATNA-REWA-,Ministry of Road Transport & Highways,Transport & Logistics,GOA,WCR,8913.94,1998-09-01,2027-03-01,healthy,LEGACY_COMPOSITE_HASH,0.8
P_LEGACY_7DA518E3DF1C,LEG_7DA518E3DF1C,JIRIBAM TO IMPHAL,Ministry of Road Transport & Highways,Transport & Logistics,GOA,TUPUI)(NL)(NEFR,14322.79,2003-04-01,2026-12-01,severely_delayed,LEGACY_COMPOSITE_HASH,0.8
P_LEGACY_7EE1A016A3E5,LEG_7EE1A016A3E5,GEVRA EXPANSION OCP (SECL) (35-70) MTY,Ministry of Coal,Others,ANDAMAN AND,SECL,11816.4,2010-06-01,2023-03-01,severely_delayed,LEGACY_COMPOSITE_HASH,0.8
P_LEGACY_854AC9F012E5,LEG_854AC9F012E5,TARAKESWAR - BISHNUPUR,Ministry of Road Transport & Highways,Transport & Logistics,GOA,ER,1188.91,2000-04-01,2019-03-01,severely_delayed,LEGACY_COMPOSITE_HASH,0.8
P_LEGACY_856BCB38C715,LEG_856BCB38C715,TARAKESWAR - BISHNUPUR NEW BG,Ministry of Road Transport & Highways,Transport & Logistics,LADAKH,ER,1188.91,2000-04-01,2019-03-01,severely_delayed,LEGACY_COMPOSITE_HASH,0.8
P_LEGACY_8C6D63CFB25F,LEG_8C6D63CFB25F,GEVRA EXPANSION OCP (SECL) (35-70),Ministry of Coal,Others,Multi-State,SECL,11816.4,2010-06-01,2023-03-01,severely_delayed,LEGACY_COMPOSITE_HASH,0.8
P_LEGACY_9163373EB892,LEG_9163373EB892,SUBANSIRI LOWER H.E.P (8X250,Ministry of Power,Energy,ANDAMAN AND,NHPC,6285.33,2003-09-01,2010-09-01,severely_delayed,LEGACY_COMPOSITE_HASH,0.8
P_LEGACY_916A1CAC7282,LEG_916A1CAC7282,"KODERMA-TILAIYA (NL), ECR",Ministry of Road Transport & Highways,Transport & Logistics,GOA,ECR,1625.87,2002-04-01,2023-03-01,severely_delayed,LEGACY_COMPOSITE_HASH,0.8
P_LEGACY_975BAC0BFD1F,LEG_975BAC0BFD1F,HAJIPUR-SUGAULI VIA VAISHALI,Ministry of Road Transport & Highways,Transport & Logistics,ANDAMAN AND,ECR,2066.78,2003-04-01,2014-12-01,severely_delayed,LEGACY_COMPOSITE_HASH,0.8
P_LEGACY_A0474503A52B,LEG_A0474503A52B,"LALITPUR-SATNA-REWA-SINGRULI NL,",Ministry of Road Transport & Highways,Transport & Logistics,LADAKH,NCR,8913.94,1998-09-01,2027-03-01,healthy,LEGACY_COMPOSITE_HASH,0.8
P_LEGACY_A0A9D8BE7383,LEG_A0A9D8BE7383,BARH STPP(3X660MW) NTPC,Ministry of Power,Energy,ANDAMAN AND,NTPC,8692.97,2005-02-01,2011-10-01,severely_delayed,LEGACY_COMPOSITE_HASH,0.8
P_LEGACY_A3DE6220DCD3,LEG_A3DE6220DCD3,TARAKESWAR - BISHNUPUR NEW BG LINE,Ministry of Railways,Transport & Logistics,LADAKH,ER,1188.91,2000-04-01,2019-03-01,severely_delayed,LEGACY_COMPOSITE_HASH,0.8
P_LEGACY_BA2EA71A5544,LEG_BA2EA71A5544,AHMEDNAGAR-PARLI VAIJNATH(NL) CR,Ministry of Road Transport & Highways,Transport & Logistics,LADAKH,CR,2539.0,1997-02-01,2026-03-01,cost_escalating,LEGACY_COMPOSITE_HASH,0.8
P_LEGACY_BF9E70DFD642,LEG_BF9E70DFD642,KHURDA ROAD-,Ministry of Road Transport & Highways,Transport & Logistics,GOA,ECOR,3550.0,1994-04-01,2026-12-01,healthy,LEGACY_COMPOSITE_HASH,0.8
P_LEGACY_CD8071815639,LEG_CD8071815639,UDHAMPUR-SRINAGAR-,Ministry of Road Transport & Highways,Transport & Logistics,GOA,NR,37012.0,1995-03-01,2024-08-01,healthy,LEGACY_COMPOSITE_HASH,0.8
P_LEGACY_D1364FED30AC,LEG_D1364FED30AC,TALCHER-BIMALAGARH(NL)(ECOR),Ministry of Road Transport & Highways,Transport & Logistics,LADAKH,ECOR,1928.1,2005-04-01,2025-03-01,severely_delayed,LEGACY_COMPOSITE_HASH,0.8
P_LEGACY_DD98D95A2D70,LEG_DD98D95A2D70,SUBANSIRI LOWER H.E.P (8X250 MW),Ministry of Power,Energy,ANDAMAN AND,NHPC,6285.33,2003-09-01,2010-09-01,severely_delayed,LEGACY_COMPOSITE_HASH,0.8
P_LEGACY_DF16DDE7211A,LEG_DF16DDE7211A,"RAMGANJMUNDI-BHOPAL (NL),WCR",Ministry of Road Transport & Highways,Transport & Logistics,LADAKH,WCR,3032.0,2001-04-01,2025-12-01,healthy,LEGACY_COMPOSITE_HASH,0.8
P_LEGACY_DF5146576B99,LEG_DF5146576B99,PARBATI HEP (4X200 MW),Ministry of Power,Energy,GOA,NHPC,3919.59,2002-09-01,2009-09-01,severely_delayed,LEGACY_COMPOSITE_HASH,0.8
P_LEGACY_E3914A454372,LEG_E3914A454372,"NANGALDAM-TALWARA(NL),NR",Ministry of Road Transport & Highways,Transport & Logistics,LADAKH,NR,2018.0,1981-03-01,2025-12-01,severely_delayed,LEGACY_COMPOSITE_HASH,0.8
P_LEGACY_F5D58AB0B275,LEG_F5D58AB0B275,AHMEDNAGAR-PARLI,Ministry of Road Transport & Highways,Transport & Logistics,GOA,CR,2539.0,1997-02-01,2026-03-01,cost_escalating,LEGACY_COMPOSITE_HASH,0.8
P_NUM_108841,108841,"Amended BharatNet Program - KTK, GOA, PY",Ministry of Telecommunications,Communication,PAN India,Department of Telecommunications,3742.0,2023-08-01,2028-06-01,deteriorating,EXACT_NUMERIC_CODE,1.0
P_NUM_124199,124199,Amended BharatNet Program - HR,Ministry of Telecommunications,Communication,PAN India,Department of Telecommunications,837.0,2023-08-01,2029-03-01,deteriorating,EXACT_NUMERIC_CODE,1.0
P_NUM_171218,171218,Amended BharatNet Program - PB,Ministry of Telecommunications,Communication,PAN India,Department of Telecommunications,1245.0,2023-08-01,2028-02-01,deteriorating,EXACT_NUMERIC_CODE,1.0
P_NUM_175860,175860,"Amended BharatNet Program - MP, DD and DNH",Ministry of Telecommunications,Communication,PAN India,Department of Telecommunications,4943.0,2023-06-01,2028-05-01,deteriorating,EXACT_NUMERIC_CODE,1.0
P_NUM_210914,210914,Amended BharatNet Program - WB & ANI,Ministry of Telecommunications,Communication,PAN India,Department of Telecommunications,1674.0,2023-08-01,2028-02-01,deteriorating,EXACT_NUMERIC_CODE,1.0
P_NUM_222253,222253,Amended BharatNet Program - UP (East),Ministry of Telecommunications,Communication,Uttar Pradesh,Department of Telecommunications,5008.0,2023-08-01,2028-02-01,deteriorating,EXACT_NUMERIC_CODE,1.0
P_NUM_240484,240484,Amended BharatNet Program - AS,Ministry of Telecommunications,Communication,PAN India,Department of Telecommunications,832.0,2023-08-01,2029-03-01,deteriorating,EXACT_NUMERIC_CODE,1.0
P_NUM_245986,245986,Jaipur Metro Rail Project Phase 2 (Prahladpura to Todi Mod),Ministry of Housing & Urban Affairs,Transport & Logistics,Rajasthan,Jaipur Metro Rail Corporation,13037.66,2026-04-01,2031-10-01,deteriorating,EXACT_NUMERIC_CODE,1.0
P_NUM_298178,298178,"Meja Thermal Power Project, Stage-II , (3x800 MW)",Ministry of Power,Energy,Uttar Pradesh,National Thermal Power Corporation [NTPC],38358.0,2026-06-01,2032-12-01,deteriorating,EXACT_NUMERIC_CODE,1.0
P_NUM_317725,317725,Amended BharatNet Program - OD,Ministry of Telecommunications,Communication,PAN India,Department of Telecommunications,1713.0,2023-08-01,2029-07-01,deteriorating,EXACT_NUMERIC_CODE,1.0
P_NUM_364934,364934,Stamp Charge Battery No.12 By-product Plant at IISCO Steel Plant,Ministry of Steel,Others,West Bengal,Steel Authority of India Limited (SAIL,999.46,2025-01-01,2028-07-01,deteriorating,EXACT_NUMERIC_CODE,1.0
P_NUM_400005,400005,Transmission Network Expansion in Gujarat to increase its ATC from ISTS Part B,Ministry of Power,Energy,"Multi-States, (Dadra & Nagar, Haveli and Daman, & Diu, Gujarat,, Maharashtra)",Power Grid Corporation of India Limited [POWERGRID],4546.26,2022-01-01,2023-06-01,severely_delayed,EXACT_NUMERIC_CODE,1.0
P_NUM_400006,400006,Jharsuguda-Barpali-Sardega Ph II Works- Rail Connectivity for Coal Loading Bulb at,Ministry of Railways,Transport & Logistics,Odisha,South Eastern Railway [SER] - I,808.99,2021-10-01,2025-10-01,severely_delayed,EXACT_NUMERIC_CODE,1.0
P_NUM_400010,400010,"Construction of Terminal Building & Associated works at Leh Airport, Ladakh",Ministry of Civil Aviation,Transport & Logistics,Ladakh,Airport Authority of India [AAI],480.0,2018-07-01,2021-09-01,severely_delayed,EXACT_NUMERIC_CODE,1.0
P_NUM_400012,400012,Kandla Gorakhpur LPG Pipeline,Ministry of Petroleum & Natural Gas,Energy,Uttar Pradesh,Indian Oil Corporation Limited [IOCL],10088.0,2018-12-01,2021-12-01,severely_delayed,EXACT_NUMERIC_CODE,1.0
P_NUM_400013,400013,Saturation 4G mobile coverage of Uncovered Villages through USOF,Ministry of Telecommunications,Communication,PAN India,Department of Telecommunications [DoT],26316.0,2022-07-01,2024-06-01,severely_delayed,EXACT_NUMERIC_CODE,1.0
P_NUM_400018,400018,HURA C OCP,Ministry of Coal,Others,Jharkhand,Eastern Coal Fields Limited [ECL],859.41,2022-08-01,2029-03-01,healthy,EXACT_NUMERIC_CODE,1.0
P_NUM_400019,400019,DHULE [BORVIHIR] - NARDANA NEW LINE [50.60 KMS],Ministry of Railways,Transport & Logistics,Maharashtra,Central Railway,492.76,2019-01-01,2026-12-01,severely_delayed,EXACT_NUMERIC_CODE,1.0
P_NUM_400022,400022,Taranga Hill-Abu Road via Ambaji 116.65 km,Ministry of Railways,Transport & Logistics,"Multi-States, (Gujarat,, Rajasthan)",CAOC/NWR NWR mor,2798.0,2022-07-01,2030-07-01,healthy,EXACT_NUMERIC_CODE,1.0
P_NUM_400023,400023,Construction of New BG line between Hassan to Belur [27 Km],Ministry of Railways,Transport & Logistics,Karnataka,South Western Railway [SWR] - II,749.0,2019-03-01,2028-04-01,severely_delayed,EXACT_NUMERIC_CODE,1.0
P_NUM_400033,400033,BHATADI EXPANSION OC,Ministry of Coal,Others,Maharashtra,WCL - CIL,580.61,2020-02-01,2028-03-01,healthy,EXACT_NUMERIC_CODE,1.0
P_NUM_400035,400035,"Grass Root Rail-fed Depot at Sekerkote, Agartala as resitement of existing",Ministry of Petroleum & Natural Gas,Energy,Tripura,Indian Oil Corporation Limited [IOCL],656.0,2022-06-01,2025-09-01,severely_delayed,EXACT_NUMERIC_CODE,1.0
P_NUM_400043,400043,Laying of POL Pipelines in Common Corridor for proposed grass root terminal at,Ministry of Petroleum & Natural Gas,Energy,Tamil Nadu,MinistryofPetroleumNaturalGas,829.0,2022-01-01,2026-05-01,severely_delayed,EXACT_NUMERIC_CODE,1.0
P_NUM_400045,400045,Proposed 6 nos Road Over Bridge [ROB] at different locations under MCL Talcher,Ministry of Railways,Transport & Logistics,Odisha,East Coast Railway [ECoR] - II,168.32,2022-08-01,2025-03-01,healthy,EXACT_NUMERIC_CODE,1.0
P_NUM_400047,400047,Doubling of Lingaraj SILO connectivity of NTPC line and augmentation of NTPC,Ministry of Railways,Transport & Logistics,Odisha,East Coast Railway [ECoR] - II,210.0,2022-08-01,2024-12-01,severely_delayed,EXACT_NUMERIC_CODE,1.0
P_NUM_400048,400048,Doubling of lines connecting the loading spurs in Talcher Yard.,Ministry of Railways,Transport & Logistics,Odisha,East Coast Railway [ECoR] - II,186.21,2022-09-01,2024-12-01,severely_delayed,EXACT_NUMERIC_CODE,1.0
P_NUM_400062,400062,"Raghunathpur Thermal Power Station Phase II [2X660 MW] at Raghunathpur, Purulia,",Ministry of Power,Energy,West Bengal,Damodar Valley Corporation,17673.0,2023-01-01,2029-08-01,deteriorating,EXACT_NUMERIC_CODE,1.0
P_NUM_400065,400065,Installation of 4th Slab Caster along with its Auxiliaries and a New Ladle Furnace in,Ministry of Steel,Others,Odisha,Steel Authority of India Limited [SAIL],1105.23,2022-01-01,2025-05-01,healthy,EXACT_NUMERIC_CODE,1.0
P_NUM_400073,400073,KONAR EXPANSION OCP,Ministry of Coal,Others,Jharkhand,CCL - CIL,674.65,2022-01-01,2032-03-01,healthy,EXACT_NUMERIC_CODE,1.0
P_NUM_400074,400074,KARO EXPANSION OCP,Ministry of Coal,Others,Jharkhand,CCL - CIL,849.31,2022-01-01,2029-03-01,deteriorating,EXACT_NUMERIC_CODE,1.0
P_NUM_400077,400077,"Grass root POL Terminal at Vallur, Chennai",Ministry of Petroleum & Natural Gas,Energy,Tamil Nadu,Indian Oil Corporation Limited [IOCL],827.0,2022-01-01,2024-12-01,severely_delayed,EXACT_NUMERIC_CODE,1.0
P_NUM_400078,400078,New Mundra Panipat Crude Oil Pipeline,Ministry of Petroleum & Natural Gas,Energy,"Multi-States, (Gujarat, Haryana,, Rajasthan)",Ministry of Petroleum & Natural Gas,9028.0,2021-12-01,2024-12-01,severely_delayed,EXACT_NUMERIC_CODE,1.0
P_NUM_400081,400081,"National Sports University [NSU], Imphal [Manipur]",Ministry of Youth Affairs & Sports,Social & Commercial,Manipur,Department of Sports & Youth Affairs,906.47,2022-06-01,2024-08-01,severely_delayed,EXACT_NUMERIC_CODE,1.0
P_NUM_400087,400087,Redevelopment of Sobhasan Complex,Ministry of Petroleum & Natural Gas,Energy,Gujarat,Oil and Natural Gas Corporation Limited [ONGC],885.63,2021-08-01,2027-03-01,cost_escalating,EXACT_NUMERIC_CODE,1.0
P_NUM_400093,400093,Saryu Nahar CADWM Project,Ministry of Water Resources,Water & Sanitation,Uttar Pradesh,Irrigation & Water Resources-UP,1672.7,2017-04-01,2019-12-01,severely_delayed,EXACT_NUMERIC_CODE,1.0
P_NUM_400094,400094,J. ChokhaRao LIS CADWM Project,Ministry of Water Resources,Water & Sanitation,Telangana,Irrigation and CAD-TG,759.94,2016-04-01,2019-12-01,severely_delayed,EXACT_NUMERIC_CODE,1.0
P_NUM_400095,400095,Gosikhurd CADWM Project,Ministry of Water Resources,Water & Sanitation,Maharashtra,Department of water resources-MH - II,743.73,2017-04-01,2019-12-01,severely_delayed,EXACT_NUMERIC_CODE,1.0
P_NUM_400096,400096,Omkareshwar CADWM Project,Ministry of Water Resources,Water & Sanitation,Madhya Pradesh,Water resource-mp,648.09,2017-04-01,2019-12-01,severely_delayed,EXACT_NUMERIC_CODE,1.0
P_NUM_400097,400097,Sardar Sarovar CADWM Project,Ministry of Water Resources,Water & Sanitation,Gujarat,"Narmada and Water Resources, Water Supply and Kalpsar Department-GJ",5021.76,2017-04-01,2019-12-01,severely_delayed,EXACT_NUMERIC_CODE,1.0
P_NUM_400100,400100,Sardar Gouthu Latchanna Thotapalli Barrage Project,Ministry of Water Resources,Water & Sanitation,Andhra Pradesh,Water Resources-AP,353.05,2005-04-01,2019-12-01,severely_delayed,EXACT_NUMERIC_CODE,1.0
P_NUM_400101,400101,Gundlakamma project,Ministry of Water Resources,Water & Sanitation,Andhra Pradesh,Water Resources-AP,397.41,2005-04-01,2019-12-01,severely_delayed,EXACT_NUMERIC_CODE,1.0
P_NUM_400102,400102,Sri Ram Sagar Project Stage - II,Ministry of Water Resources,Water & Sanitation,Telangana,Irrigation and CAD-TG,736.13,1996-04-01,2019-12-01,severely_delayed,EXACT_NUMERIC_CODE,1.0
P_NUM_400103,400103,Indiramma Flood Flow Canal Project,Ministry of Water Resources,Water & Sanitation,Telangana,Irrigation and CAD-TG,1331.3,1996-04-01,2019-12-01,severely_delayed,EXACT_NUMERIC_CODE,1.0
P_NUM_400104,400104,Punpun Barrage Project,Ministry of Water Resources,Water & Sanitation,Bihar,Water Resources-BR,571.07,2007-04-01,2019-12-01,severely_delayed,EXACT_NUMERIC_CODE,1.0
P_NUM_400105,400105,Urmodi Irrigation Project,Ministry of Water Resources,Water & Sanitation,Maharashtra,Department of water resources-MH - II,580.79,2017-04-01,2022-06-01,severely_delayed,EXACT_NUMERIC_CODE,1.0
P_NUM_400107,400107,Sulwade-Jamphal-Kanoli Lift Irrigation Scheme,Ministry of Water Resources,Water & Sanitation,Maharashtra,Department of water resources-MH - II,2407.67,2017-04-01,2023-06-01,severely_delayed,EXACT_NUMERIC_CODE,1.0
P_NUM_400109,400109,Purna Barrage-2 [Ner Dhamana] Medium Irrigation Project,Ministry of Water Resources,Water & Sanitation,Maharashtra,Department of water resources-MH - II,848.07,2017-04-01,2020-06-01,severely_delayed,EXACT_NUMERIC_CODE,1.0
P_NUM_400111,400111,Kelo Irrigation Project,Ministry of Water Resources,Water & Sanitation,Chhattisgarh,Water Resources-CT,459.97,2008-04-01,2019-12-01,severely_delayed,EXACT_NUMERIC_CODE,1.0
P_NUM_400112,400112,Jigaon Irrigation Project,Ministry of Water Resources,Water & Sanitation,Maharashtra,Department of water resources-MH - II,7222.95,2017-04-01,2028-06-01,healthy,EXACT_NUMERIC_CODE,1.0
P_NUM_400115,400115,Bargi Diversion Project Phase - IV [km. 154 to km 197],Ministry of Water Resources,Water & Sanitation,Madhya Pradesh,Water Resources-MP,751.03,2008-04-01,2019-12-01,severely_delayed,EXACT_NUMERIC_CODE,1.0
P_NUM_400116,400116,Bargi Diversion Project Phase - III [km. 104 to km 154],Ministry of Water Resources,Water & Sanitation,Madhya Pradesh,Water Resources-MP,1229.15,2007-04-01,2019-12-01,severely_delayed,EXACT_NUMERIC_CODE,1.0
P_NUM_400117,400117,Arjun Sahayak Project,Ministry of Water Resources,Water & Sanitation,Uttar Pradesh,Irrigation & Water Resources-UP,741.38,2009-04-01,2019-12-01,cost_escalating,EXACT_NUMERIC_CODE,1.0
P_NUM_400119,400119,Life Extension of 48 well platforms of Mumbai High & Heera Fields,Ministry of Petroleum & Natural Gas,Energy,Offshore,Oil and Natural Gas Corporation Limited [ONGC],3190.69,2015-12-01,2018-04-01,severely_delayed,EXACT_NUMERIC_CODE,1.0
P_NUM_400120,400120,KG-DWN-98/2 Cluster - II Development Project - NELP Block,Ministry of Petroleum & Natural Gas,Energy,Andhra Pradesh,Oil and Natural Gas Corporation Limited [ONGC],34012.0,2016-03-01,2020-06-01,severely_delayed,EXACT_NUMERIC_CODE,1.0
P_NUM_400121,400121,Construction of Screening Plant-II for Donimalai and Kumaraswamy Iron Ore Mining,Ministry of Mines,Others,Karnataka,National Mineral Development Corporation Limited [NMDC],1043.63,2014-11-01,2026-08-01,healthy,EXACT_NUMERIC_CODE,1.0
P_NUM_400136,400136,SANGHMITRA OC,Ministry of Coal,Others,Jharkhand,CCL - CIL,2660.0,2024-03-01,2032-03-01,deteriorating,EXACT_NUMERIC_CODE,1.0
P_NUM_400138,400138,CHANDRAGUPT OCP,Ministry of Coal,Others,Jharkhand,CCL - CIL,973.5,2020-08-01,2032-03-01,deteriorating,EXACT_NUMERIC_CODE,1.0
P_NUM_400139,400139,KOTRE BASANTPUR PACHMO OCP,Ministry of Coal,Others,Jharkhand,Ministry of Coal,625.4,2020-08-01,2032-03-01,healthy,EXACT_NUMERIC_CODE,1.0
P_NUM_400141,400141,Expansion of Alumina Refinery Plant with addition of 5th Stream having capacity,Ministry of Mines,Others,Odisha,National Aluminium Company Limited [NALCO],4103.0,2017-04-01,2022-12-01,severely_delayed,EXACT_NUMERIC_CODE,1.0
P_NUM_400142,400142,Pachwara South Coal Block,Ministry of Power,Energy,Jharkhand,NLC India Limited,2242.9,2016-03-01,2028-09-01,healthy,EXACT_NUMERIC_CODE,1.0
P_NUM_400144,400144,PORDA CHIMTAPANI OCP [10 MTY],Ministry of Coal,Others,Chhattisgarh,SECL - CIL,2310.12,2020-12-01,2029-03-01,deteriorating,EXACT_NUMERIC_CODE,1.0
P_NUM_400145,400145,CHHAL OC SEAM III [6 MTY],Ministry of Coal,Others,Chhattisgarh,South Eastern Coalfields Limited [SECL],610.63,2013-12-01,2022-03-01,severely_delayed,EXACT_NUMERIC_CODE,1.0
P_NUM_400147,400147,KUSMUNDA OC EXPANSION [15 TO 50 MTY],Ministry of Coal,Others,Chhattisgarh,South Eastern Coalfields Limited [SECL],7612.33,2013-08-01,2023-03-01,severely_delayed,EXACT_NUMERIC_CODE,1.0
P_NUM_400148,400148,AMADAND OCP[4.0MTY],Ministry of Coal,Others,Madhya Pradesh,SECL - CIL,869.44,2016-03-01,2021-03-01,severely_delayed,EXACT_NUMERIC_CODE,1.0
P_NUM_400149,400149,BAROUD OC EXPANSION [3.0-10.0M,Ministry of Coal,Others,Chhattisgarh,SECL - CIL,2309.8,2020-08-01,2029-03-01,healthy,EXACT_NUMERIC_CODE,1.0
P_NUM_400150,400150,RPR MAGADH EXP OCP,Ministry of Coal,Others,Jharkhand,Ministry of Coal,6964.33,2020-08-01,2028-03-01,healthy,EXACT_NUMERIC_CODE,1.0
P_NUM_400151,400151,NORTH URIMARI EXPANSION OCP,Ministry of Coal,Others,Jharkhand,Ministry of Coal,634.3,2021-07-01,2029-03-01,healthy,EXACT_NUMERIC_CODE,1.0
P_NUM_400152,400152,RAMPUR BATURA OCP [4.0MTY],Ministry of Coal,Others,Madhya Pradesh,South Eastern Coalfields Limited [SECL],1248.93,2019-07-01,2026-03-01,healthy,EXACT_NUMERIC_CODE,1.0
P_NUM_400153,400153,EPR ROHINI - KARKETTA OCP,Ministry of Coal,Others,Jharkhand,Ministry of Coal,995.57,2021-01-01,2028-03-01,deteriorating,EXACT_NUMERIC_CODE,1.0
P_NUM_400154,400154,EPR PUNDI OCP,Ministry of Coal,Others,Jharkhand,Ministry of Coal,639.6,2020-11-01,2027-03-01,deteriorating,EXACT_NUMERIC_CODE,1.0
P_NUM_400155,400155,EPR ASHOK OC,Ministry of Coal,Others,Jharkhand,Ministry of Coal,2821.07,2021-05-01,2031-03-01,deteriorating,EXACT_NUMERIC_CODE,1.0
P_NUM_400156,400156,EPR AMRAPALI OCP,Ministry of Coal,Others,Jharkhand,CCL - CIL,4983.57,2020-02-01,2028-03-01,healthy,EXACT_NUMERIC_CODE,1.0
P_NUM_400158,400158,Debottlenecking and Augmentation of Cryogenic facilities at Uran LPG Import,Ministry of Water Resources,Water & Sanitation,Maharashtra,"Department of Water Resources, River Development & GR",1164.69,2021-04-01,2024-02-01,severely_delayed,EXACT_NUMERIC_CODE,1.0
P_NUM_400160,400160,RAJRAPPA RCE OCP,Ministry of Coal,Others,Jharkhand,CCL - CIL,510.85,2009-12-01,2016-03-01,severely_delayed,EXACT_NUMERIC_CODE,1.0
P_NUM_400161,400161,"PP Project, Pata",Ministry of Petroleum & Natural Gas,Energy,Uttar Pradesh,Gas Authority of India Limited [GAIL],910.56,2019-03-01,2024-01-01,severely_delayed,EXACT_NUMERIC_CODE,1.0
P_NUM_400162,400162,BLOCK B EXPANSION [3.5 TO 8.0,Ministry of Coal,Others,Madhya Pradesh,NCL - CIL,998.71,2019-07-01,2023-03-01,severely_delayed,EXACT_NUMERIC_CODE,1.0
P_NUM_400165,400165,SUBHADRA OCP,Ministry of Coal,Others,Odisha,MCL - CIL,1693.81,2021-05-01,2032-04-01,healthy,EXACT_NUMERIC_CODE,1.0
P_NUM_400166,400166,SIARMAL OCP,Ministry of Coal,Others,Odisha,Mahanadi Coalfields Limited [MCL],5194.95,2021-02-01,2029-03-01,healthy,EXACT_NUMERIC_CODE,1.0
P_NUM_400167,400167,Redevelopment of Santhal Field [Onshore-Mehsana Asset],Ministry of Petroleum & Natural Gas,Energy,Gujarat,Oil and Natural Gas Corporation Limited [ONGC],1162.56,2017-02-01,2026-03-01,severely_delayed,EXACT_NUMERIC_CODE,1.0
P_NUM_400168,400168,"500 KTA PDHPP Project, Usar",Ministry of Petroleum & Natural Gas,Energy,Maharashtra,Gas Authority of India Limited [GAIL],8797.0,2021-04-01,2025-04-01,severely_delayed,EXACT_NUMERIC_CODE,1.0
P_NUM_400169,400169,Redevelopment of Linch Field,Ministry of Petroleum & Natural Gas,Energy,Gujarat,Oil and Natural Gas Corporation Limited [ONGC],631.03,2021-04-01,2025-03-01,severely_delayed,EXACT_NUMERIC_CODE,1.0
P_NUM_400171,400171,2G Ethanol Biorefinery at Bathinda,Ministry of Petroleum & Natural Gas,Energy,Punjab,Hindustan Petroleum Corporation Limited,1421.46,2020-05-01,2023-02-01,severely_delayed,EXACT_NUMERIC_CODE,1.0
P_NUM_400172,400172,CHITRA EAST OC,Ministry of Coal,Others,Jharkhand,ECL - CIL,513.99,2018-08-01,2026-03-01,severely_delayed,EXACT_NUMERIC_CODE,1.0
P_NUM_400173,400173,MOHANPUR EXPANSION OC -PHASE I,Ministry of Coal,Others,West Bengal,Eastern Coal Fields Limited [ECL],888.99,2020-11-01,2026-03-01,severely_delayed,EXACT_NUMERIC_CODE,1.0
P_NUM_400174,400174,"New Sinter Plant at BSL, SAIL",Ministry of Steel,Others,Jharkhand,Steel Authority of India Limited [SAIL],1034.01,2015-03-01,2027-10-01,cost_escalating,EXACT_NUMERIC_CODE,1.0
P_NUM_400177,400177,AMALGAMATED YEKONA I & YEKONA,Ministry of Coal,Others,Maharashtra,WCL - CIL,727.28,2015-08-01,2025-03-01,severely_delayed,EXACT_NUMERIC_CODE,1.0
P_NUM_400178,400178,DINESH[MAKARDHOKRA-III] OC,Ministry of Coal,Others,Maharashtra,WCL - CIL,822.88,2020-02-01,2027-03-01,healthy,EXACT_NUMERIC_CODE,1.0
P_NUM_400179,400179,BHUBANESWARI EXPANSION OCP,Ministry of Coal,Others,Odisha,Mahanadi Coalfields Limited (MCL,3145.45,2023-01-01,2031-03-01,cost_escalating,EXACT_NUMERIC_CODE,1.0
P_NUM_400180,400180,BONJEMEHARI EXPANSION OCP,Ministry of Coal,Others,West Bengal,Eastern Coal Fields Limited [ECL],570.11,2021-08-01,2026-03-01,severely_delayed,EXACT_NUMERIC_CODE,1.0
P_NUM_400181,400181,NAKRAKONDA KUMARDIH- B OCP,Ministry of Coal,Others,West Bengal,ECL - CIL,502.68,2018-08-01,2029-03-01,deteriorating,EXACT_NUMERIC_CODE,1.0
P_NUM_400182,400182,SIDULI [OC & UG],Ministry of Coal,Others,West Bengal,ECL - CIL,535.18,2018-05-01,2027-03-01,severely_delayed,EXACT_NUMERIC_CODE,1.0
P_NUM_400183,400183,BALARAM EXPANSION OCP,Ministry of Coal,Others,Odisha,Mahanadi Coalfields Limited [MCL],3504.21,2020-08-01,2029-03-01,healthy,EXACT_NUMERIC_CODE,1.0
P_NUM_400185,400185,GOPALJI KANIHA OCP [10 TO 30 M,Ministry of Coal,Others,Odisha,MCL - CIL,8416.19,2022-04-01,2030-03-01,healthy,EXACT_NUMERIC_CODE,1.0
P_NUM_400186,400186,TILABONI UG,Ministry of Coal,Others,West Bengal,ECL - CIL,749.08,2023-01-01,2029-03-01,deteriorating,EXACT_NUMERIC_CODE,1.0
P_NUM_400187,400187,INTEGRATED LAKHANPUR-BELPAHAR-,Ministry of Coal,Others,Odisha,MCL - CIL,2434.75,2018-05-01,2027-03-01,healthy,EXACT_NUMERIC_CODE,1.0
P_NUM_400188,400188,Redevelopment of Seven General Pool Residential Accommodation [GPRA] Colonies,Ministry of Housing & Urban Affairs,Social & Commercial,Delhi,National Buildings Construction Corporation [NBCC],32850.0,2016-07-01,2025-12-01,healthy,EXACT_NUMERIC_CODE,1.0
P_NUM_400192,400192,Tubed Coal Mine,Ministry of Power,Energy,Jharkhand,Damodar Valley Corporation,1581.0,2016-07-01,2026-05-01,severely_delayed,EXACT_NUMERIC_CODE,1.0
P_NUM_400203,400203,Dharamjaigarh-Korba,Ministry of Railways,Transport & Logistics,Chhattisgarh,Railway,1686.22,2018-05-01,2026-12-01,cost_escalating,EXACT_NUMERIC_CODE,1.0
P_NUM_400204,400204,"Bahraich - Khalilabad via Bhinga, Shravasti, Balrampur, Utraula, Domriyaganj,",Ministry of Railways,Transport & Logistics,Uttar Pradesh,CAOC/NER NER mor,4939.78,2018-10-01,2030-10-01,deteriorating,EXACT_NUMERIC_CODE,1.0
P_NUM_400205,400205,Sahjanwa - Dohrighat 81.17 km,Ministry of Railways,Transport & Logistics,Uttar Pradesh,CAOC/NER NER mor,1319.75,2019-08-01,2029-03-01,deteriorating,EXACT_NUMERIC_CODE,1.0
P_NUM_400220,400220,Kharsia-Dharamjaygarh with Spur line [East Corridor-Phase 1],Ministry of Railways,Transport & Logistics,Chhattisgarh,Indian Railway Construction International Limited [IRCON],3055.0,2016-03-01,2018-09-01,severely_delayed,EXACT_NUMERIC_CODE,1.0
P_NUM_400223,400223,Tiruchchirappalli-Nagore-Karaikal with extension of Nagapattinam-Velankani-,Ministry of Railways,Transport & Logistics,"Multi-States, (Puducherry, Tamil, Nadu)",CAOC/SR SR mor,713.0,1995-11-01,2025-03-01,severely_delayed,EXACT_NUMERIC_CODE,1.0
P_NUM_400231,400231,NLC Talabira Thermal Power Project,Ministry of Power,Energy,Odisha,NLC India Limited,27212.96,2017-01-01,2030-03-01,deteriorating,EXACT_NUMERIC_CODE,1.0
P_NUM_400232,400232,Brundamal - Jharsuguda - Fly-over connection for joining down line 6.6 km,Ministry of Railways,Transport & Logistics,Odisha,CAO/C/ECOR ECoR mor,297.0,2014-01-01,2026-12-01,healthy,EXACT_NUMERIC_CODE,1.0
P_NUM_400234,400234,Third Railway Line between Patratu-Sonnagar [291 kms],Ministry of Railways,Transport & Logistics,"Multi-States, (Bihar, Jharkhand)",RVNL - II,8975.0,2016-11-01,2026-03-01,severely_delayed,EXACT_NUMERIC_CODE,1.0
P_NUM_400235,400235,"Setting up a common user Petroleum Terminal at Jammu, J&K for resitement of",Ministry of Petroleum & Natural Gas,Energy,"Jammu and, Kashmir",Bharat Petroleum Corporation Limited [BPCL],676.89,2023-04-01,2025-03-01,severely_delayed,EXACT_NUMERIC_CODE,1.0
P_NUM_400247,400247,"Kalinarayanpur-Krishnanagar with Krishnanagar-Shantipur-Nabadwipghat - GC,",Ministry of Railways,Transport & Logistics,West Bengal,CAOC/ER ER mor,1000.0,2015-07-01,2027-02-01,severely_delayed,EXACT_NUMERIC_CODE,1.0
P_NUM_400253,400253,Vizianagaram - Titlagarh 3rd line [272 Km including By - pass line of 7.68 KM],Ministry of Railways,Transport & Logistics,"Multi-States, (Andhra Pradesh,, Odisha)",RVNL - II,4803.0,2016-06-01,2025-12-01,severely_delayed,EXACT_NUMERIC_CODE,1.0
P_NUM_400254,400254,Sakri-Hasanpur 79 km,Ministry of Railways,Transport & Logistics,Bihar,CAO/Con/North/MHX ECR mor,735.2,2023-12-01,2024-12-01,severely_delayed,EXACT_NUMERIC_CODE,1.0
P_NUM_400259,400259,Ghatampur Thermal Power Plant 3 X 660 MW,Ministry of Power,Energy,Uttar Pradesh,NLC India Limited [NLCIL],17237.8,2016-07-01,2020-11-01,severely_delayed,EXACT_NUMERIC_CODE,1.0
P_NUM_400261,400261,Patratu Thermal Power Station Expansion Project Phase-I [3x800 MW],Ministry of Power,Energy,Jharkhand,National Thermal Power Corporation [NTPC],18668.0,2017-11-01,2023-03-01,severely_delayed,EXACT_NUMERIC_CODE,1.0
P_NUM_400271,400271,Wardha-Nanded Via Yavatmal New BG Line,Ministry of Railways,Transport & Logistics,Maharashtra,Central Railway [CR] - II,3445.0,2017-12-01,2025-03-01,severely_delayed,EXACT_NUMERIC_CODE,1.0
P_NUM_400273,400273,"Tarakeswar-Bishnupur with extension upto Dhaniakhali, Arambagh-Irphala, Irphala-",Ministry of Railways,Transport & Logistics,West Bengal,CAOC/ER ER mor,1189.0,2001-03-01,2019-03-01,severely_delayed,EXACT_NUMERIC_CODE,1.0
P_NUM_400275,400275,Tindivanam-Nagari 179.2 km,Ministry of Railways,Transport & Logistics,"Multi-States, (Andhra Pradesh,, Tamil Nadu)",CAOC/SR SR mor,3631.0,2008-07-01,2016-09-01,severely_delayed,EXACT_NUMERIC_CODE,1.0
P_NUM_400277,400277,Dum Dum Airport-New Garia via Rajarhat-Construction of Metro Railway,Ministry of Civil Aviation,Transport & Logistics,West Bengal,RVNL - II,8964.0,2010-03-01,2025-12-01,severely_delayed,EXACT_NUMERIC_CODE,1.0
P_NUM_400280,400280,Phase II extension of MRTS from Velachery to St Thomas Mount,Ministry of Railways,Transport & Logistics,Tamil Nadu,Ministry of Railways,734.0,2007-11-01,2025-07-01,healthy,EXACT_NUMERIC_CODE,1.0
P_NUM_400291,400291,Kirandul-Jagdalpur 150 km,Ministry of Railways,Transport & Logistics,Chhattisgarh,CAO/C/ECOR ECoR mor,1589.0,2013-02-01,2020-03-01,severely_delayed,EXACT_NUMERIC_CODE,1.0
P_NUM_400298,400298,Nadikude-Srikalahasti 308.7 km,Ministry of Railways,Transport & Logistics,Andhra Pradesh,CAO/C/SCoR SCoR mor,2312.0,2012-03-01,2027-05-01,severely_delayed,EXACT_NUMERIC_CODE,1.0
P_NUM_400299,400299,Pottangi Bauxite Mines Project,Ministry of Mines,Others,Odisha,National Aluminium Company Limited [NALCO],1381.0,2018-05-01,2025-03-01,severely_delayed,EXACT_NUMERIC_CODE,1.0
P_NUM_400301,400301,Multi Product Pipeline from Irugur to Devangonthi,Ministry of Petroleum & Natural Gas,Energy,Tamil Nadu,MinistryofPetroleumNaturalGas,678.0,2012-11-01,2017-02-01,severely_delayed,EXACT_NUMERIC_CODE,1.0
P_NUM_400312,400312,JHANJRA EXPANSION UG,Ministry of Coal,Others,West Bengal,Eastern Coal Fields Limited [ECL],1210.12,2020-04-01,2029-03-01,healthy,EXACT_NUMERIC_CODE,1.0
P_NUM_400313,400313,Master Plan for Jharia and Raniganj Coalfields,Ministry of Coal,Others,"Multi-States, (Jharkhand, West, Bengal)",Bharat Coking Coal Limited [BCCL],2661.73,2009-08-01,2019-08-01,severely_delayed,EXACT_NUMERIC_CODE,1.0
P_NUM_400315,400315,SONEPUR BAZARI EXPANSION OCP [,Ministry of Coal,Others,West Bengal,Eastern Coal Fields Limited [ECL],5365.88,2021-07-01,2029-03-01,deteriorating,EXACT_NUMERIC_CODE,1.0
P_NUM_400321,400321,NIGAHI EXPANSION [15 TO 25 MTP,Ministry of Coal,Others,Madhya Pradesh,NCL - CIL,1729.68,2020-11-01,2025-03-01,severely_delayed,EXACT_NUMERIC_CODE,1.0
P_NUM_400352,400352,JHARKHAND-LAIYO OCP,Ministry of Coal,Others,Jharkhand,Ministry of Coal,654.87,2020-08-01,2031-03-01,healthy,EXACT_NUMERIC_CODE,1.0
P_NUM_400353,400353,DHUPTALA OC [SASTI UG TO OC ],Ministry of Coal,Others,Maharashtra,WCL - CIL,711.01,2019-02-01,2028-03-01,deteriorating,EXACT_NUMERIC_CODE,1.0
P_NUM_400354,400354,DIPKA EXPANSION OCP [40 MTY],Ministry of Coal,Others,Chhattisgarh,SECL - CIL,5241.4,2020-12-01,2029-03-01,healthy,EXACT_NUMERIC_CODE,1.0
P_NUM_400369,400369,BINA KAKRI AMALGAMATION EXPANS,Ministry of Coal,Others,"Multi-States, (Madhya Pradesh,, Uttar Pradesh)",NCL - CIL,836.42,2020-08-01,2024-03-01,severely_delayed,EXACT_NUMERIC_CODE,1.0
P_NUM_400382,400382,Rewas Port Project,Ministry of Road Transport & Highways,Transport & Logistics,Maharashtra,Reliance Industries Ltd,6000.0,2019-12-01,2023-03-01,healthy,EXACT_NUMERIC_CODE,1.0
P_NUM_400392,400392,BHARATPUR RE-ORGANIZATION OCP,Ministry of Coal,Others,Odisha,MCL - CIL,2838.86,2018-11-01,2029-03-01,healthy,EXACT_NUMERIC_CODE,1.0
P_NUM_400416,400416,Shivpur-Kathautia New Rail [BG] Line [49 km] [Package II of Tori-Shivpur-Kathautia,Ministry of Coal,Others,Jharkhand,Ministry of Coal,1799.64,2018-02-01,2025-06-01,severely_delayed,EXACT_NUMERIC_CODE,1.0
P_NUM_400424,400424,GEVRA OC [70 MTY],Ministry of Coal,Others,Chhattisgarh,SECL - CIL,11816.4,2016-03-01,2023-03-01,severely_delayed,EXACT_NUMERIC_CODE,1.0
P_NUM_400425,400425,MOONIDIH XV SEAM UG,Ministry of Coal,Others,Jharkhand,BCCL - CIL,1230.27,2011-08-01,2019-03-01,severely_delayed,EXACT_NUMERIC_CODE,1.0
P_NUM_400426,400426,Expansion of Malanjkhand Copper Project,Ministry of Mines,Others,Madhya Pradesh,Hindustan Copper Limited [HCL],1856.36,2011-09-01,2020-04-01,severely_delayed,EXACT_NUMERIC_CODE,1.0
P_NUM_400429,400429,Exhibition cum Convention Centre Dwarka [Phase I],Ministry of Road Transport & Highways,Transport & Logistics,Delhi,India International Convention & Expo Centre,5178.0,2017-12-01,2019-10-01,severely_delayed,EXACT_NUMERIC_CODE,1.0
P_NUM_425828,425828,Stamp Charge Battery No.12 Coke Dry Cooling Plant at IISCO Steel Plant,Ministry of Steel,Others,West Bengal,Steel Authority of India Limited (SAIL,706.51,2025-01-01,2028-07-01,deteriorating,EXACT_NUMERIC_CODE,1.0
P_NUM_437130,437130,"Amended BharatNet Program - J&K, LAD",Ministry of Telecommunications,Communication,PAN India,Department of Telecommunications,1621.0,2023-08-01,2028-06-01,deteriorating,EXACT_NUMERIC_CODE,1.0
P_NUM_462136,462136,"Amended BharatNet Program - MGH, MZM, TRP",Ministry of Telecommunications,Communication,PAN India,Department of Telecommunications,768.0,2023-08-01,2029-04-01,deteriorating,EXACT_NUMERIC_CODE,1.0
P_NUM_476006,476006,Amended BharatNet Program - HP,Ministry of Telecommunications,Communication,PAN India,Department of Telecommunications,1292.0,2023-08-01,2028-02-01,deteriorating,EXACT_NUMERIC_CODE,1.0
P_NUM_478482,478482,Stamp Charge Battery No.7 Coke Dry Cooling Plant at RSP,Ministry of Steel,Others,Odisha,Steel Authority of India Limited (SAIL,1064.55,2026-02-01,2028-08-01,deteriorating,EXACT_NUMERIC_CODE,1.0
P_NUM_505491,505491,Installation of 140 TPH Walking Beam type Reheating Furnace in Plate Mill at BSP,Ministry of Steel,Others,Chhattisgarh,Steel Authority of India Limited (SAIL,268.36,2026-02-01,2028-03-01,deteriorating,EXACT_NUMERIC_CODE,1.0
P_NUM_547243,547243,BharatNet Phase-II,Ministry of Telecommunications,Communication,PAN India,Department of Telecommunications,22174.56,2017-07-01,2023-05-01,healthy,EXACT_NUMERIC_CODE,1.0
P_NUM_589703,589703,Implementation of Treatment System-2 Under ZLD at RSP,Ministry of Steel,Others,Odisha,Steel Authority of India Limited (SAIL,216.02,2025-02-01,2026-09-01,healthy,EXACT_NUMERIC_CODE,1.0
P_NUM_601812,601812,Development of Zaheerabad Node under Hyderabad Nagpur Industrial Corridor,Ministry of DPIIT,Others,Telangana,National Industrial Corridor Development Corporation,2360.0,2024-08-01,2029-02-01,deteriorating,EXACT_NUMERIC_CODE,1.0
P_NUM_602096,602096,Subansiri Lower HE Project [2000 MW],Ministry of Power,Energy,"Multi-States, (Arunachal, Pradesh, Assam)",National Hydroelectric Power Corporation Limited [NHPC],6285.33,2003-09-01,2010-09-01,severely_delayed,EXACT_NUMERIC_CODE,1.0
P_NUM_602098,602098,"Construction of Permanent Campus for IIM Jammu Phase-1 at Jagti, Nagrota,",Ministry of Higher Education,Social & Commercial,"Jammu and, Kashmir","Indian Institute of Management, Jammu",424.93,2019-03-01,2023-06-01,severely_delayed,EXACT_NUMERIC_CODE,1.0
P_NUM_602099,602099,Establishment of Permanent campus Phase 1 of IIM Sirmaur,Ministry of Higher Education,Social & Commercial,Himachal Pradesh,"Indian Institute of Management, Sirmaur",392.51,2018-09-01,2023-10-01,severely_delayed,EXACT_NUMERIC_CODE,1.0
P_NUM_602181,602181,"TEESTA-VI HE PROJECT, SIKKIM [500 MW], executed by LANCO TEESTA HYDRO",Ministry of Power,Energy,Sikkim,National Hydroelectric Power Corporation Limited [NHPC],5748.04,2019-03-01,2024-03-01,severely_delayed,EXACT_NUMERIC_CODE,1.0
P_NUM_602182,602182,Dibang Multipurpose Project,Ministry of Power,Energy,Arunachal Pradesh,National Hydroelectric Power Corporation Limited [NHPC],31876.39,2023-02-01,2032-02-01,deteriorating,EXACT_NUMERIC_CODE,1.0
P_NUM_602184,602184,Rammam-III HEPP [3x40 MW],Ministry of Power,Energy,West Bengal,National Thermal Power Corporation [NTPC],1381.84,2014-09-01,2019-09-01,severely_delayed,EXACT_NUMERIC_CODE,1.0
P_NUM_602185,602185,Tapovan-Vishnugad HEP [4x130 MW],Ministry of Power,Energy,Uttarakhand,National Thermal Power Corporation [NTPC],2978.0,2006-11-01,2013-03-01,severely_delayed,EXACT_NUMERIC_CODE,1.0
P_NUM_602193,602193,Tehri Pumped Storage Plant Project [4x250 MW],Ministry of Power,Energy,Uttarakhand,THDC India Limited,4825.6,2006-07-01,2022-06-01,severely_delayed,EXACT_NUMERIC_CODE,1.0
P_NUM_602194,602194,Khurja super Thermal Power Plant [2X660 MW],Ministry of Power,Energy,Uttar Pradesh,THDC India Limited,11089.42,2019-03-01,2024-02-01,severely_delayed,EXACT_NUMERIC_CODE,1.0
P_NUM_602195,602195,Vishnugad Pipalkoti Hydro Electric Project [444 MW],Ministry of Power,Energy,Uttarakhand,THDC India Limited,3860.35,2008-08-01,2022-12-01,severely_delayed,EXACT_NUMERIC_CODE,1.0
P_NUM_602223,602223,Comprehensive Scheme for Strengthening of Transmission and Distribution [T&D],Ministry of Power,Energy,"Multi-States, (Arunachal, Pradesh, Sikkim)",Power Grid Corporation of India Limited [POWERGRID],4754.42,2014-10-01,2018-12-01,severely_delayed,EXACT_NUMERIC_CODE,1.0
P_NUM_602525,602525,"Pakal Dul [Drangdhuran] Hydroelectric Project, 1000 MW",Ministry of Power,Energy,"Jammu and, Kashmir",National Hydroelectric Power Corporation Limited [NHPC],8112.12,2014-10-01,2020-04-01,severely_delayed,EXACT_NUMERIC_CODE,1.0
P_NUM_602532,602532,Kiru HE Project,Ministry of Power,Energy,"Jammu and, Kashmir",National Hydroelectric Power Corporation Limited [NHPC],4287.59,2019-03-01,2023-09-01,severely_delayed,EXACT_NUMERIC_CODE,1.0
P_NUM_602535,602535,"Ratle HE Project - 850 MW, Ratle Hydroelectric Power Corporation Limited.",Ministry of Power,Energy,"Jammu and, Kashmir",National Hydroelectric Power Corporation Limited [NHPC],5281.94,2021-02-01,2026-02-01,severely_delayed,EXACT_NUMERIC_CODE,1.0
P_NUM_602538,602538,Installation of FGD for 4x210 & 2x250 MW MTPS U 1-6,Ministry of Power,Energy,West Bengal,Damodar Valley Corporation,1037.0,2019-06-01,2024-01-01,severely_delayed,EXACT_NUMERIC_CODE,1.0
P_NUM_602579,602579,Buxar Thermal Power Project [1320 MW],Ministry of Power,Energy,Bihar,Satluj Jal Vidyut Nigam [SJVN] Thermal Limited,10439.09,2019-03-01,2024-01-01,severely_delayed,EXACT_NUMERIC_CODE,1.0
P_NUM_602582,602582,Dhaulasidh Hydro Electric Project [66 MW],Ministry of Power,Energy,Himachal Pradesh,Satluj Jal Vidyut Nigam [SJVN] Thermal Limited,687.97,2020-10-01,2025-11-01,severely_delayed,EXACT_NUMERIC_CODE,1.0
P_NUM_602593,602593,Luhri Stage-I Hydro Electric Project [210 MW],Ministry of Power,Energy,Himachal Pradesh,Satluj Jal Vidyut Nigam [SJVN] Thermal Limited,1810.56,2020-11-01,2026-01-01,severely_delayed,EXACT_NUMERIC_CODE,1.0
P_NUM_602633,602633,382 MW Sunni Dam HEP,Ministry of Power,Energy,Himachal Pradesh,Satluj Jal Vidyut Nigam [SJVN] Thermal Limited,2615.0,2018-04-01,2027-03-01,deteriorating,EXACT_NUMERIC_CODE,1.0
P_NUM_602792,602792,Gauge Conversion of Kendri-Dhamtari including Abhanpur - Rajim Branch line 67.20,Ministry of Railways,Transport & Logistics,Chhattisgarh,SECR,1171.0,2011-07-01,2025-02-01,severely_delayed,EXACT_NUMERIC_CODE,1.0
P_NUM_602797,602797,"Sainthia, Sitarampur, Mughalsarai, Allahabad & Etawah - Bypass 35 km",Ministry of Railways,Transport & Logistics,"Multi-States (Uttar, Pradesh, West, Bengal)",CAOC/ER ER mor,461.64,2017-08-01,2027-03-01,cost_escalating,EXACT_NUMERIC_CODE,1.0
P_NUM_602961,602961,Talcher Thermal Power Station Stage III [2 x 660 MW] Expansion,Ministry of Power,Energy,Odisha,National Thermal Power Corporation [NTPC],11843.75,2022-08-01,2027-05-01,severely_delayed,EXACT_NUMERIC_CODE,1.0
P_NUM_603210,603210,Development of Jodhpur Pali Marwar Industrial Area JPMIA in Rajasthan,Ministry of DPIIT,Others,Rajasthan,National Industrial Corridor Development Corporation,921.66,2024-08-01,2028-07-01,deteriorating,EXACT_NUMERIC_CODE,1.0
P_NUM_603293,603293,Badam Coal Mining project of NTPC,Ministry of Power,Energy,Jharkhand,National Thermal Power Corporation [NTPC],502.0,2019-02-01,2056-12-01,cost_escalating,EXACT_NUMERIC_CODE,1.0
P_NUM_603945,603945,Integrated Anandpur Barrage Project,Ministry of Water Resources,Water & Sanitation,Odisha,Water Resources-OR,567.03,1997-04-01,2019-12-01,severely_delayed,EXACT_NUMERIC_CODE,1.0
P_NUM_604791,604791,Numaligarh Refinery Expansion Project,Ministry of Petroleum & Natural Gas,Energy,Assam,Numaligarh Refinery Limited,12366.0,2020-07-01,2024-07-01,severely_delayed,EXACT_NUMERIC_CODE,1.0
P_NUM_604792,604792,"Assam Bio Refinery, ABRPL",Ministry of Petroleum & Natural Gas,Energy,Assam,Ministry of Petroleum & Natural Gas,1750.0,2018-02-01,2021-09-01,severely_delayed,EXACT_NUMERIC_CODE,1.0
P_NUM_604795,604795,CBR 9 MMTPA Project,Ministry of Petroleum & Natural Gas,Energy,Tamil Nadu,Chennai Petroleum Corporation Limited [CPCL],31580.0,2021-09-01,2025-06-01,cost_escalating,EXACT_NUMERIC_CODE,1.0
P_NUM_604833,604833,"Andheri Residential Towers, Mumbai",Ministry of Petroleum & Natural Gas,Energy,Maharashtra,Indian Oil Corporation Limited [IOCL],281.35,2017-06-01,2025-05-01,severely_delayed,EXACT_NUMERIC_CODE,1.0
P_NUM_604852,604852,"Grass-root Terminal at Mirzapur, Uttar Pradesh",Ministry of Petroleum & Natural Gas,Energy,Uttar Pradesh,Indian Oil Corporation Limited [IOCL],980.45,2022-09-01,2026-11-01,healthy,EXACT_NUMERIC_CODE,1.0
P_NUM_604853,604853,"Indian Oil Technology Development and Deployment Centre at R&D Campus-II,",Ministry of Petroleum & Natural Gas,Energy,Haryana,Indian Oil Corporation Limited [IOCL],2281.94,2019-06-01,2022-12-01,severely_delayed,EXACT_NUMERIC_CODE,1.0
P_NUM_604859,604859,Integrated Para Xylene [PX] and Purified Terephthalic Acid [PTA] Project at Paradip,Ministry of Petroleum & Natural Gas,Energy,Odisha,Indian Oil Corporation Limited [IOCL],13805.0,2020-07-01,2024-01-01,severely_delayed,EXACT_NUMERIC_CODE,1.0
P_NUM_604863,604863,Development of Surface Facilities for production and evacuation of Crude Oil and,Ministry of Petroleum & Natural Gas,Energy,Assam,Oil India Limited,682.9,2018-01-01,2020-02-01,severely_delayed,EXACT_NUMERIC_CODE,1.0
P_NUM_605155,605155,Kwar HE Project,Ministry of Power,Energy,"Jammu and, Kashmir",National Hydroelectric Power Corporation Limited [NHPC],4526.12,2022-05-01,2026-11-01,severely_delayed,EXACT_NUMERIC_CODE,1.0
P_NUM_605156,605156,Rangit-IV HE Project [120 MW] executed by Jal Power Corporation Ltd. [JPCL] - A,Ministry of Power,Energy,Sikkim,National Hydroelectric Power Corporation Limited [NHPC],938.29,2021-03-01,2024-05-01,severely_delayed,EXACT_NUMERIC_CODE,1.0
P_NUM_605292,605292,"Construction of Permanent Campus of Indian Institute of Management [IIM] Amritsar,",Ministry of Road Transport & Highways,Transport & Logistics,Punjab,"Indian intitue of Management, Amritsar",348.31,2019-10-01,2023-06-01,severely_delayed,EXACT_NUMERIC_CODE,1.0
P_NUM_606013,606013,Additional Campus of NITPatna,Ministry of Higher Education,Social & Commercial,Bihar,NIT Patna,499.21,2022-07-01,2024-07-01,severely_delayed,EXACT_NUMERIC_CODE,1.0
P_NUM_606112,606112,Tezpur University Projects,Ministry of Higher Education,Social & Commercial,Assam,Tezpur University,153.71,2019-05-01,2023-11-01,severely_delayed,EXACT_NUMERIC_CODE,1.0
P_NUM_606431,606431,CONSTRUCTION OF PERMANENT CAMPUS FOR IIT PALAKKAD UNDER PHASE,Ministry of Higher Education,Social & Commercial,Kerala,INDIAN INSTITUTE OF TECHNOLOGY PALAKKAD,1006.45,2017-07-01,2022-06-01,severely_delayed,EXACT_NUMERIC_CODE,1.0
P_NUM_606479,606479,Banaras Hindu University [ Kayakalp of Institute of Medical Sciences],Ministry of Higher Education,Social & Commercial,Uttar Pradesh,Banaras Hindu University,246.0,2020-06-01,2022-09-01,severely_delayed,EXACT_NUMERIC_CODE,1.0
P_NUM_606781,606781,Transmission System for Strengthening of Srinagar-Leh Tr. System,Ministry of Power,Energy,"Multi-States, (Jammu and, Kashmir, Ladakh)",Power Grid Corporation of India Limited [POWERGRID],288.71,2022-03-01,2024-12-01,severely_delayed,EXACT_NUMERIC_CODE,1.0
P_NUM_607653,607653,Ludhiana Mullanpur 21Km Doubling Railway project,Ministry of Railways,Transport & Logistics,Punjab,CAO/C/NR,234.78,2022-10-01,2024-06-01,severely_delayed,EXACT_NUMERIC_CODE,1.0
P_NUM_607701,607701,"Guwahati Refinery Expansion [1.0 to 1.2 MMTPA] along with installation of CRU,",Ministry of Petroleum & Natural Gas,Energy,Assam,Ministry of Petroleum & Natural Gas,412.3,2021-05-01,2023-10-01,severely_delayed,EXACT_NUMERIC_CODE,1.0
P_NUM_607709,607709,NORTH EASTERN REGION POWER SYSTEM IMPROVEMENT PROJECT,Ministry of Power,Energy,"Multi-States, (Assam, Manipur,, Meghalaya,, Mizoram,, Nagaland, Tripura)",Power Grid Corporation of India Limited [POWERGRID],5111.33,2014-12-01,2018-12-01,severely_delayed,EXACT_NUMERIC_CODE,1.0
P_NUM_608301,608301,Transmission system strengthening scheme for evacuation of power from solar energy,Ministry of Power,Energy,Delhi,Power Grid Corporation of India Limited [POWERGRID],359.47,2022-02-01,2023-09-01,severely_delayed,EXACT_NUMERIC_CODE,1.0
P_NUM_608302,608302,Transmission system for evacuation of Power from Pakaldul HEP in Chenab Valley,Ministry of Power,Energy,"Jammu and, Kashmir",Power Grid Corporation of India Limited [POWERGRID],318.12,2022-02-01,2025-04-01,severely_delayed,EXACT_NUMERIC_CODE,1.0
P_NUM_608922,608922,Transmission System Strengthening Scheme for evacuation of power from SEZ in,Ministry of Power,Energy,"Multi-States (Delhi,, Haryana,, Rajasthan)",Power Grid Corporation of India Limited [POWERGRID],1666.0,2022-05-01,2023-11-01,severely_delayed,EXACT_NUMERIC_CODE,1.0
P_NUM_609019,609019,"HEFA projects on development of student hostels, playgrounds, departmental",Ministry of Higher Education,Social & Commercial,West Bengal,"Indian Institute of Technology, Kharagpur",500.0,2018-06-01,2023-03-01,severely_delayed,EXACT_NUMERIC_CODE,1.0
P_NUM_609041,609041,"IoE Projects [Civil Works], IIT Kharagpur",Ministry of Higher Education,Social & Commercial,West Bengal,"Indian Institute of Technology, Kharagpur",287.2,2019-04-01,2023-03-01,severely_delayed,EXACT_NUMERIC_CODE,1.0
P_NUM_609424,609424,"Development of Container Terminal at Tuna-Tekra, Deendayal Port on BOT Basis","Ministry of Ports, Shipping & Waterways",Transport & Logistics,Gujarat,Deendayal Port Trust,4243.64,2022-10-01,2027-03-01,healthy,EXACT_NUMERIC_CODE,1.0
P_NUM_609736,609736,"Construction of Sikkim University Campus Phase-I Package-II at Yangang, South",Ministry of Higher Education,Social & Commercial,Sikkim,Sikkim University,314.06,2020-08-01,2025-01-01,severely_delayed,EXACT_NUMERIC_CODE,1.0
P_NUM_609996,609996,Construction of Precast housing and hostels at IIT Hyderabad,Ministry of Higher Education,Social & Commercial,Telangana,"Indian Institute of Technology, Hyderabad",262.0,2022-09-01,2024-10-01,severely_delayed,EXACT_NUMERIC_CODE,1.0
P_NUM_610315,610315,IISER BERHAMPUR,Ministry of Higher Education,Social & Commercial,Odisha,"Indian Institutes of Science Education and Research, Behrampur",1229.32,2018-10-01,2021-03-01,severely_delayed,EXACT_NUMERIC_CODE,1.0
P_NUM_610940,610940,"Additional Infrastructure at IISc Bangalore-RCC Monolithic for Men Hostel S14,",Ministry of Road Transport & Highways,Transport & Logistics,Karnataka,IISC Bangalore,420.41,2021-08-01,2024-03-01,severely_delayed,EXACT_NUMERIC_CODE,1.0
P_NUM_610984,610984,Development of Jharia CBM Block [Phase-1],Ministry of Petroleum & Natural Gas,Energy,Jharkhand,Oil and Natural Gas Corporation Limited [ONGC],431.0,2019-11-01,2024-01-01,severely_delayed,EXACT_NUMERIC_CODE,1.0
P_NUM_610985,610985,Construction of lube oil blending plant at Rasayani,Ministry of Petroleum & Natural Gas,Energy,Maharashtra,Ministry of Petroleum & Natural Gas,423.39,2022-05-01,2023-12-01,severely_delayed,EXACT_NUMERIC_CODE,1.0
P_NUM_611016,611016,2.0 MTPA BHOJUDIH NLW WASHERY,Ministry of Coal,Others,West Bengal,Ministry of Coal,384.57,2015-12-01,2020-09-01,severely_delayed,EXACT_NUMERIC_CODE,1.0
P_NUM_611017,611017,2.5 MTPA PATHERDIH NLW WASHERY,Ministry of Coal,Others,Jharkhand,Ministry of Coal,334.27,2015-10-01,2018-04-01,severely_delayed,EXACT_NUMERIC_CODE,1.0
P_NUM_611047,611047,"Construction of NTB complex including apron, taxi track and other associated civil",Ministry of Civil Aviation,Transport & Logistics,"Jammu and, Kashmir",Airport Authority of India [AAI],861.37,2023-10-01,2026-06-01,healthy,EXACT_NUMERIC_CODE,1.0
P_NUM_611142,611142,Fairway Development in West Bengal Farakka - Kahelgaon,"Ministry of Ports, Shipping & Waterways",Transport & Logistics,Offshore,Inland Waterways Authority of India [IWAI],177.0,2018-01-01,2023-07-01,severely_delayed,EXACT_NUMERIC_CODE,1.0
P_NUM_611440,611440,Procurment of 30 Nos ACFTs of WT Capacity 10KL at Various Airports,Ministry of Civil Aviation,Transport & Logistics,"Multi-States, (Andhra Pradesh,, Bihar, Delhi,, Gujarat,, Jharkhand,, Karnataka, Kerala,, Madhya Pradesh,, Odisha, Tamil, Nadu, Telangana,, Uttar Pradesh,, West Bengal)",Airport Authority of India [AAI],215.17,2023-05-01,2025-06-01,healthy,EXACT_NUMERIC_CODE,1.0
P_NUM_611452,611452,MUMBAI CENTRAL VIRAR VADODARA AHMEDABAAD TRAIN PROTECTION,Ministry of Railways,Transport & Logistics,"Multi-States, (Gujarat,, Maharashtra)",Western Railway,311.0,2019-09-01,2025-12-01,severely_delayed,EXACT_NUMERIC_CODE,1.0
P_NUM_611495,611495,Development of New Civil Enclave at Bagdogra Airport,Ministry of Civil Aviation,Transport & Logistics,West Bengal,Airport Authority of India [AAI],1549.0,2024-08-01,2027-03-01,deteriorating,EXACT_NUMERIC_CODE,1.0
P_NUM_611509,611509,"Koderma Thermal Power Station Phase II [2X800 MW] At Koderma, Jharkhand",Ministry of Power,Energy,Jharkhand,Damodar Valley Corporation,14358.0,2023-04-01,2029-07-01,deteriorating,EXACT_NUMERIC_CODE,1.0
P_NUM_611570,611570,"SITC of ATM Automation System and ASMGCS [Including SMR & MLAT] for Mumbai,",Ministry of Civil Aviation,Transport & Logistics,"Multi-States, (Karnataka,, Maharashtra,, Telangana, Uttar, Pradesh)",Airport Authority of India [AAI],500.48,2020-12-01,2025-09-01,severely_delayed,EXACT_NUMERIC_CODE,1.0
P_NUM_611586,611586,Sunni Dam Hydro Electric Project [382 MW],Ministry of Power,Energy,Himachal Pradesh,Satluj Jal Vidyut Nigam [SJVN] Thermal Limited,2614.51,2023-01-01,2028-04-01,severely_delayed,EXACT_NUMERIC_CODE,1.0
P_NUM_611602,611602,"Modernization of Chennai Airport, Phase II, Part 2",Ministry of Civil Aviation,Transport & Logistics,Tamil Nadu,Airport Authority of India [AAI],1207.0,2018-05-01,2025-07-01,severely_delayed,EXACT_NUMERIC_CODE,1.0
P_NUM_611614,611614,Dedicated Test Track for RDSO Phase II,Ministry of Railways,Transport & Logistics,Rajasthan,North Western Railway [NWR],819.48,2021-11-01,2026-11-01,cost_escalating,EXACT_NUMERIC_CODE,1.0
P_NUM_611615,611615,Malugur- Palasamudram New Line Project [17.975 Km],Ministry of Railways,Transport & Logistics,Andhra Pradesh,South Western Railway [SWR] - II,342.0,2022-09-01,2027-11-01,deteriorating,EXACT_NUMERIC_CODE,1.0
P_NUM_611656,611656,Transmission scheme for evacuation of 4.5GW RE injection at Khavda PS under,Ministry of Power,Energy,Gujarat,Power Grid Corporation of India Limited [POWERGRID],1167.55,2023-03-01,2025-03-01,severely_delayed,EXACT_NUMERIC_CODE,1.0
P_NUM_611657,611657,Transmission scheme for evacuation of 4.5GW RE injection at Khavda PS under,Ministry of Power,Energy,Gujarat,Power Grid Corporation of India Limited [POWERGRID],2820.99,2023-03-01,2025-03-01,severely_delayed,EXACT_NUMERIC_CODE,1.0
P_NUM_611659,611659,Transmission system strengthening scheme for evacuation of power from solar energy,Ministry of Power,Energy,Rajasthan,Power Grid Corporation of India Limited [POWERGRID],1433.28,2023-03-01,2024-09-01,severely_delayed,EXACT_NUMERIC_CODE,1.0
P_NUM_611660,611660,Establishment of Khavda Pooling Station-2 KPS2 in Khavda RE Park KPS2,Ministry of Power,Energy,Gujarat,Power Grid Corporation of India Limited [POWERGRID],966.79,2023-03-01,2024-12-01,severely_delayed,EXACT_NUMERIC_CODE,1.0
P_NUM_611669,611669,NER Provision of Automatic Block Signalling on Gorakhpur Cantt[Excl] Chhapra,Ministry of Railways,Transport & Logistics,"Multi-States, (Bihar, Uttar, Pradesh)",North Eastern Railway [NER],380.47,2022-05-01,2027-03-01,severely_delayed,EXACT_NUMERIC_CODE,1.0
P_NUM_611698,611698,240MW Heo HE Project,Ministry of Power,Energy,Arunachal Pradesh,North Eastern Electric Power Corporation Limited,1938.85,2024-12-01,2029-07-01,deteriorating,EXACT_NUMERIC_CODE,1.0
P_NUM_611699,611699,186 MW Tato-I H E Project,Ministry of Power,Energy,Arunachal Pradesh,North Eastern Electric Power Corporation Limited,1750.07,2024-12-01,2029-07-01,deteriorating,EXACT_NUMERIC_CODE,1.0
P_NUM_611716,611716,700 MW Tato-II HE Project,Ministry of Power,Energy,Arunachal Pradesh,North Eastern Electric Power Corporation Limited,8146.21,2025-09-01,2031-09-01,deteriorating,EXACT_NUMERIC_CODE,1.0
P_NUM_611735,611735,Transmission system for evacuation of power from REZ in Rajasthan 20GW under,Ministry of Power,Energy,"Multi-States (Delhi,, Rajasthan)",Power Grid Corporation of India Limited [POWERGRID],331.0,2022-12-01,2025-03-01,severely_delayed,EXACT_NUMERIC_CODE,1.0
P_NUM_611737,611737,Western Region Expansion Scheme-XXV,Ministry of Power,Energy,Chhattisgarh,Power Grid Corporation of India Limited [POWERGRID],385.84,2023-02-01,2023-11-01,severely_delayed,EXACT_NUMERIC_CODE,1.0
P_NUM_611751,611751,Aurangabad-Ankai 98.25 km,Ministry of Railways,Transport & Logistics,Maharashtra,CAOCON/SCR SCR mor,960.64,2023-05-01,2025-12-01,deteriorating,EXACT_NUMERIC_CODE,1.0
P_NUM_611752,611752,Doubling between Gooty-Pendakallu 29.225 km PB73/2023-24/NR,Ministry of Railways,Transport & Logistics,Andhra Pradesh,CAO/C/SCoR SCoR mor,351.83,2023-03-01,2027-03-01,deteriorating,EXACT_NUMERIC_CODE,1.0
P_NUM_611754,611754,South Central Railway - Rail road over double line between Guntakal West-Mallapa,Ministry of Railways,Transport & Logistics,Andhra Pradesh,CAO/C/SCoR SCoR mor,293.3,2023-07-01,2026-07-01,deteriorating,EXACT_NUMERIC_CODE,1.0
P_NUM_611798,611798,Rakha Underground Mining Project,Ministry of Mines,Others,Jharkhand,Hindustan Copper Limited [HCL],2705.0,2022-12-01,2033-03-01,deteriorating,EXACT_NUMERIC_CODE,1.0
P_NUM_611800,611800,Surda Underground Copper Mining Project,Ministry of Mines,Others,Jharkhand,Hindustan Copper Limited [HCL],665.02,2022-02-01,2028-03-01,deteriorating,EXACT_NUMERIC_CODE,1.0
P_NUM_611849,611849,Devgarh Madariya - Nathdwara Gauge Conversion [82.54 Km] part of Marwar - Mavli,Ministry of Railways,Transport & Logistics,Rajasthan,North Western Railway [NWR],968.92,2023-01-01,2028-06-01,healthy,EXACT_NUMERIC_CODE,1.0
P_NUM_611855,611855,Nathdwara Mavli - Devgarh Madariya 82.542 km,Ministry of Railways,Transport & Logistics,Rajasthan,CAOC/NWR NWR mor,968.92,2023-01-01,2028-06-01,healthy,EXACT_NUMERIC_CODE,1.0
P_NUM_611861,611861,Rewari - Kathuwas Doubling Project [27.72 Km],Ministry of Railways,Transport & Logistics,"Multi-States, (Haryana,, Rajasthan)",North Western Railway [NWR],352.0,2023-02-01,2027-06-01,healthy,EXACT_NUMERIC_CODE,1.0
P_NUM_611864,611864,AMALAGAMATED NTST KUJAMA OCP 8.5MTY,Ministry of Coal,Others,Jharkhand,Bharat Coking Coal Limited (BCCL,4011.85,2023-01-01,2030-03-01,healthy,EXACT_NUMERIC_CODE,1.0
P_NUM_611884,611884,Doubling between Bhiwani - Dobh Bahali PB73/2023-24/NR,Ministry of Railways,Transport & Logistics,Haryana,CAOC/NWR NWR mor,471.0,2023-02-01,2027-06-01,severely_delayed,EXACT_NUMERIC_CODE,1.0
P_NUM_611917,611917,Poly Butadiene Rubber plant at Panipat,Ministry of Petroleum & Natural Gas,Energy,Haryana,Indian Oil Corporation Limited [IOCL],1459.0,2022-03-01,2025-03-01,severely_delayed,EXACT_NUMERIC_CODE,1.0
P_NUM_611918,611918,Kosamba- Umarpada 69.70 Km PB32/WR/2023-24,Ministry of Railways,Transport & Logistics,Gujarat,CAOCWR WR mor,468.0,2023-07-01,2027-03-01,healthy,EXACT_NUMERIC_CODE,1.0
P_NUM_611927,611927,Kurnool - Setting up facilities for coach midlife rehabilitation workshop,Ministry of Road Transport & Highways,Transport & Logistics,Andhra Pradesh,WPO/Patna,560.72,2014-01-01,2023-12-01,healthy,EXACT_NUMERIC_CODE,1.0
P_NUM_611929,611929,Maintenance cum workshop depot for Vande Bharat Sleeper Trains as per conditions,Ministry of Road Transport & Highways,Transport & Logistics,Rajasthan,WPO/Patna,166.86,2022-09-01,2024-12-01,deteriorating,EXACT_NUMERIC_CODE,1.0
P_NUM_611930,611930,Lara Super Thermal Power Project Stage-II [2 x 800 MW],Ministry of Power,Energy,Chhattisgarh,National Thermal Power Corporation [NTPC],15530.0,2023-08-01,2028-06-01,healthy,EXACT_NUMERIC_CODE,1.0
P_NUM_611937,611937,Adraj Moti Vijapur 40 Kms,Ministry of Railways,Transport & Logistics,Gujarat,Western Railway (WR) - II,417.53,2022-05-01,2026-05-01,healthy,EXACT_NUMERIC_CODE,1.0
P_NUM_611938,611938,Vijapur Ambliyasan 42 km,Ministry of Railways,Transport & Logistics,Gujarat,PCE/WR,415.38,2022-05-01,2026-05-01,healthy,EXACT_NUMERIC_CODE,1.0
P_NUM_611939,611939,Himatnagar Khedbrahma 55 km,Ministry of Railways,Transport & Logistics,Gujarat,Railway,482.42,2022-06-01,2024-06-01,severely_delayed,EXACT_NUMERIC_CODE,1.0
P_NUM_611943,611943,New BG line between Naliya - Jakhau Port 24.88 Km,Ministry of Railways,Transport & Logistics,Gujarat,CAOCWR WR mor,410.26,2023-02-01,2028-01-01,deteriorating,EXACT_NUMERIC_CODE,1.0
P_NUM_611944,611944,Quadrupling between Gandhidham Adipur with Y connection at Adipur for providing,Ministry of Railways,Transport & Logistics,Gujarat,Western Railway (WR) - II,152.44,2023-02-01,2026-03-01,healthy,EXACT_NUMERIC_CODE,1.0
P_NUM_611945,611945,Petlad-Bhadran 22.5 km,Ministry of Railways,Transport & Logistics,Gujarat,CAOCWR WR mor,307.11,2022-05-01,2030-05-01,healthy,EXACT_NUMERIC_CODE,1.0
P_NUM_611947,611947,Transmission System for Evacuation of Power from REZ in Rajasthan 20GW under,Ministry of Power,Energy,Rajasthan,Power Grid Corporation of India Limited [POWERGRID],428.3,2023-11-01,2025-06-01,severely_delayed,EXACT_NUMERIC_CODE,1.0
P_NUM_611948,611948,Transmission system for evacuation of power from REZ in Rajasthan 20 GW under,Ministry of Power,Energy,Rajasthan,Power Grid Corporation of India Limited [POWERGRID],1910.0,2023-10-01,2025-04-01,severely_delayed,EXACT_NUMERIC_CODE,1.0
P_NUM_611949,611949,Transmission system for evacuation of power from REZ in Rajasthan 20 GW under,Ministry of Power,Energy,Rajasthan,Power Grid Corporation of India Limited [POWERGRID],1160.0,2023-10-01,2025-04-01,severely_delayed,EXACT_NUMERIC_CODE,1.0
P_NUM_611950,611950,Transmission system for evacuation of power from REZ in Rajasthan 20 GW under,Ministry of Power,Energy,Rajasthan,Power Grid Corporation of India Limited [POWERGRID],2190.54,2023-09-01,2025-04-01,severely_delayed,EXACT_NUMERIC_CODE,1.0
P_NUM_611951,611951,Transmission system for evacuation of power from REZ in Rajasthan 20GW under,Ministry of Power,Energy,Rajasthan,Power Grid Corporation of India Limited [POWERGRID],688.74,2021-12-01,2025-02-01,severely_delayed,EXACT_NUMERIC_CODE,1.0
P_NUM_611957,611957,"Phase III A works at IIT Indore [03 Hostels, 01 Studio Apartment, 01 Housing, Heavy",Ministry of Higher Education,Social & Commercial,Madhya Pradesh,"Indian Institute of Technology, Indore",496.28,2023-12-01,2027-02-01,healthy,EXACT_NUMERIC_CODE,1.0
P_NUM_611961,611961,Construction of IIT Bhubaneswar -Phase III,Ministry of Higher Education,Social & Commercial,Odisha,"Indian Institute of Technology, Bhubaneshwar",454.27,2024-02-01,2026-11-01,deteriorating,EXACT_NUMERIC_CODE,1.0
P_NUM_611963,611963,Construction & Development of Infrastructural Facilities in the main campus of NIT,Ministry of Higher Education,Social & Commercial,Uttarakhand,National Institute of Technology Uttarakhand,650.85,2020-06-01,2027-09-01,healthy,EXACT_NUMERIC_CODE,1.0
P_NUM_611966,611966,Transmission System for Evacuation of power from Potential RE Zone in Khavda Area,Ministry of Power,Energy,Maharashtra,Power Grid Corporation of India Limited [POWERGRID],224.41,2023-11-01,2025-07-01,severely_delayed,EXACT_NUMERIC_CODE,1.0
P_NUM_611967,611967,Transmission Scheme for Solar Energy Zone in Ananthpuram 2500MW and Kurnool,Ministry of Power,Energy,Andhra Pradesh,Power Grid Corporation of India Limited [POWERGRID],823.0,2023-09-01,2025-09-01,severely_delayed,EXACT_NUMERIC_CODE,1.0
P_NUM_611969,611969,Choranda Motikoral 18 Kms,Ministry of Railways,Transport & Logistics,Gujarat,PCE/WR,246.0,2023-08-01,2026-10-01,deteriorating,EXACT_NUMERIC_CODE,1.0
P_NUM_611970,611970,Samlaya-Timba Road 53.53 km,Ministry of Railways,Transport & Logistics,Gujarat,CAOCWR WR mor,670.17,2023-02-01,2030-03-01,deteriorating,EXACT_NUMERIC_CODE,1.0
P_NUM_611971,611971,Samni-Jambusar 24.08 km,Ministry of Railways,Transport & Logistics,Gujarat,CAOCWR WR mor,350.0,2022-05-01,2030-03-01,healthy,EXACT_NUMERIC_CODE,1.0
P_NUM_611972,611972,Jambusar Kavi 26 Kms,Ministry of Railways,Transport & Logistics,Gujarat,PCE/WR,318.0,2023-04-01,2026-12-01,deteriorating,EXACT_NUMERIC_CODE,1.0
P_NUM_611973,611973,miyagam karjan Choranda maalsar 37 kms,Ministry of Railways,Transport & Logistics,Gujarat,PCE/WR,450.0,2023-06-01,2026-12-01,deteriorating,EXACT_NUMERIC_CODE,1.0
P_NUM_611974,611974,Western Railway- Samakhiali-Gandhidham Quadrupiling 53 km PB34/CR/2023-24,Ministry of Railways,Transport & Logistics,Gujarat,CAOCWR WR mor,1430.0,2023-08-01,2026-12-01,severely_delayed,EXACT_NUMERIC_CODE,1.0
P_NUM_611975,611975,Western Railway Vasai bypass double line between Naigaon Juchandra 6 km,Ministry of Railways,Transport & Logistics,Maharashtra,PCE/WR,176.0,2023-07-01,2026-03-01,deteriorating,EXACT_NUMERIC_CODE,1.0
P_NUM_611976,611976,Jogeshwari AT Development of JOS-AT as Trainset Maintenance Depot for energy,Ministry of Railways,Transport & Logistics,Maharashtra,PCE/WR,221.0,2023-06-01,2025-10-01,deteriorating,EXACT_NUMERIC_CODE,1.0
P_NUM_611977,611977,Dahod Creation of Infrastructure facilities for 9000 HP Electric locomotives,Ministry of Railways,Transport & Logistics,Gujarat,PCE/WR,487.0,2022-05-01,2025-02-01,healthy,EXACT_NUMERIC_CODE,1.0
P_NUM_611978,611978,Dahod Rolling Stock Workshop Provision of Infrastructure for CBS at,Ministry of Railways,Transport & Logistics,Gujarat,PCE/WR,158.0,2022-11-01,2025-03-01,deteriorating,EXACT_NUMERIC_CODE,1.0
P_NUM_611979,611979,Sabarmati Setting up of Maintenance Facilities for Train Sets Phase ii,Ministry of Railways,Transport & Logistics,Gujarat,Western Railway [WR] - II,250.0,2023-01-01,2025-06-01,severely_delayed,EXACT_NUMERIC_CODE,1.0
P_NUM_611980,611980,Junagarh Visavadar 42 Kms,Ministry of Railways,Transport & Logistics,Offshore,Railway,492.83,2022-06-01,2028-09-01,deteriorating,EXACT_NUMERIC_CODE,1.0
P_NUM_612063,612063,"Construction of New Terminal Building, Second Link Taxi Track, Apron Expansion,",Ministry of Civil Aviation,Transport & Logistics,Uttar Pradesh,Airport Authority of India [AAI],219.18,2023-08-01,2024-11-01,severely_delayed,EXACT_NUMERIC_CODE,1.0
P_NUM_612066,612066,Rajasthan Metro Rail Project Phase 1C from Badi Chaupar to Transport Nagar via,Ministry of Housing & Urban Affairs,Transport & Logistics,Rajasthan,Jaipur Metro Rail Corporation,980.08,2025-10-01,2027-04-01,deteriorating,EXACT_NUMERIC_CODE,1.0
P_NUM_612068,612068,Jaipur Metro Phase 1D Project from Mansarovar to Ajmer Road Chauraha,Ministry of Housing & Urban Affairs,Transport & Logistics,Rajasthan,Jaipur Metro Rail Corporation,204.81,2026-05-01,2028-05-01,deteriorating,EXACT_NUMERIC_CODE,1.0
P_NUM_612072,612072,Barejadi Nandej Geratpur - Sanand - 4th line 38.20 km,Ministry of Railways,Transport & Logistics,Gujarat,CAOCWR WR mor,961.67,2023-02-01,2027-03-01,severely_delayed,EXACT_NUMERIC_CODE,1.0
P_NUM_612096,612096,Construction of Balurghat-Hilli new BG Line,Ministry of Railways,Transport & Logistics,West Bengal,Northeast Frontier Railway [NFR],1209.0,2010-12-01,2027-03-01,deteriorating,EXACT_NUMERIC_CODE,1.0
P_NUM_612128,612128,Hostel blocks & dining hall block,Ministry of Higher Education,Social & Commercial,Himachal Pradesh,"Indian Institute of Technology, Mandi",166.66,2023-03-01,2026-03-01,healthy,EXACT_NUMERIC_CODE,1.0
P_NUM_612132,612132,Transmission Scheme for Evacuation of power from REZ in Rajasthan [20 GW] under,Ministry of Power,Energy,"Multi-States (Delhi,, Haryana,, Rajasthan)",Power Grid Corporation of India Limited [POWERGRID],2423.0,2024-02-01,2025-08-01,severely_delayed,EXACT_NUMERIC_CODE,1.0
P_NUM_612133,612133,Transmission System for Evacuation of power from Rajasthan REZ Ph-IV [Part-1],Ministry of Power,Energy,"Multi-States, (Rajasthan, Uttar, Pradesh)",Power Grid Corporation of India Limited [POWERGRID],3271.0,2023-12-01,2025-12-01,severely_delayed,EXACT_NUMERIC_CODE,1.0
P_NUM_612134,612134,Transmission System for Evacuation of power from Rajasthan REZ Ph-IV [Part-1],Ministry of Power,Energy,Rajasthan,Power Grid Corporation of India Limited [POWERGRID],4741.0,2023-12-01,2025-12-01,severely_delayed,EXACT_NUMERIC_CODE,1.0
P_NUM_612135,612135,Hostel 4 -Earlier Known as Hostel 20,Ministry of Higher Education,Social & Commercial,Maharashtra,"Indian Institute of Technology, Bombay",182.33,2022-09-01,2025-09-01,healthy,EXACT_NUMERIC_CODE,1.0
P_NUM_612138,612138,"Transmission Scheme for Solar Energy Zone in Bidar [2500 MW], Karnataka [Bidar",Ministry of Power,Energy,"Multi-States, (Karnataka,, Telangana)",Power Grid Corporation of India Limited [POWERGRID],1368.0,2024-02-01,2026-02-01,healthy,EXACT_NUMERIC_CODE,1.0
P_NUM_612139,612139,Transmission system for Evacuation of Additional 7 GW RE power from Khavda RE,Ministry of Power,Energy,Gujarat,Power Grid Corporation of India Limited [POWERGRID],4231.0,2023-12-01,2025-12-01,severely_delayed,EXACT_NUMERIC_CODE,1.0
P_NUM_612140,612140,Transmission Scheme for Integration of Renewable Energy Zone [Phase II] in Koppal,Ministry of Power,Energy,Karnataka,Power Grid Corporation of India Limited [POWERGRID],4445.0,2023-12-01,2025-12-01,severely_delayed,EXACT_NUMERIC_CODE,1.0
P_NUM_612142,612142,"Singrauli Super Thermal Power Project, Stage-III [2x800 MW]",Ministry of Power,Energy,Uttar Pradesh,National Thermal Power Corporation [NTPC],17195.0,2024-03-01,2030-02-01,deteriorating,EXACT_NUMERIC_CODE,1.0
P_NUM_612151,612151,Transmission System for Evacuation of Power from potential Renewable Energy zone,Ministry of Power,Energy,Gujarat,Power Grid Corporation of India Limited [POWERGRID],334.0,2023-07-01,2025-07-01,severely_delayed,EXACT_NUMERIC_CODE,1.0
P_NUM_612167,612167,"Construction of 350 beds + 50 Super Specialty beds ESIC Hospital Sheelanagar,",Ministry of Labour & Employment,Social & Commercial,Andhra Pradesh,Employee's State Insurance Company [ESIC],384.27,2021-02-01,2025-10-01,severely_delayed,EXACT_NUMERIC_CODE,1.0
P_NUM_612178,612178,Construction of 100 Bedded ESIC Hospital building and 32 Nos Residential Quarters,Ministry of Labour & Employment,Social & Commercial,Tamil Nadu,Employee's State Insurance Company [ESIC],152.95,2015-02-01,2025-06-01,severely_delayed,EXACT_NUMERIC_CODE,1.0
P_NUM_612183,612183,Development of New Civil Enclave at Bihta,Ministry of Civil Aviation,Transport & Logistics,Bihar,Airport Authority of India [AAI],1413.0,2024-08-01,2027-03-01,deteriorating,EXACT_NUMERIC_CODE,1.0
P_NUM_612185,612185,C/o Construction of 200 bedded [Up-gradable to 300 bedded] ESI Hospital at Surat,Ministry of Labour & Employment,Social & Commercial,Gujarat,Employee's State Insurance Company [ESIC],209.36,2019-06-01,2025-06-01,severely_delayed,EXACT_NUMERIC_CODE,1.0
P_NUM_612186,612186,350 Bedded [Upgradable to 500 beds] ESI Hospital at Sanand,Ministry of Labour & Employment,Social & Commercial,Gujarat,Employee's State Insurance Company [ESIC],558.12,2022-06-01,2026-03-01,severely_delayed,EXACT_NUMERIC_CODE,1.0
P_NUM_612188,612188,Construction of 200 Bedded [Upgradable to 500 Bedded including 50 beds of SST],Ministry of Labour & Employment,Social & Commercial,Maharashtra,Employee's State Insurance Company [ESIC],429.25,2018-05-01,2025-09-01,severely_delayed,EXACT_NUMERIC_CODE,1.0
P_NUM_612194,612194,Development of New Civil Enclave and associated works at Darbhanga Airport,Ministry of Civil Aviation,Transport & Logistics,Bihar,Airport Authority of India [AAI],911.66,2024-07-01,2026-07-01,healthy,EXACT_NUMERIC_CODE,1.0
P_NUM_612201,612201,"Construction of 200 bedded ESIC Hospital with 62 Nos Staff quarters , Beltola",Ministry of Labour & Employment,Social & Commercial,Assam,Employee's State Insurance Company [ESIC],143.23,2017-12-01,2025-04-01,severely_delayed,EXACT_NUMERIC_CODE,1.0
P_NUM_612203,612203,Academic Block 1 & 2,Ministry of Higher Education,Social & Commercial,Maharashtra,"Indian Institute of Technology, Bombay",68.0,2022-09-01,2026-07-01,severely_delayed,EXACT_NUMERIC_CODE,1.0
P_NUM_612211,612211,"Demolition, Construction and upgradation of ESI Hospital, Kalol, Gujarat from 50 beds",Ministry of Labour & Employment,Social & Commercial,Gujarat,Employee's State Insurance Company [ESIC],205.87,2022-08-01,2025-10-01,severely_delayed,EXACT_NUMERIC_CODE,1.0
P_NUM_612213,612213,"Construction of 200 Bedded ESIC Hospital at Butibori, Nagpur, Maharashtra.",Ministry of Labour & Employment,Social & Commercial,Maharashtra,Employee's State Insurance Company [ESIC],194.93,2013-10-01,2025-08-01,severely_delayed,EXACT_NUMERIC_CODE,1.0
P_NUM_612239,612239,Construction of 100 bedded ESIC Hospital & 32 nos. of Staff qtrs at OMPURA J&K.,Ministry of Labour & Employment,Social & Commercial,"Jammu and, Kashmir",Employee's State Insurance Company [ESIC],131.05,2019-09-01,2024-09-01,severely_delayed,EXACT_NUMERIC_CODE,1.0
P_NUM_612259,612259,CONSTRUCTION OF 300 BEDDED HOSPITAL AT HARIDWAR,Ministry of Labour & Employment,Social & Commercial,Uttarakhand,Employee's State Insurance Company [ESIC],102.4,2021-02-01,2024-10-01,severely_delayed,EXACT_NUMERIC_CODE,1.0
P_NUM_612513,612513,"Construction of 100 Bedded ESI Hospital at Duburi, Odisha.",Ministry of Labour & Employment,Social & Commercial,Odisha,Employee's State Insurance Company [ESIC],164.6,2010-12-01,2027-06-01,deteriorating,EXACT_NUMERIC_CODE,1.0
P_NUM_612688,612688,Construction of New OPD Block 200 Bed ward Basement + GF + 6 Floors at the,Ministry of Labour & Employment,Social & Commercial,Telangana,Employee's State Insurance Company [ESIC],211.13,2017-11-01,2024-06-01,severely_delayed,EXACT_NUMERIC_CODE,1.0
P_NUM_612745,612745,"Construction of 200 bed ESI Hospital at Bommasandra, Karnataka",Ministry of Labour & Employment,Social & Commercial,Karnataka,Employee's State Insurance Company [ESIC],278.0,2015-02-01,2027-01-01,healthy,EXACT_NUMERIC_CODE,1.0
P_NUM_612748,612748,"Construction of 100 bed ESI Hospital and Staff Quarters [32 Nos.] at Harohalli,",Ministry of Labour & Employment,Social & Commercial,Karnataka,Employee's State Insurance Company [ESIC],150.92,2019-07-01,2027-02-01,deteriorating,EXACT_NUMERIC_CODE,1.0
P_NUM_612781,612781,Rebuilding of COB 4 at Durgapur Steel Plant,Ministry of Steel,Others,West Bengal,Steel Authority of India Limited [SAIL],916.78,2023-09-01,2027-09-01,healthy,EXACT_NUMERIC_CODE,1.0
P_NUM_612786,612786,Construction of New Domestic Terminal Building Building and miscellaneous works,Ministry of Civil Aviation,Transport & Logistics,Andhra Pradesh,Airport Authority of India [AAI],265.91,2023-03-01,2026-01-01,severely_delayed,EXACT_NUMERIC_CODE,1.0
P_NUM_612787,612787,Construction of New Domestic Terminal Building and Miscellaneous works at Hubli,Ministry of Civil Aviation,Transport & Logistics,Karnataka,Airport Authority of India [AAI],320.47,2023-06-01,2026-01-01,severely_delayed,EXACT_NUMERIC_CODE,1.0
P_NUM_612788,612788,Construction of New Domestic Terminal Building and Miscellaneous Works at,Ministry of Civil Aviation,Transport & Logistics,Karnataka,Airport Authority of India [AAI],322.45,2023-06-01,2026-02-01,healthy,EXACT_NUMERIC_CODE,1.0
P_NUM_612789,612789,Development of additional RESA on either end on Runway 10-28 at Calicut Airport.,Ministry of Civil Aviation,Transport & Logistics,Kerala,Airport Authority of India [AAI],484.57,2023-06-01,2025-09-01,severely_delayed,EXACT_NUMERIC_CODE,1.0
P_NUM_612790,612790,Power System Upgradation Project,Ministry of Petroleum & Natural Gas,Energy,Karnataka,Mangalore Refinery and Petrochemicals Limited,385.0,2023-10-01,2025-11-01,severely_delayed,EXACT_NUMERIC_CODE,1.0
P_NUM_612791,612791,"Re-Construction of Rigid portions of Secondary Runway, K and A Taxiway and",Ministry of Civil Aviation,Transport & Logistics,West Bengal,Airport Authority of India [AAI],328.3,2023-03-01,2025-10-01,severely_delayed,EXACT_NUMERIC_CODE,1.0
P_NUM_612793,612793,Widening of basic strip at Western Side of Runway Chainage 80m to 920m i/c slope,Ministry of Civil Aviation,Transport & Logistics,Sikkim,Airport Authority of India [AAI],323.26,2023-11-01,2026-06-01,severely_delayed,EXACT_NUMERIC_CODE,1.0
P_NUM_612815,612815,Nipania-Bhatapra 14.4 km 4th line PB72/NR/2022-23,Ministry of Railways,Transport & Logistics,Chhattisgarh,CAOC/SECR SECR mor,170.49,2022-12-01,2027-03-01,deteriorating,EXACT_NUMERIC_CODE,1.0
P_NUM_612816,612816,ITAPARA OCP,Ministry of Coal,Others,West Bengal,Eastern Coal Fields Limited [ECL],929.1,2023-12-01,2030-03-01,deteriorating,EXACT_NUMERIC_CODE,1.0
P_NUM_612819,612819,300 MW SPP part of 510 MW CPSU scheme,Ministry of Power,Energy,Rajasthan,NLC India Limited [NLCIL],1813.0,2022-07-01,2024-09-01,severely_delayed,EXACT_NUMERIC_CODE,1.0
P_NUM_612827,612827,Flyover between Pendurthi-Simhachalam North to avoid surface crossing at,Ministry of Railways,Transport & Logistics,Andhra Pradesh,CAO/C/SCoR SCoR mor,183.65,2023-04-01,2027-04-01,deteriorating,EXACT_NUMERIC_CODE,1.0
P_NUM_612834,612834,3rd & 4th line between Sarla - Sason 8 km PB73/2023-24/NR,Ministry of Railways,Transport & Logistics,Odisha,CAO/C/ECOR ECoR mor,252.0,2023-04-01,2025-12-01,healthy,EXACT_NUMERIC_CODE,1.0
P_NUM_612838,612838,DIPKA OC,Ministry of Coal,Others,Gujarat,SECL - CIL,7580.0,2017-01-01,2025-03-01,healthy,EXACT_NUMERIC_CODE,1.0
P_NUM_612845,612845,Pachora-Jamner with extension upto Malkapur-Narrow gauge to broad gauge 84 km,Ministry of Railways,Transport & Logistics,Maharashtra,CAOC/CR CR mor,955.39,2022-08-01,2027-08-01,cost_escalating,EXACT_NUMERIC_CODE,1.0
P_NUM_612851,612851,"Phase 1B - Construction of Academic Block, Hostel, Residential Tower, Directors",Ministry of Higher Education,Social & Commercial,Delhi,National Institute of Technology Delhi,333.49,2009-09-01,2025-09-01,healthy,EXACT_NUMERIC_CODE,1.0
P_NUM_612853,612853,Gurdaspur Jammu Pipeline,Ministry of Petroleum & Natural Gas,Energy,Punjab,Gas Authority of India Limited [GAIL],521.9,2023-07-01,2026-07-01,healthy,EXACT_NUMERIC_CODE,1.0
P_NUM_612855,612855,Transmission System for Evacuation of Power from Potential Energy Renewable Zone,Ministry of Power,Energy,Gujarat,Power Grid Corporation of India Limited [POWERGRID],697.0,2024-05-01,2026-05-01,healthy,EXACT_NUMERIC_CODE,1.0
P_NUM_612856,612856,Augmentation of 1x1500 MVA 3rd 765/400 kV transformation capacity at Kurnool,Ministry of Power,Energy,Andhra Pradesh,Power Grid Corporation of India Limited [POWERGRID],163.61,2023-05-01,2025-09-01,healthy,EXACT_NUMERIC_CODE,1.0
P_NUM_612876,612876,"Construction of Permanent Campus for NIT Mizoram at Lengpui, Aizawl",Ministry of Higher Education,Social & Commercial,Mizoram,NIT Mizoram,474.23,2009-09-01,2029-12-01,deteriorating,EXACT_NUMERIC_CODE,1.0
P_NUM_612877,612877,Establishment of NIT Puducherry Permanent Campus [Phase-I and Phase-II],Ministry of Higher Education,Social & Commercial,Puducherry,"National Institute of Technology, Puducherry",618.34,2009-09-01,2024-12-01,severely_delayed,EXACT_NUMERIC_CODE,1.0
P_NUM_612878,612878,Bangalore Metro Rail Project - PHASE-3,Ministry of Housing & Urban Affairs,Transport & Logistics,Karnataka,Bengaluru Metro Rail,15611.0,2024-09-01,2031-05-01,deteriorating,EXACT_NUMERIC_CODE,1.0
P_NUM_612883,612883,Establishment of Permanent Campus of NIT SIkkim at Khamdong-Gangtok District,Ministry of Higher Education,Social & Commercial,Sikkim,NIT Sikkim,685.76,2024-02-01,2028-02-01,healthy,EXACT_NUMERIC_CODE,1.0
P_NUM_612885,612885,Construction and Developement of National Institute of Technology Meghalaya,Ministry of Higher Education,Social & Commercial,Meghalaya,"National Institute of Technology, Meghalaya",494.52,2009-09-01,2022-03-01,severely_delayed,EXACT_NUMERIC_CODE,1.0
P_NUM_612894,612894,Construction of Permanent Campus of Central University of Himachal Pradesh at,Ministry of Higher Education,Social & Commercial,Himachal Pradesh,"Central University, Himachal Pradesh",251.98,2021-03-01,2024-11-01,severely_delayed,EXACT_NUMERIC_CODE,1.0
P_NUM_612898,612898,Construction of Permanent Campus of National Institute of Technology Arunachal,Ministry of Higher Education,Social & Commercial,Arunachal Pradesh,"National Institute of Technology, Arunachal Pradesh",592.61,2009-09-01,2026-08-01,healthy,EXACT_NUMERIC_CODE,1.0
P_NUM_612916,612916,Construction of permanent campus of Central University of Gujarat at Village,Ministry of Higher Education,Social & Commercial,Gujarat,Central University of Gujarat,490.63,2020-12-01,2025-03-01,severely_delayed,EXACT_NUMERIC_CODE,1.0
P_NUM_612998,612998,Bathinda Sangrur Pipeline,Ministry of Petroleum & Natural Gas,Energy,Punjab,Ministry of Petroleum and Natural Gas,367.0,2021-11-01,2024-05-01,severely_delayed,EXACT_NUMERIC_CODE,1.0
P_NUM_613002,613002,Redevelopment of Chennai Egmore Station,Ministry of Railways,Transport & Logistics,Tamil Nadu,Ministry of Railways,842.0,2022-05-01,2026-03-01,deteriorating,EXACT_NUMERIC_CODE,1.0
P_NUM_613003,613003,Dharamjaigarh-Korba 63 km,Ministry of Road Transport & Highways,Transport & Logistics,Chhattisgarh,CERL,1686.26,2023-08-01,2026-08-01,deteriorating,EXACT_NUMERIC_CODE,1.0
P_NUM_613008,613008,Construction of Permanent Campus of Central Tribal University of Andhra Pradesh,Ministry of Higher Education,Social & Commercial,Andhra Pradesh,Central Tribal University of Andhra Pradesh,305.0,2019-09-01,2027-06-01,healthy,EXACT_NUMERIC_CODE,1.0
P_NUM_613013,613013,Establishment of NIT Nagaland,Ministry of Higher Education,Social & Commercial,Nagaland,NIT Nagaland,275.63,2009-09-01,2025-12-01,healthy,EXACT_NUMERIC_CODE,1.0
P_NUM_613015,613015,Redevelopment of Chhatrapati Shivaji Maharaj Terminus [CSMT] and construction of,Ministry of Railways,Transport & Logistics,Maharashtra,Rail Land Development Authority,1813.0,2023-04-01,2027-03-01,deteriorating,EXACT_NUMERIC_CODE,1.0
P_NUM_613785,613785,Redevelopment of New Delhi Railway Station and construction of associated,Ministry of Railways,Transport & Logistics,Delhi,Rail Land Development Authority,4744.0,2023-01-01,2028-12-01,deteriorating,EXACT_NUMERIC_CODE,1.0
P_NUM_613786,613786,Redevelopment of Ahmedabad railway station and associated infrastructure on,Ministry of Railways,Transport & Logistics,Gujarat,Rail Land Development Authority,2379.0,2023-01-01,2028-03-01,healthy,EXACT_NUMERIC_CODE,1.0
P_NUM_613787,613787,Jamrani Dam Multipurpose Project,Ministry of Water Resources,Water & Sanitation,Uttarakhand,Irrigation-UK,2584.1,2023-10-01,2029-06-01,deteriorating,EXACT_NUMERIC_CODE,1.0
P_NUM_613788,613788,AGTHORI KAMAKHYA SECTION WITH CONSTRUCTION OF NEW RAIL CUM-,Ministry of Railways,Transport & Logistics,Assam,Northeast Frontier Railway [NFR],1473.77,2025-05-01,2029-12-01,deteriorating,EXACT_NUMERIC_CODE,1.0
P_NUM_613793,613793,SHYAMSUNDARPUR UG INCLUDING SA,Ministry of Coal,Others,West Bengal,ECL - CIL,483.65,2020-04-01,2026-03-01,severely_delayed,EXACT_NUMERIC_CODE,1.0
P_NUM_613794,613794,PARASEA-BELBAID UG PROJECT,Ministry of Coal,Others,West Bengal,ECL - CIL,389.1,2023-01-01,2028-03-01,deteriorating,EXACT_NUMERIC_CODE,1.0
P_NUM_613795,613795,JAMPALI OC RCE [2.0 MTY],Ministry of Coal,Others,Chhattisgarh,South Eastern Coalfields Limited [SECL],278.64,2020-05-01,2025-03-01,healthy,EXACT_NUMERIC_CODE,1.0
P_NUM_613798,613798,AMERA OC RCE [1.0 MTY],Ministry of Coal,Others,Chhattisgarh,SECL - CIL,335.97,2015-02-01,2026-03-01,healthy,EXACT_NUMERIC_CODE,1.0
P_NUM_613799,613799,AMGAON OC RCE [1.0 MTY],Ministry of Coal,Others,Chhattisgarh,SECL - CIL,316.11,2015-07-01,2026-03-01,healthy,EXACT_NUMERIC_CODE,1.0
P_NUM_613800,613800,JAGANNATHPUR OC RCE PROJECT,Ministry of Coal,Others,Chhattisgarh,SECL - CIL,459.49,2016-07-01,2025-03-01,severely_delayed,EXACT_NUMERIC_CODE,1.0
P_NUM_613801,613801,MAHAMAYA OCP [1.50 MTY],Ministry of Coal,Others,Chhattisgarh,SECL - CIL,410.26,2018-05-01,2026-03-01,severely_delayed,EXACT_NUMERIC_CODE,1.0
P_NUM_613802,613802,KANCHAN OC EXP,Ministry of Coal,Others,Madhya Pradesh,SECL - CIL,371.04,2014-12-01,2026-03-01,severely_delayed,EXACT_NUMERIC_CODE,1.0
P_NUM_613803,613803,JHIRIA WEST OCP [1.5 MTY],Ministry of Coal,Others,Madhya Pradesh,SECL - CIL,366.94,2024-01-01,2029-03-01,healthy,EXACT_NUMERIC_CODE,1.0
P_NUM_613804,613804,RPR TAWA-III UG 0.84 MTY,Ministry of Coal,Others,Madhya Pradesh,WCL - CIL,314.09,2021-12-01,2027-03-01,deteriorating,EXACT_NUMERIC_CODE,1.0
P_NUM_613808,613808,MURAIDIH UG PROJECT,Ministry of Coal,Others,Jharkhand,BCCL - CIL,339.87,2011-02-01,2014-04-01,severely_delayed,EXACT_NUMERIC_CODE,1.0
P_NUM_615183,615183,KHADIA EXPANSION [10 TO 16 MTP,Ministry of Coal,Others,"Multi-States, (Madhya Pradesh,, Uttar Pradesh)",NCL - CIL,491.67,2021-06-01,2025-03-01,severely_delayed,EXACT_NUMERIC_CODE,1.0
P_NUM_615184,615184,SAONER UG MINE -1 EXPANSION 1.,Ministry of Coal,Others,Maharashtra,WCL - CIL,228.64,2022-01-01,2028-03-01,healthy,EXACT_NUMERIC_CODE,1.0
P_NUM_615185,615185,AMALGAMATED DHANKASA & JAMUNIA,Ministry of Coal,Others,Madhya Pradesh,WCL - CIL,399.2,2022-09-01,2027-03-01,healthy,EXACT_NUMERIC_CODE,1.0
P_NUM_615186,615186,SASTI EXPANSION OPENCAST,Ministry of Coal,Others,Maharashtra,WCL - CIL,319.04,2020-08-01,2026-03-01,severely_delayed,EXACT_NUMERIC_CODE,1.0
P_NUM_615187,615187,RPR OF VISHNUPURI UG TO OC,Ministry of Coal,Others,Madhya Pradesh,WCL - CIL,220.62,2022-11-01,2029-03-01,deteriorating,EXACT_NUMERIC_CODE,1.0
P_NUM_615188,615188,NEW MAJRI UG TO OC 3 MTY COST,Ministry of Coal,Others,Maharashtra,WCL - CIL,402.27,2019-05-01,2027-03-01,deteriorating,EXACT_NUMERIC_CODE,1.0
P_NUM_615189,615189,MAKARDHOKRA EXPN OC 4.9 MTY,Ministry of Coal,Others,Maharashtra,WCL - CIL,361.87,2022-06-01,2026-03-01,severely_delayed,EXACT_NUMERIC_CODE,1.0
P_NUM_615190,615190,SINGHORI DEEP OC MIN 2.0 MTY,Ministry of Coal,Others,Maharashtra,WCL - CIL,335.75,2022-05-01,2029-03-01,deteriorating,EXACT_NUMERIC_CODE,1.0
P_NUM_615191,615191,KATKONA RO UG MINE,Ministry of Coal,Others,Chhattisgarh,SECL - CIL,329.21,2023-01-01,2029-03-01,deteriorating,EXACT_NUMERIC_CODE,1.0
P_NUM_615192,615192,GOKUL EXTENSION OC MINE,Ministry of Coal,Others,Maharashtra,WCL - CIL,309.58,2021-04-01,2026-03-01,severely_delayed,EXACT_NUMERIC_CODE,1.0
P_NUM_615193,615193,BASUNDHARA WEST EXTENSION OPEN,Ministry of Coal,Others,Odisha,MCL - CIL,479.15,2014-05-01,2019-03-01,severely_delayed,EXACT_NUMERIC_CODE,1.0
P_NUM_615194,615194,URDHAN EXPANSION OC COST PLUS,Ministry of Coal,Others,Madhya Pradesh,WCL - CIL,206.88,2022-07-01,2031-03-01,deteriorating,EXACT_NUMERIC_CODE,1.0
P_NUM_615195,615195,SHARDA UG MINE,Ministry of Coal,Others,Madhya Pradesh,WCL - CIL,166.25,2022-07-01,2028-03-01,deteriorating,EXACT_NUMERIC_CODE,1.0
P_NUM_615199,615199,KOLGAON EXPANSION DEEP OC MINE,Ministry of Coal,Others,Maharashtra,WCL - CIL,198.71,2023-01-01,2027-03-01,deteriorating,EXACT_NUMERIC_CODE,1.0
P_NUM_615202,615202,Capacity expansion of Deposit-14 and 14 NMZ at Kirandul,Ministry of Mines,Others,Chhattisgarh,National Mineral Development Corporation Limited [NMDC],1700.0,2021-08-01,2028-12-01,deteriorating,EXACT_NUMERIC_CODE,1.0
P_NUM_615206,615206,GANDHIGRAM UG MINE,Ministry of Coal,Others,Madhya Pradesh,WCL - CIL,414.15,2019-08-01,2026-03-01,severely_delayed,EXACT_NUMERIC_CODE,1.0
P_NUM_615327,615327,50 MW Solar PP Minedout Area,Ministry of Power,Energy,Tamil Nadu,NLC India Limited [NLCIL],218.03,2023-08-01,2025-03-01,severely_delayed,EXACT_NUMERIC_CODE,1.0
P_NUM_615330,615330,BALLARPUR NORTH WEST OC MINE,Ministry of Coal,Others,Maharashtra,WCL - CIL,360.81,2022-12-01,2029-03-01,deteriorating,EXACT_NUMERIC_CODE,1.0
P_NUM_615331,615331,GADEGAON OC 3 MTY,Ministry of Coal,Others,Maharashtra,WCL - CIL,497.41,2023-10-01,2030-03-01,deteriorating,EXACT_NUMERIC_CODE,1.0
P_NUM_615332,615332,Transmission System for Evacuation of Power from Rajasthan REZ Ph-IV [Part-2 5.5,Ministry of Power,Energy,Rajasthan,Power Grid Corporation of India Limited [POWERGRID],3279.0,2024-08-01,2026-08-01,severely_delayed,EXACT_NUMERIC_CODE,1.0
P_NUM_615333,615333,Transmission System for Evacuation of Power from Rajasthan REZ Ph-IV [Part-2 5.5,Ministry of Power,Energy,"Multi-States, (Madhya Pradesh,, Rajasthan)",Power Grid Corporation of India Limited [POWERGRID],2227.0,2024-08-01,2026-08-01,healthy,EXACT_NUMERIC_CODE,1.0
P_NUM_615334,615334,Transmission System for Evacuation of Power from Rajasthan REZ Ph-IV [Part-2 5.5,Ministry of Power,Energy,"Multi-States, (Madhya Pradesh,, Rajasthan)",Power Grid Corporation of India Limited [POWERGRID],3251.0,2024-08-01,2026-08-01,severely_delayed,EXACT_NUMERIC_CODE,1.0
P_NUM_615335,615335,Transmission System Strengthening for Interconnections of Bhadla-III & Bikaner III,Ministry of Power,Energy,Rajasthan,Power Grid Corporation of India Limited [POWERGRID],1382.0,2024-08-01,2026-08-01,severely_delayed,EXACT_NUMERIC_CODE,1.0
P_NUM_615336,615336,Transmission system for evacuation of Power from REZ in Rajasthan [20 GW] under,Ministry of Power,Energy,Delhi,Power Grid Corporation of India Limited [POWERGRID],284.0,2023-11-01,2026-02-01,severely_delayed,EXACT_NUMERIC_CODE,1.0
P_NUM_615337,615337,Additional Transmission System for evacuation of Power from Bhadla-III PS as part of,Ministry of Power,Energy,Rajasthan,Power Grid Corporation of India Limited [POWERGRID],369.0,2024-08-01,2026-02-01,severely_delayed,EXACT_NUMERIC_CODE,1.0
P_NUM_615338,615338,TRANSMISSION SYSTEM FOR EVACUATION OF POWER FROM RAJASTHAN,Ministry of Power,Energy,Rajasthan,Power Grid Corporation of India Limited [POWERGRID],2735.0,2024-11-01,2026-11-01,severely_delayed,EXACT_NUMERIC_CODE,1.0
P_NUM_615339,615339,Transmission system for evacuation of power from Rajasthan REZ Ph-IV [Part-,Ministry of Power,Energy,"Multi-States, (Haryana, Punjab,, Rajasthan)",Power Grid Corporation of India Limited [POWERGRID],5969.0,2024-11-01,2026-11-01,healthy,EXACT_NUMERIC_CODE,1.0
P_NUM_615340,615340,TRANSMISSION SYSTEM FOR EVACUATION OF POWER FROM RAJASTHAN,Ministry of Power,Energy,"Multi-States, (Haryana,, Rajasthan)",Power Grid Corporation of India Limited [POWERGRID],5357.0,2024-11-01,2026-11-01,healthy,EXACT_NUMERIC_CODE,1.0
P_NUM_615342,615342,Augmentation of Transformation Capacity at jam Khambhaliya PS [GIS] [SPV Name,Ministry of Power,Energy,Gujarat,Power Grid Corporation of India Limited [POWERGRID],329.0,2024-10-01,2026-07-01,severely_delayed,EXACT_NUMERIC_CODE,1.0
P_NUM_615343,615343,Provision of Dynamic Reactive Compensation at Khavda pooling Station 1 [KPS1] and,Ministry of Power,Energy,Gujarat,Power Grid Corporation of India Limited [POWERGRID],501.0,2024-11-01,2026-11-01,deteriorating,EXACT_NUMERIC_CODE,1.0
P_NUM_615344,615344,Transmission System for Evacuation of Power from Rajasthan REZ Ph-IV [Part-2,Ministry of Power,Energy,Madhya Pradesh,Power Grid Corporation of India Limited [POWERGRID],3674.0,2024-10-01,2026-10-01,severely_delayed,EXACT_NUMERIC_CODE,1.0
P_NUM_615345,615345,Transmission System for Evacuation of Power from Potential Renewable Energy Zone,Ministry of Power,Energy,Gujarat,Power Grid Corporation of India Limited [POWERGRID],4766.0,2024-10-01,2026-10-01,severely_delayed,EXACT_NUMERIC_CODE,1.0
P_NUM_615346,615346,Transmission System for Evacuation of Power from Rajasthan REZ Ph-IV [Part-2 5.5,Ministry of Power,Energy,Madhya Pradesh,Power Grid Corporation of India Limited [POWERGRID],2708.0,2024-08-01,2026-08-01,healthy,EXACT_NUMERIC_CODE,1.0
P_NUM_615347,615347,TRANSMISSION SYSTEM FOR EVACUATION OF POWER FROM POTENTIAL,Ministry of Power,Energy,"Multi-States, (Gujarat,, Maharashtra)",Power Grid Corporation of India Limited [POWERGRID],24819.0,2024-11-01,2029-05-01,deteriorating,EXACT_NUMERIC_CODE,1.0
P_NUM_615349,615349,TAPIN SOUTH EXPN,Ministry of Coal,Others,Jharkhand,CCL - CIL,230.41,2020-11-01,2028-03-01,deteriorating,EXACT_NUMERIC_CODE,1.0
P_NUM_615818,615818,Jawahar Khani Open Cast Mine,Ministry of Coal,Others,Telangana,Singareni Collieries Company Limited [SCCL],297.88,2021-12-01,2025-03-01,severely_delayed,EXACT_NUMERIC_CODE,1.0
P_NUM_615820,615820,TIKAK EXTENSION OCP,Ministry of Coal,Others,Assam,INVALID CO.,159.77,2022-07-01,2031-07-01,healthy,EXACT_NUMERIC_CODE,1.0
P_NUM_615821,615821,TIRAP OCP,Ministry of Coal,Others,Assam,INVALID CO.,289.46,2022-11-01,2030-11-01,deteriorating,EXACT_NUMERIC_CODE,1.0
P_NUM_615822,615822,SIRKA OC,Ministry of Coal,Others,Jharkhand,CCL - CIL,183.18,2020-05-01,2028-03-01,healthy,EXACT_NUMERIC_CODE,1.0
P_NUM_615843,615843,TETARIAKHAR OC,Ministry of Coal,Others,Jharkhand,CCL - CIL,232.64,2019-11-01,2025-03-01,severely_delayed,EXACT_NUMERIC_CODE,1.0
P_NUM_615857,615857,Naini Coal Mine,Ministry of Coal,Others,Odisha,Singareni Collieries Company Limited [SCCL],494.3,2020-03-01,2026-03-01,healthy,EXACT_NUMERIC_CODE,1.0
P_NUM_615858,615858,Kalyanikhani Opencast Project,Ministry of Coal,Others,Telangana,Singareni Collieries Company Limited [SCCL],384.32,2016-03-01,2026-03-01,healthy,EXACT_NUMERIC_CODE,1.0
P_NUM_615859,615859,Kakathiya Khani Opencast - III Project Phase - I,Ministry of Coal,Others,Telangana,Singareni Collieries Company Limited [SCCL],413.84,2017-03-01,2026-03-01,healthy,EXACT_NUMERIC_CODE,1.0
P_NUM_615860,615860,Godavarikhani Coal Mine - 5,Ministry of Coal,Others,Telangana,Singareni Collieries Company Limited [SCCL],607.04,2019-07-01,2025-03-01,severely_delayed,EXACT_NUMERIC_CODE,1.0
P_NUM_615861,615861,Indaram Opencast Project,Ministry of Coal,Others,Telangana,Singareni Collieries Company Limited [SCCL],424.81,2017-08-01,2025-03-01,severely_delayed,EXACT_NUMERIC_CODE,1.0
P_NUM_615862,615862,Goleti Opencast Mine,Ministry of Coal,Others,Telangana,Singareni Collieries Company Limited [SCCL],345.6,2021-07-01,2026-03-01,healthy,EXACT_NUMERIC_CODE,1.0
P_NUM_615863,615863,Venkatesh Khani Coal Mine,Ministry of Coal,Others,Telangana,Singareni Collieries Company Limited [SCCL],484.5,2020-10-01,2026-03-01,healthy,EXACT_NUMERIC_CODE,1.0
P_NUM_615864,615864,Ramagundam OC-II Extension Project,Ministry of Coal,Others,Telangana,Singareni Collieries Company Limited [SCCL],489.62,2015-11-01,2026-03-01,healthy,EXACT_NUMERIC_CODE,1.0
P_NUM_615865,615865,Kakatiyakhani OC - 2 Project,Ministry of Coal,Others,Telangana,Singareni Collieries Company Limited [SCCL],442.42,2017-08-01,2025-03-01,severely_delayed,EXACT_NUMERIC_CODE,1.0
P_NUM_615914,615914,GHONSA EXPANSION DEEP OC MINE,Ministry of Coal,Others,Maharashtra,WCL - CIL,184.71,2021-03-01,2029-03-01,deteriorating,EXACT_NUMERIC_CODE,1.0
P_NUM_615915,615915,Rourkela-Bondamunda A-Cabin 5th line 10 km Umbrella work PB57/2019-20/NR,Ministry of Railways,Transport & Logistics,Odisha,CAO/C/SER SER mor,244.99,2022-09-01,2024-09-01,severely_delayed,EXACT_NUMERIC_CODE,1.0
P_NUM_615916,615916,AMLG GAURI PAUNI EXPANSION OC,Ministry of Coal,Others,Maharashtra,WCL - CIL,1225.21,2024-04-01,2030-03-01,deteriorating,EXACT_NUMERIC_CODE,1.0
P_NUM_615917,615917,GAURIDEEP/GAURI CENTRAL OCP 7.,Ministry of Coal,Others,Maharashtra,WCL - CIL,973.07,2023-08-01,2030-03-01,deteriorating,EXACT_NUMERIC_CODE,1.0
P_NUM_615918,615918,RPR OF BHANEGAON OC,Ministry of Coal,Others,Maharashtra,WCL - CIL,405.2,2017-02-01,2028-03-01,deteriorating,EXACT_NUMERIC_CODE,1.0
P_NUM_615919,615919,N. EXTN. MUNGOLI NIRGUDA D OCP,Ministry of Coal,Others,Maharashtra,WCL - CIL,1024.91,2024-06-01,2029-03-01,deteriorating,EXACT_NUMERIC_CODE,1.0
P_NUM_615982,615982,NILJAI EXPANSION DEEP OCP,Ministry of Coal,Others,Maharashtra,WCL - CIL,319.75,2016-08-01,2022-03-01,severely_delayed,EXACT_NUMERIC_CODE,1.0
P_NUM_616044,616044,UKNI DEEP OC MINE -COST PLUS,Ministry of Coal,Others,Maharashtra,WCL - CIL,237.06,2018-11-01,2021-03-01,severely_delayed,EXACT_NUMERIC_CODE,1.0
P_NUM_616050,616050,AMALGAMATED INDER-KAMPTEE DEEP,Ministry of Coal,Others,Maharashtra,WCL - CIL,235.9,2018-09-01,2024-03-01,severely_delayed,EXACT_NUMERIC_CODE,1.0
P_NUM_616221,616221,Extension of Aqua Line Metro Corridor from Noida Sector-142 station to Botanical,Ministry of Housing & Urban Affairs,Transport & Logistics,Uttar Pradesh,Noida Metro Rail Corporation Ltd. [NMRCL],2254.35,2026-03-01,2030-03-01,deteriorating,EXACT_NUMERIC_CODE,1.0
P_NUM_616223,616223,ADASA UG TO OC MINE,Ministry of Coal,Others,Maharashtra,WCL - CIL,316.0,2018-11-01,2024-03-01,severely_delayed,EXACT_NUMERIC_CODE,1.0
P_NUM_616225,616225,CHUPERBHITA SIMLONG OCP MDO 6,Ministry of Coal,Others,Jharkhand,ECL - CIL,979.08,2023-12-01,2037-03-01,deteriorating,EXACT_NUMERIC_CODE,1.0
P_NUM_616226,616226,INTEGRATED KULDA GARJANBAHAL O,Ministry of Coal,Others,Odisha,MCL - CIL,3563.5,2023-04-01,2033-03-01,deteriorating,EXACT_NUMERIC_CODE,1.0
P_NUM_616227,616227,3rd line between Chandil - Anara- Damodar section 121.26 km,Ministry of Railways,Transport & Logistics,"Multi-States, (Jharkhand, West, Bengal)",CAO/C/SER SER mor,1932.01,2024-09-01,2029-09-01,deteriorating,EXACT_NUMERIC_CODE,1.0
P_NUM_616229,616229,AMAL GONDEGAON GHATROHANA EXPN,Ministry of Coal,Others,Maharashtra,WCL - CIL,668.54,2024-09-01,2029-03-01,deteriorating,EXACT_NUMERIC_CODE,1.0
P_NUM_616230,616230,PARASCOLE JAMBAD OCP,Ministry of Coal,Others,West Bengal,ECL - CIL,1193.55,2024-11-01,2037-03-01,deteriorating,EXACT_NUMERIC_CODE,1.0
P_NUM_616231,616231,BHUBANESWARI EXPN OCP 50 MTY,Ministry of Coal,Others,Odisha,MCL - CIL,5366.27,2024-03-01,2033-03-01,healthy,EXACT_NUMERIC_CODE,1.0
P_NUM_616232,616232,HINGULA II OC EXPN PH III 15 M,Ministry of Coal,Others,Odisha,MCL - CIL,1561.85,2022-11-01,2029-03-01,healthy,EXACT_NUMERIC_CODE,1.0
P_NUM_616233,616233,BALABHADRA OCP,Ministry of Coal,Others,Odisha,MCL - CIL,978.44,2023-04-01,2030-03-01,deteriorating,EXACT_NUMERIC_CODE,1.0
P_NUM_616234,616234,PELMA OC MDO,Ministry of Coal,Others,Chhattisgarh,SECL - CIL,1725.04,2022-10-01,2033-03-01,deteriorating,EXACT_NUMERIC_CODE,1.0
P_NUM_616235,616235,Construction of Aviation Fuel farm Facilities at Bhogapuram Airport,Ministry of Civil Aviation,Transport & Logistics,Andhra Pradesh,Ministry of Petroleum & Natural Gas,240.0,2024-08-01,2026-03-01,healthy,EXACT_NUMERIC_CODE,1.0
P_NUM_616236,616236,JARANGDIH EXPN. OCP 1.5 MTY,Ministry of Coal,Others,Jharkhand,CCL - CIL,372.06,2020-02-01,2029-03-01,healthy,EXACT_NUMERIC_CODE,1.0
P_NUM_616253,616253,BLOCK E OCP,Ministry of Coal,Others,Jharkhand,BCCL - CIL,5850.83,2024-03-01,2029-03-01,deteriorating,EXACT_NUMERIC_CODE,1.0
P_NUM_616254,616254,Visakh Raipur Pipeline Project,Ministry of Petroleum & Natural Gas,Energy,"Multi-States, (Chhattisgarh,, Odisha)",Hindustan Petroleum Corporation Limited,2212.0,2024-09-01,2027-09-01,healthy,EXACT_NUMERIC_CODE,1.0
P_NUM_616586,616586,Bangriposi - Gorumahisani 85.60 km PB9/SECR/2023-24,Ministry of Railways,Transport & Logistics,"Multi-States, (Odisha, West, Bengal)",CAO/C/SER SER mor,2269.49,2024-08-01,2029-12-01,deteriorating,EXACT_NUMERIC_CODE,1.0
P_NUM_616587,616587,Badampahar-Kendujhargarh new line [82.06 km],Ministry of Railways,Transport & Logistics,Odisha,CAO/C/SER,1875.72,2024-08-01,2029-12-01,deteriorating,EXACT_NUMERIC_CODE,1.0
P_NUM_616588,616588,Buramara - Chakulia 59.96 km PB9/SECR/2023-24,Ministry of Railways,Transport & Logistics,"Multi-States, (Jharkhand,, Odisha, West, Bengal)",CAO/C/SER SER mor,1459.13,2024-08-01,2029-12-01,deteriorating,EXACT_NUMERIC_CODE,1.0
P_NUM_616594,616594,Interception & Diversion with Rehabilitation of sewerage scheme at Agra under Hybrid,Ministry of Road Transport & Highways,Transport & Logistics,Uttar Pradesh,National Mission for Clean Ganga,842.25,2020-05-01,2025-04-01,severely_delayed,EXACT_NUMERIC_CODE,1.0
P_NUM_616600,616600,Interception and Diversion and STP works in Bhagalpur under Hybrid annuity based,Ministry of Road Transport & Highways,Transport & Logistics,Bihar,National Mission for Clean Ganga,413.29,2017-10-01,2025-02-01,severely_delayed,EXACT_NUMERIC_CODE,1.0
P_NUM_616604,616604,Pollution Abatement works for River Ganga at Hooghly Chinsurah- Municipal Town,Ministry of Road Transport & Highways,Transport & Logistics,West Bengal,National Mission for Clean Ganga,154.73,2018-05-01,2025-03-01,severely_delayed,EXACT_NUMERIC_CODE,1.0
P_NUM_616605,616605,Pollution Abatement Works for River Kali Meerut under Meerut Municipality,Ministry of Road Transport & Highways,Transport & Logistics,Uttar Pradesh,National Mission for Clean Ganga,690.71,2020-05-01,2024-12-01,severely_delayed,EXACT_NUMERIC_CODE,1.0
P_NUM_616611,616611,Sewage Treatment Plant 100MLD and Sewerage Network 288 km in Digha-Patna,Ministry of Road Transport & Highways,Transport & Logistics,Bihar,National Mission for Clean Ganga,824.0,2017-08-01,2025-12-01,severely_delayed,EXACT_NUMERIC_CODE,1.0
P_NUM_616612,616612,Sewage Treatment Plant 50MLD and Sewerage Network 150 km in Kankarbagh,Ministry of Water Resources,Water & Sanitation,Bihar,NMCG1,578.89,2017-08-01,2025-12-01,healthy,EXACT_NUMERIC_CODE,1.0
P_NUM_616615,616615,"Sewer Network, SPS and STP at Begusarai",Ministry of Road Transport & Highways,Transport & Logistics,Bihar,National Mission for Clean Ganga,230.06,2010-03-01,2025-04-01,severely_delayed,EXACT_NUMERIC_CODE,1.0
P_NUM_616616,616616,"Sewer Networks, SPS and STP at Hajipur",Ministry of Road Transport & Highways,Transport & Logistics,Bihar,National Mission for Clean Ganga,305.19,2010-03-01,2025-06-01,severely_delayed,EXACT_NUMERIC_CODE,1.0
P_NUM_616670,616670,Transmission System for evacuation of Power from Rajasthan REZ Ph-IV [Part-4 3.5,Ministry of Power,Energy,"Multi-States, (Rajasthan, Uttar, Pradesh)",Power Grid Corporation of India Limited [POWERGRID],5846.0,2024-12-01,2026-12-01,healthy,EXACT_NUMERIC_CODE,1.0
P_NUM_616671,616671,Transmission System under ISTS for evacuation of Power from Kudankulam Unit-3&4,Ministry of Power,Energy,Tamil Nadu,Power Grid Corporation of India Limited [POWERGRID],548.0,2025-01-01,2026-12-01,deteriorating,EXACT_NUMERIC_CODE,1.0
P_NUM_616672,616672,System Strengthening at Koppal-II and GadagII for integration of RE generation,Ministry of Power,Energy,Karnataka,Power Grid Corporation of India Limited [POWERGRID],1354.0,2025-01-01,2027-06-01,healthy,EXACT_NUMERIC_CODE,1.0
P_NUM_616691,616691,Upgradation & Extension of ESIC Hospital and Construction of PG Hostel / Staff,Ministry of Labour & Employment,Social & Commercial,Maharashtra,Employee's State Insurance Company [ESIC],260.13,2008-12-01,2025-08-01,severely_delayed,EXACT_NUMERIC_CODE,1.0
P_NUM_616694,616694,Flyover between Siju & Paradeep coaching yard 7 km PB73/2023-24/NR,Ministry of Railways,Transport & Logistics,Odisha,CAO/C/ECOR ECoR mor,200.77,2023-04-01,2028-07-01,deteriorating,EXACT_NUMERIC_CODE,1.0
P_NUM_616695,616695,Construction of Paradeep- Badabandha 3rd & 4th line 18.51 km PB34/ECOR/2023-24,Ministry of Railways,Transport & Logistics,Odisha,CAO/C/ECOR ECoR mor,300.15,2023-08-01,2028-11-01,deteriorating,EXACT_NUMERIC_CODE,1.0
P_NUM_616696,616696,RINGUS KHATUSHYAMJI NEW LINE,Ministry of Railways,Transport & Logistics,Rajasthan,North Western Railway [NWR],254.06,2024-03-01,2028-03-01,deteriorating,EXACT_NUMERIC_CODE,1.0
P_NUM_616697,616697,3rd & 4 th line Vadlapudi-Gate Jn. incl. tie line between Gangavaram Port-,Ministry of Railways,Transport & Logistics,Andhra Pradesh,CAO/C/SCoR SCoR mor,154.28,2023-04-01,2026-06-01,healthy,EXACT_NUMERIC_CODE,1.0
P_NUM_616699,616699,Multi tracking of Son Nagar-Andal 374.53 rkm & 814.38 tkm PB34/ECOR/2023-24,Ministry of Railways,Transport & Logistics,"Multi-States, (Bihar, Jharkhand,, Uttar Pradesh,, West Bengal)",CAO/Con/South/MHX ECR mor,12333.57,2023-08-01,2028-03-01,deteriorating,EXACT_NUMERIC_CODE,1.0
P_NUM_616701,616701,Lumding-Furkating section 140 km Umbrella work PB57/2019-20/NR,Ministry of Railways,Transport & Logistics,Assam,CAO/C-1/NFR NFR mor,2123.7,2024-02-01,2028-02-01,deteriorating,EXACT_NUMERIC_CODE,1.0
P_NUM_616702,616702,Malkangiri Pandurangapuram new railway line project,Ministry of Railways,Transport & Logistics,"Multi-States, (Andhra Pradesh,, Odisha,, Telangana)",Indian Railways,3591.76,2024-08-01,2031-11-01,deteriorating,EXACT_NUMERIC_CODE,1.0
P_NUM_616839,616839,Gunupur - Therubali new line 73.62 km,Ministry of Railways,Transport & Logistics,Odisha,CAO/C/ECOR ECoR mor,1165.89,2024-08-01,2029-12-01,deteriorating,EXACT_NUMERIC_CODE,1.0
P_NUM_616840,616840,RAS- MERTA CITY NEW LINE INCL BYPASS AT MERTA ROAD,Ministry of Railways,Transport & Logistics,Rajasthan,North Western Railway [NWR],947.0,2024-02-01,2028-03-01,deteriorating,EXACT_NUMERIC_CODE,1.0
P_NUM_616841,616841,Pushkar - Merta Katyasani 51.346 km,Ministry of Railways,Transport & Logistics,Rajasthan,CAOC/NWR NWR mor,799.64,2024-02-01,2026-12-01,severely_delayed,EXACT_NUMERIC_CODE,1.0
P_NUM_616842,616842,LUNI- SAMDARI- BHILDI DOUBLING,Ministry of Railways,Transport & Logistics,"Multi-States, (Gujarat,, Rajasthan)",North Western Railway [NWR],3085.59,2024-02-01,2027-07-01,healthy,EXACT_NUMERIC_CODE,1.0
P_NUM_616843,616843,Ajmer-Chanderiya section 178.28 km Umbrella work PB57/2019-20/NR,Ministry of Railways,Transport & Logistics,Rajasthan,CAOC/NWR NWR mor,1634.79,2024-02-01,2027-06-01,severely_delayed,EXACT_NUMERIC_CODE,1.0
P_NUM_616856,616856,Doubling between Bhadrachalam Road and Dornakal,Ministry of Railways,Transport & Logistics,Telangana,South Central Railway [SCR] - II,770.12,2023-08-01,2029-04-01,deteriorating,EXACT_NUMERIC_CODE,1.0
P_NUM_616857,616857,Doubling between Motumari Vishnupuram 88.81 km and Rail over Rail RoR at,Ministry of Railways,Transport & Logistics,"Multi-States, (Andhra Pradesh,, Telangana)",CAO/C/SCoR SCoR mor,1595.55,2024-02-01,2029-03-01,deteriorating,EXACT_NUMERIC_CODE,1.0
P_NUM_616858,616858,"Construction of Field Gas Gathering Station at Baghjan area for collection, processing",Ministry of Petroleum & Natural Gas,Energy,Assam,Oil India Limited,430.76,2020-12-01,2024-03-01,severely_delayed,EXACT_NUMERIC_CODE,1.0
P_NUM_616879,616879,Demo Bio-ATF Project,Ministry of Petroleum & Natural Gas,Energy,Karnataka,Mangalore Refinery and Petrochemicals Limited,364.0,2024-03-01,2027-01-01,healthy,EXACT_NUMERIC_CODE,1.0
P_NUM_616886,616886,Delhi University Eastern Campus at Surajmal Vihar,Ministry of Higher Education,Social & Commercial,Delhi,Delhi University,373.0,2024-09-01,2026-10-01,deteriorating,EXACT_NUMERIC_CODE,1.0
P_NUM_616933,616933,Lube Modernization & Bottom Upgradation Project at Mumbai Refinery,Ministry of Petroleum & Natural Gas,Energy,Maharashtra,Hindustan Petroleum Corporation Limited,4679.0,2024-12-01,2028-03-01,severely_delayed,EXACT_NUMERIC_CODE,1.0
P_NUM_616950,616950,PRP-VIII [Group-A],Ministry of Petroleum & Natural Gas,Energy,Offshore,Oil and Natural Gas Corporation Limited [ONGC],1589.4,2024-09-01,2026-02-01,healthy,EXACT_NUMERIC_CODE,1.0
P_NUM_616983,616983,Kosamba Umarpada GC PROJECT,Ministry of Railways,Transport & Logistics,Gujarat,Ministry of Railways-,467.58,2023-07-01,2027-06-01,deteriorating,EXACT_NUMERIC_CODE,1.0
P_NUM_617068,617068,"Augmentation of Transformation Capacity by 3x500 MVA, 400/220 KV ICTS [6th-8th]",Ministry of Power,Energy,Karnataka,Power Grid Corporation of India Limited [POWERGRID],288.0,2025-02-01,2027-06-01,deteriorating,EXACT_NUMERIC_CODE,1.0
P_NUM_617069,617069,Augmentation of Transformation Capacity at KPS1 [GIS] and KPS2 [GIS] [Phase-V,Ministry of Power,Energy,Gujarat,Power Grid Corporation of India Limited [POWERGRID],466.0,2025-02-01,2027-02-01,healthy,EXACT_NUMERIC_CODE,1.0
P_NUM_617179,617179,Transmission Scheme for evacuation of Power from Ratle HEP [850 MW] & kiru [624,Ministry of Power,Energy,"Jammu and, Kashmir",Power Grid Corporation of India Limited [POWERGRID],218.6,2024-07-01,2026-07-01,severely_delayed,EXACT_NUMERIC_CODE,1.0
P_NUM_617181,617181,"Augmentation at Fatehgarh-II PS, Fatehgarh-IV PS [Section-II] and Barmer-I PS",Ministry of Power,Energy,Rajasthan,Power Grid Corporation of India Limited [POWERGRID],404.0,2025-03-01,2026-12-01,deteriorating,EXACT_NUMERIC_CODE,1.0
P_NUM_617182,617182,Augmentation of Banaskantha [Raghanesda] PS [GIS] [POWERGRID Banaskantha,Ministry of Power,Energy,Gujarat,Power Grid Corporation of India Limited [POWERGRID],172.0,2025-03-01,2027-03-01,healthy,EXACT_NUMERIC_CODE,1.0
P_NUM_617183,617183,Transmission system strengthening at Kurnool- III PS for integration of additional RE,Ministry of Power,Energy,Andhra Pradesh,Power Grid Corporation of India Limited [POWERGRID],2886.0,2025-03-01,2027-12-01,healthy,EXACT_NUMERIC_CODE,1.0
P_NUM_617184,617184,Transmission Scheme for integration of Davanagere/ Chitradurga and Bellary REZ in,Ministry of Power,Energy,Karnataka,Power Grid Corporation of India Limited [POWERGRID],3453.0,2025-03-01,2027-09-01,deteriorating,EXACT_NUMERIC_CODE,1.0
P_NUM_617185,617185,Transmission System for Integration of Kurnool-IV REZ Phase-I [for 4.5 GW],Ministry of Power,Energy,"Multi-States, (Andhra Pradesh,, Karnataka)",Power Grid Corporation of India Limited [POWERGRID],5550.0,2025-03-01,2027-03-01,deteriorating,EXACT_NUMERIC_CODE,1.0
P_NUM_617186,617186,Rajasthan REZ Ph-V [Part-1- 4 GW] [Sirohi/Nagaur] Complex [Rajasthan V Power,Ministry of Power,Energy,"Multi-States, (Madhya Pradesh,, Rajasthan)",Power Grid Corporation of India Limited [POWERGRID],5028.0,2025-03-01,2027-03-01,healthy,EXACT_NUMERIC_CODE,1.0
P_NUM_617188,617188,"Sipat Super Thermal Power Project, Stage-III [1x800 MW]",Ministry of Power,Energy,Chhattisgarh,National Thermal Power Corporation [NTPC],9791.0,2024-09-01,2029-09-01,deteriorating,EXACT_NUMERIC_CODE,1.0
P_NUM_617200,617200,KHARSIA- NAYA RAIPUR-PARMALKASA 5th and 6th Line [278KM],Ministry of Railways,Transport & Logistics,Chhattisgarh,CAO/C/SECR,7853.84,2025-04-01,2031-03-01,deteriorating,EXACT_NUMERIC_CODE,1.0
P_NUM_617201,617201,Gondia-Balharshah [Chanda Fort] Doubling [240 Km],Ministry of Railways,Transport & Logistics,Maharashtra,South East Central Railway,4373.04,2025-04-01,2031-03-01,deteriorating,EXACT_NUMERIC_CODE,1.0
P_NUM_617206,617206,Delhi Metro Rail Phase-IV [Rithala - Kundli Corridor],Ministry of Housing & Urban Affairs,Transport & Logistics,"Multi-States (Delhi,, Haryana)",Delhi Metro Rail Corporation Limited [DMRC],6230.99,2025-01-01,2029-01-01,deteriorating,EXACT_NUMERIC_CODE,1.0
P_NUM_617207,617207,Delhi Metro Rail Phase-IV [2 Corridors],Ministry of Housing & Urban Affairs,Transport & Logistics,Delhi,Delhi Metro Rail Corporation Limited [DMRC],8399.81,2024-03-01,2029-03-01,deteriorating,EXACT_NUMERIC_CODE,1.0
P_NUM_617210,617210,Tirupati-Pakala-Katpadi Doubling 104.39 Km Item83/NR/2024-25,Ministry of Railways,Transport & Logistics,"Multi-States, (Andhra Pradesh,, Tamil Nadu)",CAO/C/SCoR SCoR mor,1215.56,2025-04-01,2029-04-01,deteriorating,EXACT_NUMERIC_CODE,1.0
P_NUM_617211,617211,Doubling of Guntur Bibinagar 239 Km,Ministry of Railways,Transport & Logistics,"Multi-States, (Andhra Pradesh,, Telangana)",South Central Railway [SCR] - II,2853.23,2023-08-01,2029-03-01,deteriorating,EXACT_NUMERIC_CODE,1.0
P_NUM_617212,617212,Doubling between Mudkhed Medchal & Mahbubnagar Dhone section 417.88 Km,Ministry of Railways,Transport & Logistics,"Multi-States, (Andhra Pradesh,, Maharashtra,, Telangana)",South Central Railway [SCR] - II,4686.09,2023-08-01,2029-03-01,deteriorating,EXACT_NUMERIC_CODE,1.0
P_NUM_617213,617213,"Varanasi- Pt. Deen Dayal Upadhyaya - Multitracking 15 km, including construction of a",Ministry of Railways,Transport & Logistics,Uttar Pradesh,CAO/C-II/NR NR mor,2464.46,2024-10-01,2029-10-01,deteriorating,EXACT_NUMERIC_CODE,1.0
P_NUM_617214,617214,"South Central Railway- Rail connectivity to Amaravati, Capital of Andhra Pradesh",Ministry of Railways,Transport & Logistics,"Multi-States, (Andhra Pradesh,, Telangana)",CAO/C/SCoR SCoR mor,2047.4,2024-11-01,2027-03-01,deteriorating,EXACT_NUMERIC_CODE,1.0
P_NUM_617215,617215,Doubling between Parbhani-Parli Vaijnath stations 64.71 km PB34/CR/2023-24,Ministry of Railways,Transport & Logistics,Maharashtra,CAOCON/SCR SCR mor,769.93,2023-12-01,2028-03-01,deteriorating,EXACT_NUMERIC_CODE,1.0
P_NUM_617216,617216,South Central Railway- 3rd line between Gudur-Renigunta stations 83.17 km,Ministry of Railways,Transport & Logistics,Andhra Pradesh,CAO/C/SCoR SCoR mor,877.34,2024-10-01,2027-03-01,deteriorating,EXACT_NUMERIC_CODE,1.0
P_NUM_617221,617221,"Construction of Girls Hostel 400 seater, Boys Hostel 600 seater, Academic Block,",Ministry of Higher Education,Social & Commercial,Punjab,Central University of Punjab,210.99,2024-08-01,2027-10-01,healthy,EXACT_NUMERIC_CODE,1.0
P_NUM_617224,617224,Gorakhpur-Valmikinagar Doubling project,Ministry of Railways,Transport & Logistics,"Multi-States, (Bihar, Uttar, Pradesh)",NER,1120.0,2023-08-01,2027-12-01,healthy,EXACT_NUMERIC_CODE,1.0
P_NUM_617225,617225,PCMC To Nigdi- Extension Of North South Corridor Of Phase-1,Ministry of Housing & Urban Affairs,Transport & Logistics,Maharashtra,Maharashtra Metro Rail Corporation Limited [MMRCL],910.18,2023-10-01,2027-01-01,healthy,EXACT_NUMERIC_CODE,1.0
P_NUM_617226,617226,Pune Metro Phase-1 Extension line towards south from Swargate to Katraj,Ministry of Housing & Urban Affairs,Transport & Logistics,Maharashtra,Maharashtra Metro Rail Corporation Limited [MMRCL],2954.53,2024-09-01,2029-03-01,deteriorating,EXACT_NUMERIC_CODE,1.0
P_NUM_617231,617231,East Central Railway - Construction of Bulb line at Nabinagar Ankorah 17.49Km,Ministry of Railways,Transport & Logistics,Bihar,CAO/Con/South/MHX ECR mor,611.74,2024-06-01,2028-06-01,deteriorating,EXACT_NUMERIC_CODE,1.0
P_NUM_617233,617233,WAGHODA UG MINE [1.02 MTY],Ministry of Coal,Others,Maharashtra,WCL - CIL,379.3,2024-01-01,2030-03-01,deteriorating,EXACT_NUMERIC_CODE,1.0
P_NUM_617239,617239,Narkatiaganj-Raxaul-Sitamarhi-Darbhanga & Sitamarhi-Muzaffarpur Sections doubling,Ministry of Railways,Transport & Logistics,Bihar,CAO/Con/North/MHX ECR mor,4079.95,2024-11-01,2029-11-01,deteriorating,EXACT_NUMERIC_CODE,1.0
P_NUM_617240,617240,Murarai - Barharwa 3rd line,Ministry of Railways,Transport & Logistics,"Multi-States, (Jharkhand, West, Bengal)",Eastern Railway [ER] - II ,935.19,2026-01-01,2028-05-01,deteriorating,EXACT_NUMERIC_CODE,1.0
P_NUM_617242,617242,Installation of New Bar Mill at Durgapur Steel Plant,Ministry of Steel,Others,West Bengal,Steel Authority of India Limited [SAIL],2115.44,2024-07-01,2027-06-01,healthy,EXACT_NUMERIC_CODE,1.0
P_NUM_617243,617243,Replacement of Hot Leveller No.1 of Plate Mill at Bhilai Steel Plant,Ministry of Steel,Others,Chhattisgarh,Steel Authority of India Limited [SAIL],198.62,2024-07-01,2026-07-01,healthy,EXACT_NUMERIC_CODE,1.0
P_NUM_617245,617245,Katihar-Kumedpur & Katihar-Mukuria 64.5 km Umbrella work PB57/2019-20/NR,Ministry of Railways,Transport & Logistics,"Multi-States, (Bihar, West, Bengal)",CAO/C-II/NFR NFR mor,942.64,2022-08-01,2027-08-01,cost_escalating,EXACT_NUMERIC_CODE,1.0
P_NUM_617246,617246,Up-gradation of Blast Furnace No. 3 at Durgapur Steel Plant,Ministry of Steel,Others,West Bengal,Steel Authority of India Limited [SAIL],758.09,2024-09-01,2027-10-01,healthy,EXACT_NUMERIC_CODE,1.0
P_NUM_617248,617248,Third Ladle Furnace in Secondary Refinery Unit at IISCO Steel Plant,Ministry of Steel,Others,West Bengal,Steel Authority of India Limited [SAIL],227.96,2024-11-01,2026-07-01,healthy,EXACT_NUMERIC_CODE,1.0
P_NUM_617249,617249,Replacement of existing Grinders in CRM-I & II at Bokaro Steel Plant,Ministry of Steel,Others,Jharkhand,Steel Authority of India Limited [SAIL],211.94,2025-01-01,2027-01-01,healthy,EXACT_NUMERIC_CODE,1.0
P_NUM_617250,617250,Secondary Emission Control in Converters of SMS-II at Bokaro Steel Plant,Ministry of Steel,Others,Jharkhand,Steel Authority of India Limited [SAIL],207.13,2025-01-01,2026-10-01,healthy,EXACT_NUMERIC_CODE,1.0
P_NUM_617251,617251,Revamping of Air Pollution Control Systems of SP-1 at Durgapur Steel Plant,Ministry of Steel,Others,West Bengal,Steel Authority of India Limited [SAIL],196.4,2024-07-01,2026-05-01,severely_delayed,EXACT_NUMERIC_CODE,1.0
P_NUM_617252,617252,Anand Nagar - Ghughuli via Maharajganj 53.37 km,Ministry of Railways,Transport & Logistics,Uttar Pradesh,CAOC/NER NER mor,958.27,2023-08-01,2028-03-01,cost_escalating,EXACT_NUMERIC_CODE,1.0
P_NUM_617253,617253,Revamping of old sub-systems of Blast Furnace 3 at Bokaro Steel Plant,Ministry of Steel,Others,Jharkhand,Steel Authority of India Limited [SAIL],513.82,2023-08-01,2025-07-01,severely_delayed,EXACT_NUMERIC_CODE,1.0
P_NUM_617254,617254,Replacement of remaining 04 sets of Battery Cyclones with 04 Nos. of ESPs in Sinter,Ministry of Steel,Others,Jharkhand,Steel Authority of India Limited [SAIL],260.37,2024-03-01,2026-06-01,severely_delayed,EXACT_NUMERIC_CODE,1.0
P_NUM_617255,617255,"Replacement of Converter Vessels, Trunnion Rings, Support System & Installation of",Ministry of Steel,Others,Chhattisgarh,Steel Authority of India Limited [SAIL],471.83,2023-10-01,2026-06-01,healthy,EXACT_NUMERIC_CODE,1.0
P_NUM_617256,617256,Rebuilding of Coke Oven Battery No.7 & 8 at Bhilai Steel Plant,Ministry of Steel,Others,Chhattisgarh,Steel Authority of India Limited [SAIL],884.1,2023-11-01,2025-10-01,severely_delayed,EXACT_NUMERIC_CODE,1.0
P_NUM_617257,617257,Rebuilding of Coke Oven Battery No.6 at Bokaro Steel Plant,Ministry of Steel,Others,Jharkhand,Steel Authority of India Limited [SAIL],627.31,2023-11-01,2026-11-01,severely_delayed,EXACT_NUMERIC_CODE,1.0
P_NUM_617269,617269,Transmission System for Strengthening to facilitate evacuation of power from,Ministry of Power,Energy,Uttar Pradesh,Power Grid Corporation of India Limited [POWERGRID],212.81,2024-12-01,2026-06-01,deteriorating,EXACT_NUMERIC_CODE,1.0
P_NUM_617270,617270,Eastern Region Expansion Scheme-44 [ERES-44],Ministry of Power,Energy,"Multi-States, (Bihar, West, Bengal)",Power Grid Corporation of India Limited [POWERGRID],408.94,2024-11-01,2026-05-01,severely_delayed,EXACT_NUMERIC_CODE,1.0
P_NUM_617271,617271,Eastern Region Expansion Scheme-43 [ERES-43],Ministry of Power,Energy,"Multi-States, (Bihar, Odisha,, West Bengal)",Power Grid Corporation of India Limited [POWERGRID],342.69,2024-09-01,2026-03-01,deteriorating,EXACT_NUMERIC_CODE,1.0
P_NUM_617272,617272,Implementation of LILO of both circuits of 400KV vindhyachal PS-Sasan D/C Line at,Ministry of Power,Energy,Madhya Pradesh,Power Grid Corporation of India Limited [POWERGRID],370.0,2024-06-01,2026-12-01,healthy,EXACT_NUMERIC_CODE,1.0
P_NUM_617278,617278,KOLARPIMPRI EXPANSION OC [2.5,Ministry of Coal,Others,Maharashtra,WCL - CIL,630.37,2024-06-01,2030-03-01,deteriorating,EXACT_NUMERIC_CODE,1.0
P_NUM_617279,617279,Transmission System for evacuation of power from Mahan Energen Limited,Ministry of Power,Energy,Madhya Pradesh,Power Grid Corporation of India Limited [POWERGRID],558.0,2025-06-01,2027-12-01,deteriorating,EXACT_NUMERIC_CODE,1.0
P_NUM_617280,617280,Construction of Basement + Ground Floor+ 10 Storeyed building for State of the Art,Ministry of Housing & Urban Affairs,Social & Commercial,West Bengal,Central Public Works Department [CPWD],255.37,2019-04-01,2026-08-01,healthy,EXACT_NUMERIC_CODE,1.0
P_NUM_617282,617282,"C/o 184 MS Flats for Hon'ble MPs at BKS Marg, New Delhi",Ministry of Housing & Urban Affairs,Social & Commercial,Delhi,Central Public Works Department [CPWD],646.53,2022-01-01,2025-05-01,healthy,EXACT_NUMERIC_CODE,1.0
P_NUM_617284,617284,Chunar-Chopan doubling project,Ministry of Railways,Transport & Logistics,Uttar Pradesh,North Central Railway,1423.96,2023-08-01,2028-03-01,deteriorating,EXACT_NUMERIC_CODE,1.0
P_NUM_617287,617287,KUSMUNDA OC EXPANSION PROJECT,Ministry of Coal,Others,Chhattisgarh,SECL - CIL,4516.88,2024-11-01,2030-03-01,deteriorating,EXACT_NUMERIC_CODE,1.0
P_NUM_617288,617288,MANIKPUR OC EXPANSION PROJECT,Ministry of Coal,Others,Chhattisgarh,SECL - CIL,382.61,2025-01-01,2029-03-01,deteriorating,EXACT_NUMERIC_CODE,1.0
P_NUM_617290,617290,Jeypore - Malkangiri New BG Line Project,Ministry of Railways,Transport & Logistics,Odisha,Indian Railways,2343.64,2018-02-01,2030-12-01,deteriorating,EXACT_NUMERIC_CODE,1.0
P_NUM_617299,617299,50 MW Wind Power Project,Ministry of Power,Energy,Gujarat,NLC India Limited,383.84,2022-07-01,2025-06-01,severely_delayed,EXACT_NUMERIC_CODE,1.0
P_NUM_617302,617302,Durgapur - Haldia Pipeline [Section-3B of JHBDPL Project],Ministry of Petroleum & Natural Gas,Energy,West Bengal,Gas Authority of India Limited [GAIL],1740.0,2017-03-01,2020-12-01,severely_delayed,EXACT_NUMERIC_CODE,1.0
P_NUM_617303,617303,"City Gas Distribution Project at Khagaria, Saharsa and Madhepura",Ministry of Petroleum & Natural Gas,Energy,Bihar,Ministry of Petroleum & Natural Gas,163.0,2019-03-01,2030-03-01,healthy,EXACT_NUMERIC_CODE,1.0
P_NUM_617304,617304,"Setting up of LPG Plant with Rail Unloading Facility at Hathua, Dist. Gopalganj, Bihar",Ministry of Petroleum & Natural Gas,Energy,Bihar,Bharat Petroleum Corporation Limited [BPCL],340.15,2023-10-01,2027-03-01,healthy,EXACT_NUMERIC_CODE,1.0
P_NUM_617320,617320,New B.G Railway Line between Jeypore & Navarangpur [38 Km] with Electrification,Ministry of Railways,Transport & Logistics,Odisha,Indian Railway and Govt of Odisha,747.91,2017-07-01,2025-09-01,deteriorating,EXACT_NUMERIC_CODE,1.0
P_NUM_617321,617321,Godhani-Kalumna Chord 13.7 km,Ministry of Railways,Transport & Logistics,Offshore,Ministry of Railways,150000.0,2018-07-01,2028-07-01,deteriorating,EXACT_NUMERIC_CODE,1.0
P_NUM_617322,617322,Kalipahari Bakhtarnagar 5th line,Ministry of Railways,Transport & Logistics,West Bengal,Eastern Railway [ER] - I,350.46,2024-08-01,2027-06-01,deteriorating,EXACT_NUMERIC_CODE,1.0
P_NUM_617326,617326,Implementation of Transmission Systems in the State of Jharkhand consisting of,Ministry of Power,Energy,Jharkhand,Power Grid Corporation of India Limited [POWERGRID],1842.25,2012-02-01,2026-03-01,severely_delayed,EXACT_NUMERIC_CODE,1.0
P_NUM_617327,617327,Thane Integral Ring Metro Rail Project,Ministry of Housing & Urban Affairs,Transport & Logistics,Maharashtra,Maharashtra Metro Rail Corporation Limited [MMRCL],12200.1,2024-09-01,2029-09-01,deteriorating,EXACT_NUMERIC_CODE,1.0
P_NUM_617333,617333,Construction of surface traingle between Bhadaura and new crossing station Karma,Ministry of Railways,Transport & Logistics,"Multi-States, (Bihar, Uttar, Pradesh)",CAO/Con/South/MHX ECR mor,199.96,2022-10-01,2027-02-01,deteriorating,EXACT_NUMERIC_CODE,1.0
P_NUM_617338,617338,Stamp Charge Battery No.12 Battery Proper at IISCO Steel Plant,Ministry of Steel,Others,West Bengal,Steel Authority of India Limited [SAIL],2518.39,2025-01-01,2028-07-01,deteriorating,EXACT_NUMERIC_CODE,1.0
P_NUM_617345,617345,SER Upgradation of maintenance infrastructure at Shalimar into Vande Bharat Chair,Ministry of Railways,Transport & Logistics,West Bengal,South Eastern Railway - JH,226.87,2024-03-01,2026-10-01,healthy,EXACT_NUMERIC_CODE,1.0
P_NUM_617361,617361,Babupeth - Sasti New Rail Line [13.114 KMs],Ministry of Railways,Transport & Logistics,Maharashtra,CentralRailway,362.81,2024-10-01,2028-03-01,deteriorating,EXACT_NUMERIC_CODE,1.0
P_NUM_617364,617364,Central Railway - Double chord line between Nilaje and Kopar 4.495 km,Ministry of Railways,Transport & Logistics,Maharashtra,CAOC/CR CR mor,338.33,2023-07-01,2028-07-01,deteriorating,EXACT_NUMERIC_CODE,1.0
P_NUM_617370,617370,Doubling between Jaunpur Jn - Zaffarabad 6.28 km PB73/2023-24/NR,Ministry of Railways,Transport & Logistics,Uttar Pradesh,CAOC/NR NR mor,180.66,2023-03-01,2027-01-01,cost_escalating,EXACT_NUMERIC_CODE,1.0
P_NUM_617372,617372,Pradhankhunta Jn-Patherdih Bazar-Bhojudih 17.1 km Umbrella work PB57/2019-,Ministry of Railways,Transport & Logistics,Jharkhand,CAO/Con/South/MHX ECR mor,349.22,2022-11-01,2027-11-01,healthy,EXACT_NUMERIC_CODE,1.0
P_NUM_617373,617373,Jhajha-Batai New Line Project,Ministry of Railways,Transport & Logistics,Bihar,East Central Railway [ECR] - I,588.18,2023-03-01,2027-03-01,deteriorating,EXACT_NUMERIC_CODE,1.0
P_NUM_617374,617374,"Dallirajhara - Rowghat New Rail Line Project, Phase-I",Ministry of Railways,Transport & Logistics,Chhattisgarh,Rail Vikas Nigam Limited,1516.45,2009-07-01,2025-03-01,severely_delayed,EXACT_NUMERIC_CODE,1.0
P_NUM_617375,617375,North Eastern Region Expansion Scheme-XXIII [NERES-XXIII],Ministry of Power,Energy,Arunachal Pradesh,Power Grid Corporation of India Limited [POWERGRID],209.38,2025-08-01,2028-02-01,deteriorating,EXACT_NUMERIC_CODE,1.0
P_NUM_617379,617379,Development of New Bijwasan Railway Terminal,Ministry of Railways,Transport & Logistics,Delhi,Northern Railways,446.21,2008-02-01,2020-03-01,severely_delayed,EXACT_NUMERIC_CODE,1.0
P_NUM_617390,617390,Sardega -Bhalumuda New Double line [37.24 Km],Ministry of Railways,Transport & Logistics,"Multi-States, (Chhattisgarh,, Odisha)",SECR,1281.81,2024-09-01,2028-03-01,deteriorating,EXACT_NUMERIC_CODE,1.0
P_NUM_617391,617391,Augmentation of Transformation Capacity at Bhuj-II PS [GIS],Ministry of Power,Energy,Gujarat,Power Grid Corporation of India Limited [POWERGRID],488.29,2025-02-01,2026-11-01,severely_delayed,EXACT_NUMERIC_CODE,1.0
P_NUM_617403,617403,SADULPUR - CHURU DOUBLING PROJECT,Ministry of Railways,Transport & Logistics,Rajasthan,North Western Railway [NWR],468.64,2024-01-01,2026-06-01,healthy,EXACT_NUMERIC_CODE,1.0
P_NUM_617404,617404,North Western Railway - New line between Ramdevra and Pokhran via Bhairav Gufa,Ministry of Railways,Transport & Logistics,Rajasthan,CAOC/NWR NWR mor,189.21,2025-04-01,2028-03-01,deteriorating,EXACT_NUMERIC_CODE,1.0
P_NUM_617405,617405,Jamnagar Transmission Limited,Ministry of Power,Energy,Gujarat,Adani Transmission Limited,4000.0,2024-10-01,2026-10-01,severely_delayed,EXACT_NUMERIC_CODE,1.0
P_NUM_617406,617406,RATLAM- DUNGARPUR VIA BANSWARA NEW LINE PROJECT,Ministry of Railways,Transport & Logistics,"Multi-States, (Madhya Pradesh,, Rajasthan)",North Western Railway [NWR],2417.24,2015-10-01,2028-03-01,deteriorating,EXACT_NUMERIC_CODE,1.0
P_NUM_617408,617408,NATHDWARA- NATHDWARA TOWN NL,Ministry of Railways,Transport & Logistics,Rajasthan,North Western Railway [NWR],166.33,2019-03-01,2027-03-01,deteriorating,EXACT_NUMERIC_CODE,1.0
P_NUM_617409,617409,Railway Manufacturing Unit,Ministry of Railways,Transport & Logistics,Telangana,RVNL - II,521.36,2016-07-01,2026-12-01,healthy,EXACT_NUMERIC_CODE,1.0
P_NUM_617412,617412,Construction of One Tower of Office Complex and another Tower of Residential,Ministry of Housing & Urban Affairs,Social & Commercial,Telangana,Central Public Works Department - CPWD,644.0,2024-03-01,2027-09-01,deteriorating,EXACT_NUMERIC_CODE,1.0
P_NUM_617413,617413,Mobile connectivity in Left Wing Extremism [LWE] affected areas-Phase 1,Ministry of Telecommunications,Communication,"Multi-States, (Andhra Pradesh,, Bihar,, Chhattisgarh,, Jharkhand,, Madhya Pradesh,, Maharashtra,, Odisha,, Telangana, Uttar, Pradesh, West, Bengal)",Department of Telecommunications [DoT],1884.6,2022-04-01,2025-05-01,severely_delayed,EXACT_NUMERIC_CODE,1.0
P_NUM_617416,617416,"Revised Jharia Master Plan for Dealing with Fire, Subsidence & Rehabilitation of",Ministry of Coal,Others,Jharkhand,Bharat Coking Coal Limited [BCCL],5940.47,2025-06-01,2028-12-01,healthy,EXACT_NUMERIC_CODE,1.0
P_NUM_617422,617422,Bodwad Parisar Sinchan Yojna,Ministry of Water Resources,Water & Sanitation,Maharashtra,Department of Water Resources-MH,1923.81,2002-05-01,2027-07-01,healthy,EXACT_NUMERIC_CODE,1.0
P_NUM_617727,617727,Orvakal Industrial Area,Ministry of DPIIT,Others,Andhra Pradesh,NICDC,2786.0,2024-08-01,2028-10-01,deteriorating,EXACT_NUMERIC_CODE,1.0
P_NUM_617729,617729,Kopparthy Industrial Area,Ministry of DPIIT,Others,Andhra Pradesh,NICDC,2136.0,2024-08-01,2028-10-01,deteriorating,EXACT_NUMERIC_CODE,1.0
P_NUM_617730,617730,600 MW Khavda Solar Power Project,Ministry of Power,Energy,Gujarat,NLC India Limited [NLCIL],3335.85,2023-08-01,2026-06-01,healthy,EXACT_NUMERIC_CODE,1.0
P_NUM_617764,617764,North Dhadu Western Part OCP,Ministry of Power,Energy,Jharkhand,NLC India Limited [NLCIL],1354.2,2023-10-01,2029-03-01,healthy,EXACT_NUMERIC_CODE,1.0
P_NUM_617801,617801,Provision of ICT Augmentation & Bus Reactor at Bhuj-II PS,Ministry of Power,Energy,Gujarat,Power Grid Corporation of India Limited [POWERGRID],581.74,2025-03-01,2026-12-01,deteriorating,EXACT_NUMERIC_CODE,1.0
P_NUM_617802,617802,Augmentation of Transformation Capacity and Implementation of Line Bays at,Ministry of Power,Energy,Madhya Pradesh,Power Grid Corporation of India Limited [POWERGRID],319.0,2025-10-01,2028-03-01,deteriorating,EXACT_NUMERIC_CODE,1.0
P_NUM_617803,617803,Transmission System Strengthening at Davanagere for Integration of RE Generation,Ministry of Power,Energy,Karnataka,Power Grid Corporation of India Limited [POWERGRID],379.0,2025-09-01,2027-09-01,deteriorating,EXACT_NUMERIC_CODE,1.0
P_NUM_617804,617804,Mechanization of Berth No.14 for handling Containers and other cargo on DBFOT,"Ministry of Ports, Shipping & Waterways",Transport & Logistics,Karnataka,New Mangalore Port Authority,153.23,2023-12-01,2027-03-01,healthy,EXACT_NUMERIC_CODE,1.0
P_NUM_617806,617806,Transmission System for Integration of Ananthapur 2 REZ Phase 1 for 4.5 GW. SPV,Ministry of Power,Energy,"Multi-States, (Andhra Pradesh,, Karnataka)",Sterlite Power,4535.99,2024-08-01,2027-03-01,healthy,EXACT_NUMERIC_CODE,1.0
P_NUM_617807,617807,Inter-regional [NR-WR] Transmission System strengthening to relieve the loading of,Ministry of Power,Energy,"Multi-States, (Bihar, Uttar, Pradesh)",Power Grid Corporation of India Limited [POWERGRID],2368.0,2025-10-01,2027-10-01,deteriorating,EXACT_NUMERIC_CODE,1.0
P_NUM_617808,617808,Inter-Regional Strengthening between SR Grid and WR Grid,Ministry of Power,Energy,"Multi-States, (Karnataka,, Maharashtra)",Power Grid Corporation of India Limited [POWERGRID],1007.0,2025-10-01,2027-10-01,deteriorating,EXACT_NUMERIC_CODE,1.0
P_NUM_617818,617818,"City Gas Distribution [CGD] Project in Gajapati, Kandhamal, Boudh, & Sonepur GA",Ministry of Petroleum & Natural Gas,Energy,Odisha,GAIL Gas,514.91,2022-02-01,2031-12-01,deteriorating,EXACT_NUMERIC_CODE,1.0
P_NUM_617819,617819,"City Gas Distribution [CGD] Project in Kondagaon, Bastar, Sukma, Narayanpur,",Ministry of Petroleum & Natural Gas,Energy,Chhattisgarh,GAIL Gas,557.04,2022-06-01,2030-06-01,deteriorating,EXACT_NUMERIC_CODE,1.0
P_NUM_617822,617822,ATF Pipeline from BPCLs Malkapur POL Installation to Hyderabad International,Ministry of Petroleum & Natural Gas,Energy,Telangana,Bharat Petroleum Corporation Limited [BPCL],215.0,2025-03-01,2027-09-01,deteriorating,EXACT_NUMERIC_CODE,1.0
P_NUM_617824,617824,Bakhtiyarpur-Rajgir-Tilaiya [Single line section]104km,Ministry of Railways,Transport & Logistics,Bihar,East Central Railway (ECR) - II,2017.38,2025-10-01,2029-10-01,deteriorating,EXACT_NUMERIC_CODE,1.0
P_NUM_617827,617827,"Pipeline Rehabilitation Project, Phase-II",Ministry of Petroleum & Natural Gas,Energy,Assam,Oil India Limited,680.0,2024-12-01,2029-12-01,deteriorating,EXACT_NUMERIC_CODE,1.0
P_NUM_617828,617828,Siliguri-Jhapa Pipeline Project,Ministry of Petroleum & Natural Gas,Energy,West Bengal,Indian Oil Corporation Limited [IOCL],267.0,2024-09-01,2029-08-01,deteriorating,EXACT_NUMERIC_CODE,1.0
P_NUM_617829,617829,LPG Bottling Plant at Mualkhang,Ministry of Petroleum & Natural Gas,Energy,Mizoram,Indian Oil Corporation Limited [IOCL],225.71,2024-07-01,2028-10-01,healthy,EXACT_NUMERIC_CODE,1.0
P_NUM_617830,617830,C2/C3 Vijaipur Pata Pipeline,Ministry of Petroleum & Natural Gas,Energy,Madhya Pradesh,Gas Authority of India Limited [GAIL],1792.0,2024-05-01,2027-01-01,healthy,EXACT_NUMERIC_CODE,1.0
P_NUM_617832,617832,Koderma-Barkakana Arigada 133 Km,Ministry of Railways,Transport & Logistics,Jharkhand,CAO/Con/South/MHX ECR mor,2887.11,2025-06-01,2029-12-01,deteriorating,EXACT_NUMERIC_CODE,1.0
P_NUM_617836,617836,Coke Drum Structure Package,Ministry of Petroleum & Natural Gas,Energy,Assam,Numaligarh Refinery Limited,635.28,2022-12-01,2025-12-01,healthy,EXACT_NUMERIC_CODE,1.0
P_NUM_617837,617837,Siliguri Marketing Terminal [SMT] Capacity Augmentation Project,Ministry of Petroleum & Natural Gas,Energy,West Bengal,Numaligarh Refinery Limited,484.0,2021-11-01,2025-12-01,severely_delayed,EXACT_NUMERIC_CODE,1.0
P_NUM_617838,617838,Augmentation of CCKPL and IDPL Pipelines capacity along with setting up of,Ministry of Petroleum & Natural Gas,Energy,Kerala,Bharat Petroleum Corporation Limited [BPCL],1130.0,2024-09-01,2028-08-01,healthy,EXACT_NUMERIC_CODE,1.0
P_NUM_617839,617839,Capacity Augmentation of Kandla LPG Import Terminal [KLIT] from 0.6 MMTPA to 2.5,Ministry of Petroleum & Natural Gas,Energy,Gujarat,Indian Oil Corporation Limited [IOCL],356.86,2023-05-01,2026-07-01,healthy,EXACT_NUMERIC_CODE,1.0
P_NUM_617877,617877,Phase B Construction of Permanent Campus of IIT Bhilai,Ministry of Higher Education,Social & Commercial,Chhattisgarh,"Indian Institute of Technology, Bhilai",1188.97,2025-05-01,2028-10-01,deteriorating,EXACT_NUMERIC_CODE,1.0
P_NUM_617878,617878,Phase B of Construction of Permanent Campus of IIT Palakkad,Ministry of Higher Education,Social & Commercial,Kerala,INDIAN INSTITUTE OF TECHNOLOGY PALAKKAD,1527.0,2025-05-01,2028-10-01,deteriorating,EXACT_NUMERIC_CODE,1.0
P_NUM_617880,617880,Desalpar-Hajipir-Luna and Vayor-Lakhpat New Line,Ministry of Railways,Transport & Logistics,Gujarat,Western Railway [WR] - II,2526.47,2025-09-01,2028-09-01,deteriorating,EXACT_NUMERIC_CODE,1.0
P_NUM_617882,617882,"Setting up IT Infrastructure including Network Security and Hosting at AIIMS, New",Ministry of Road Transport & Highways,Transport & Logistics,Delhi,PMSSY AND Institute of NATIONAL Importance,358.19,2025-09-01,2026-09-01,healthy,EXACT_NUMERIC_CODE,1.0
P_NUM_617883,617883,Redevelopment of Residential colonies at Ayur Vigyan Nagar and West Ansari Nagar,Ministry of Road Transport & Highways,Transport & Logistics,Delhi,PMSSY AND Institute of NATIONAL Importance,4441.0,2016-10-01,2027-06-01,healthy,EXACT_NUMERIC_CODE,1.0
P_NUM_617885,617885,Rehabilitation and Up-gradation of Nongstoin Wahkaji section of Project Road Km,Ministry of Road Transport & Highways,Transport & Logistics,Meghalaya,MoRTH,302.88,2020-08-01,2023-08-01,severely_delayed,EXACT_NUMERIC_CODE,1.0
P_NUM_617886,617886,Widening of existing Single lane / Intermediate lane road to 2 lane from Km 101 to Km,Ministry of Road Transport & Highways,Transport & Logistics,Nagaland,MoRTH,252.2,2020-06-01,2026-06-01,severely_delayed,EXACT_NUMERIC_CODE,1.0
P_NUM_617887,617887,Beawer Gomti 4LPS from km 58.245 to km 108.600 Pkg-I,Ministry of Road Transport & Highways,Transport & Logistics,Rajasthan,MoRTH,379.23,2020-12-01,2023-10-01,severely_delayed,EXACT_NUMERIC_CODE,1.0
P_NUM_617888,617888,Landslide treatment work on NH 58 from Kodiyala Km. 266.130 to Devprayag Km.,Ministry of Road Transport & Highways,Transport & Logistics,Uttarakhand,MoRTH,192.54,2023-01-01,2025-02-01,severely_delayed,EXACT_NUMERIC_CODE,1.0
P_NUM_617889,617889,Treatment of landslide zone from location no. 01 to 28 km 62.860 to 152.750 on NH-,Ministry of Road Transport & Highways,Transport & Logistics,Uttarakhand,MoRTH,192.22,2022-11-01,2024-06-01,severely_delayed,EXACT_NUMERIC_CODE,1.0
P_NUM_617890,617890,Construction of Champawat Bypass with two lane with paved shoulder configuration,Ministry of Road Transport & Highways,Transport & Logistics,Uttarakhand,MoRTH,220.89,2025-02-01,2027-12-01,deteriorating,EXACT_NUMERIC_CODE,1.0
P_NUM_617891,617891,Construction of Two lane with Paved Shoulder for Fatehpur Bypass Design Km 0.000,Ministry of Road Transport & Highways,Transport & Logistics,Rajasthan,MoRTH,186.29,2022-03-01,2024-08-01,severely_delayed,EXACT_NUMERIC_CODE,1.0
P_NUM_617892,617892,Construction of 2-lane road of Potin to Pangin section of NH-13 from Km 163.59 to Km,Ministry of Road Transport & Highways,Transport & Logistics,Arunachal Pradesh,MoRTH,450.65,2019-03-01,2023-11-01,severely_delayed,EXACT_NUMERIC_CODE,1.0
P_NUM_617893,617893,Construction of additional major Bridge with 4- lane configuration of length 1.48 km on,Ministry of Road Transport & Highways,Transport & Logistics,West Bengal,MoRTH,304.83,2023-11-01,2028-05-01,deteriorating,EXACT_NUMERIC_CODE,1.0
P_NUM_617894,617894,Construction or 4 lane Raniganj Bypass of length 5.261 km on NH-60 new NH-14,Ministry of Road Transport & Highways,Transport & Logistics,West Bengal,MoRTH,410.83,2023-03-01,2026-03-01,severely_delayed,EXACT_NUMERIC_CODE,1.0
P_NUM_617895,617895,Construction of Mangaldoi Bypass NH-15 starting at Ch 26400 and terminating at Ch,Ministry of Road Transport & Highways,Transport & Logistics,Assam,MoRTH,535.03,2022-03-01,2025-04-01,severely_delayed,EXACT_NUMERIC_CODE,1.0
P_NUM_617896,617896,Construction of 4 lane Gauripur Bypass Starting bfrom Km 852.56 of NH-,Ministry of Road Transport & Highways,Transport & Logistics,Assam,MoRTH,421.15,2024-03-01,2026-10-01,healthy,EXACT_NUMERIC_CODE,1.0
P_NUM_617897,617897,Construction of proposed 4Lane Revelgunj bypass NH-19 in the State of Bihar on,Ministry of Road Transport & Highways,Transport & Logistics,Bihar,MoRTH,295.24,2022-03-01,2025-07-01,severely_delayed,EXACT_NUMERIC_CODE,1.0
P_NUM_617898,617898,New construction of Major Bridge with Approaches from Km 0.000 to 1.200 Madhopur,Ministry of Road Transport & Highways,Transport & Logistics,Odisha,MoRTH,199.5,2023-03-01,2027-10-01,deteriorating,EXACT_NUMERIC_CODE,1.0
P_NUM_617899,617899,Widening and Strengthening to 4LPS/2LPS from km 0.000 to 35.800 Kuakhia -,Ministry of Road Transport & Highways,Transport & Logistics,Odisha,MoRTH,636.1,2022-03-01,2026-02-01,severely_delayed,EXACT_NUMERIC_CODE,1.0
P_NUM_617900,617900,Upgradation to Two Lane Paved Shoulder in km 33/0 to 126/520 of NH-23 Old NH-,Ministry of Road Transport & Highways,Transport & Logistics,Rajasthan,MoRTH,150.11,2021-12-01,2024-09-01,severely_delayed,EXACT_NUMERIC_CODE,1.0
P_NUM_617901,617901,Widening of Pachpadra-Bagundi Section to 4 Lane from Km 73/60 to 95/70 of NH-25,Ministry of Road Transport & Highways,Transport & Logistics,Rajasthan,MoRTH,194.88,2022-01-01,2024-12-01,severely_delayed,EXACT_NUMERIC_CODE,1.0
P_NUM_617902,617902,construction or By-pass road on NH-26 for Nabrangpur Town,Ministry of Road Transport & Highways,Transport & Logistics,Odisha,MoRTH,168.95,2023-03-01,2026-12-01,healthy,EXACT_NUMERIC_CODE,1.0
P_NUM_617904,617904,Construction of Bypass road to Balangir town from km 72/400 Desing km 0/0 to km,Ministry of Road Transport & Highways,Transport & Logistics,Odisha,MoRTH,238.78,2022-02-01,2025-10-01,severely_delayed,EXACT_NUMERIC_CODE,1.0
P_NUM_617905,617905,Construction of 4 lane ROB with approaches in lieu of LC No. RV-172 at km 176.00 of,Ministry of Road Transport & Highways,Transport & Logistics,Odisha,MoRTH,324.09,2021-12-01,2025-05-01,severely_delayed,EXACT_NUMERIC_CODE,1.0
P_NUM_617906,617906,Up-gradation of Dhoraji-Jamkandorna-Kalavad Section of NH-927D from Design,Ministry of Road Transport & Highways,Transport & Logistics,Gujarat,MoRTH,246.6,2022-10-01,2027-01-01,cost_escalating,EXACT_NUMERIC_CODE,1.0
P_NUM_617907,617907,Rehabilitation and Up-gradation from Km 170700 Bhadrachalam to Km 234567 Konta,Ministry of Road Transport & Highways,Transport & Logistics,Andhra Pradesh,MoRTH,436.09,2021-12-01,2024-09-01,severely_delayed,EXACT_NUMERIC_CODE,1.0
P_NUM_617908,617908,Bemetara Bypass NH 30,Ministry of Road Transport & Highways,Transport & Logistics,Chhattisgarh,MoRTH,161.96,2024-01-01,2027-04-01,healthy,EXACT_NUMERIC_CODE,1.0
P_NUM_617909,617909,Construction of Rewa Bypass to 4-lane with paved shoulder along with service road,Ministry of Road Transport & Highways,Transport & Logistics,Madhya Pradesh,MoRTH,648.05,2024-03-01,2027-02-01,healthy,EXACT_NUMERIC_CODE,1.0
P_NUM_617911,617911,Rehabilitation and upgradation Umaria to Shahdol section of NH-78 from Existing Km.,Ministry of Road Transport & Highways,Transport & Logistics,Madhya Pradesh,MoRTH,511.83,2015-03-01,2017-07-01,severely_delayed,EXACT_NUMERIC_CODE,1.0
P_NUM_617912,617912,Construction of 6 lane flyover from Khapari ROB to Mihan Interchange design,Ministry of Road Transport & Highways,Transport & Logistics,Maharashtra,MoRTH,619.55,2024-03-01,2027-10-01,deteriorating,EXACT_NUMERIC_CODE,1.0
P_NUM_617913,617913,6-laning of km 9.900 to km 19/948 Aramgarh to Shamshabad Section of Hyderabad-,Ministry of Road Transport & Highways,Transport & Logistics,Telangana,MoRTH,283.15,2018-01-01,2020-05-01,severely_delayed,EXACT_NUMERIC_CODE,1.0
P_NUM_617914,617914,Upgradation and reconstruction of Shahpura-Dindori Section of NH 45 from Km,Ministry of Road Transport & Highways,Transport & Logistics,Madhya Pradesh,MoRTH,241.23,2022-03-01,2025-12-01,severely_delayed,EXACT_NUMERIC_CODE,1.0
P_NUM_617915,617915,Upgradation of Dindori-Sagartola-kabichabutra MP-CG border section of NH -45 from,Ministry of Road Transport & Highways,Transport & Logistics,Madhya Pradesh,MoRTH,329.14,2022-01-01,2025-09-01,severely_delayed,EXACT_NUMERIC_CODE,1.0
P_NUM_617916,617916,Work of 6 laning/Construction of elevated corridor from km 0/0 to 10/170 Narol,Ministry of Road Transport & Highways,Transport & Logistics,Gujarat,MoRTH,1295.39,2024-03-01,2028-02-01,healthy,EXACT_NUMERIC_CODE,1.0
P_NUM_617917,617917,Construction of 4 Lane Flyover at Nagpur RTO Chowk To Nagpur University Campus,Ministry of Road Transport & Highways,Transport & Logistics,Maharashtra,MoRTH,478.83,2021-03-01,2024-03-01,severely_delayed,EXACT_NUMERIC_CODE,1.0
P_NUM_617918,617918,"Widening and Strengthening of existing S/L, I/L, & D/L to 2 Lane with PS from Km",Ministry of Road Transport & Highways,Transport & Logistics,Odisha,MoRTH,174.21,2023-03-01,2027-12-01,deteriorating,EXACT_NUMERIC_CODE,1.0
P_NUM_617919,617919,Construction of 4 Nos Grade separtor between km. 281.000 to km. 307.600 km.,Ministry of Road Transport & Highways,Transport & Logistics,Chhattisgarh,MoRTH,349.03,2018-03-01,2021-01-01,severely_delayed,EXACT_NUMERIC_CODE,1.0
P_NUM_617920,617920,Widening and Strengthening to 2LPS including LA from km 318.970 to 353.450,Ministry of Road Transport & Highways,Transport & Logistics,Odisha,MoRTH,511.54,2022-01-01,2027-06-01,deteriorating,EXACT_NUMERIC_CODE,1.0
P_NUM_617921,617921,Widening and strengthening to 2LPS including LA of Kandarpur-Balikuda from km,Ministry of Road Transport & Highways,Transport & Logistics,Odisha,MoRTH,499.79,2022-03-01,2025-06-01,severely_delayed,EXACT_NUMERIC_CODE,1.0
P_NUM_617922,617922,Construction of Jharsuguda Bypass including Land acqusition on NH-49 from km,Ministry of Road Transport & Highways,Transport & Logistics,Odisha,MoRTH,587.1,2021-09-01,2027-07-01,deteriorating,EXACT_NUMERIC_CODE,1.0
P_NUM_617923,617923,Construction of Daspalla Bypass from km 195.250 To 200.635 of NH-57 including,Ministry of Road Transport & Highways,Transport & Logistics,Odisha,MoRTH,155.97,2023-02-01,2027-05-01,deteriorating,EXACT_NUMERIC_CODE,1.0
P_NUM_617924,617924,Construction of bypass to Nayagarh town from km 235.469 to 252.482 of NH-57,Ministry of Road Transport & Highways,Transport & Logistics,Odisha,MoRTH,300.33,2022-01-01,2025-04-01,severely_delayed,EXACT_NUMERIC_CODE,1.0
P_NUM_617925,617925,Construction of Bypass to Khordha town from Km 294/000 to 300/300 on NH-57,Ministry of Road Transport & Highways,Transport & Logistics,Odisha,MoRTH,157.49,2022-02-01,2024-11-01,severely_delayed,EXACT_NUMERIC_CODE,1.0
P_NUM_617926,617926,Construction of new 4 lane major bridge with approaches on Sabarmati River near,Ministry of Road Transport & Highways,Transport & Logistics,Gujarat,MoRTH,398.4,2024-03-01,2027-08-01,healthy,EXACT_NUMERIC_CODE,1.0
P_NUM_617927,617927,Widening to 2LPS between Km 0/0 to 56/0 Khokhara Gujarat Border Vijayanagar,Ministry of Road Transport & Highways,Transport & Logistics,Gujarat,MoRTH,699.19,2024-03-01,2027-09-01,healthy,EXACT_NUMERIC_CODE,1.0
P_NUM_617928,617928,Widening 2 lane to 4-lane from KM 92/320 to Km 115/320 Vav Chokdi-Satlasana to to,Ministry of Road Transport & Highways,Transport & Logistics,Gujarat,MoRTH,151.13,2022-03-01,2026-03-01,healthy,EXACT_NUMERIC_CODE,1.0
P_NUM_617929,617929,Construction of 2 lane with paved shoulder of Kund Bypass from Design Km 35.130 to,Ministry of Road Transport & Highways,Transport & Logistics,Uttarakhand,MoRTH,247.41,2018-02-01,2020-05-01,severely_delayed,EXACT_NUMERIC_CODE,1.0
P_NUM_617930,617930,Construction of Bypass on NH-59 from Km 336/350 to 349/910 13.56 km near,Ministry of Road Transport & Highways,Transport & Logistics,Odisha,MoRTH,196.94,2021-03-01,2025-12-01,severely_delayed,EXACT_NUMERIC_CODE,1.0
P_NUM_617931,617931,Construction of ROB and its approaches in lieu of LC No. 10/B/T at Km 307.050 of,Ministry of Road Transport & Highways,Transport & Logistics,West Bengal,MoRTH,155.87,2016-03-01,2025-08-01,severely_delayed,EXACT_NUMERIC_CODE,1.0
P_NUM_617932,617932,Construction of New Four Lane Bypass to Parbhani City Parwa to Asola Km 463/265,Ministry of Road Transport & Highways,Transport & Logistics,Maharashtra,MoRTH,496.64,2022-03-01,2024-10-01,severely_delayed,EXACT_NUMERIC_CODE,1.0
P_NUM_617933,617933,Up-gradation to four lane/ Two lane with paved shoulders configuration of Kalyan -,Ministry of Road Transport & Highways,Transport & Logistics,Maharashtra,MoRTH,984.07,2023-02-01,2026-08-01,healthy,EXACT_NUMERIC_CODE,1.0
P_NUM_617934,617934,Nasratpur to Barasgaon section of NH-61 2L / 4L PS from Km.514/00 to 558/200,Ministry of Road Transport & Highways,Transport & Logistics,Maharashtra,MoRTH,406.54,2017-07-01,2019-09-01,severely_delayed,EXACT_NUMERIC_CODE,1.0
P_NUM_617935,617935,"Construction of Elevated corridor from Km. 135.650 to 136.300 on 63, from Km. 249 to",Ministry of Road Transport & Highways,Transport & Logistics,Karnataka,MoRTH,298.0,2020-08-01,2024-06-01,severely_delayed,EXACT_NUMERIC_CODE,1.0
P_NUM_617936,617936,Widening to two/four lane with paved shoulder from Km.180.600 to Km.223.000 of,Ministry of Road Transport & Highways,Transport & Logistics,Telangana,MoRTH,253.99,2016-10-01,2019-03-01,healthy,EXACT_NUMERIC_CODE,1.0
P_NUM_617937,617937,Udgir Raavi Degloor Aadampur phata to Sagroli fata,Ministry of Road Transport & Highways,Transport & Logistics,Maharashtra,MoRTH,809.77,2024-11-01,2028-04-01,deteriorating,EXACT_NUMERIC_CODE,1.0
P_NUM_617938,617938,Rehabilitation And Upgradation to four lane with paved shoulder configuration from km,Ministry of Road Transport & Highways,Transport & Logistics,Maharashtra,MoRTH,574.18,2024-12-01,2027-03-01,deteriorating,EXACT_NUMERIC_CODE,1.0
P_NUM_617939,617939,6-Laning of Pune-Hyderabad Section of NH-65 from Km 493/0 to Km 524/0 from,Ministry of Road Transport & Highways,Transport & Logistics,Telangana,MoRTH,1297.75,2023-03-01,2026-07-01,healthy,EXACT_NUMERIC_CODE,1.0
P_NUM_617940,617940,Rehabilitation and Upgradation of LB-Nagar to Malkapur section to 6-Lane main,Ministry of Road Transport & Highways,Transport & Logistics,Telangana,MoRTH,545.11,2021-03-01,2024-07-01,severely_delayed,EXACT_NUMERIC_CODE,1.0
P_NUM_617941,617941,4-Laning from End of Zuari approaches to Start of Margao Bypass section of NH-66,Ministry of Road Transport & Highways,Transport & Logistics,Goa,MoRTH,398.25,2024-07-01,2028-02-01,deteriorating,EXACT_NUMERIC_CODE,1.0
P_NUM_617942,617942,Construction of Six lane Elevated Corridor from Km. 508.000 to Km. 513.150 including,Ministry of Road Transport & Highways,Transport & Logistics,Goa,MoRTH,641.46,2023-04-01,2026-04-01,healthy,EXACT_NUMERIC_CODE,1.0
P_NUM_617943,617943,4-laning of Navelim to Cuncolim Section of NH-66 from Km 554.245 to Km 561.480 on,Ministry of Road Transport & Highways,Transport & Logistics,Goa,MoRTH,746.75,2024-12-01,2028-10-01,deteriorating,EXACT_NUMERIC_CODE,1.0
P_NUM_617944,617944,Kashedi ghat tunnel NH-66 [Bhogaon Khurd - Kashedi section] 4 lanes under NHDP,Ministry of Road Transport & Highways,Transport & Logistics,Maharashtra,MoRTH,680.43,2018-09-01,2021-04-01,healthy,EXACT_NUMERIC_CODE,1.0
P_NUM_617945,617945,Balance work of NH-66 from design Km 84/00 to Km 87/100 Indapur Bypass and Km,Ministry of Road Transport & Highways,Transport & Logistics,Maharashtra,MoRTH,354.21,2025-03-01,2027-04-01,healthy,EXACT_NUMERIC_CODE,1.0
P_NUM_617946,617946,Kashedi to Parshuram Ghat section of NH-66 from Km 161/600 - Km 205/400 - 4L PS,Ministry of Road Transport & Highways,Transport & Logistics,Maharashtra,MoRTH,1142.62,2016-03-01,2020-02-01,severely_delayed,EXACT_NUMERIC_CODE,1.0
P_NUM_617947,617947,Arawali Kante section of NH-17New NH-66 4L PS from Km.241/300 to 281/300,Ministry of Road Transport & Highways,Transport & Logistics,Maharashtra,MoRTH,1006.99,2016-03-01,2019-11-01,severely_delayed,EXACT_NUMERIC_CODE,1.0
P_NUM_617948,617948,Kante - Wakad section of NH-66 4L PS from Km.281/300 to 332/200,Ministry of Road Transport & Highways,Transport & Logistics,Maharashtra,MoRTH,1117.75,2016-03-01,2019-11-01,severely_delayed,EXACT_NUMERIC_CODE,1.0
P_NUM_617949,617949,Tadipatri Bypass Km 0000 to Km 6285 of 4-Lane on NH-67 in Anantapuramu district,Ministry of Road Transport & Highways,Transport & Logistics,Andhra Pradesh,MoRTH,159.66,2023-03-01,2026-03-01,healthy,EXACT_NUMERIC_CODE,1.0
P_NUM_617950,617950,Construction of Srinivasapura Bypass from existing Km 453.890 Design Ch. 0000,Ministry of Road Transport & Highways,Transport & Logistics,Karnataka,MoRTH,204.42,2022-11-01,2027-01-01,deteriorating,EXACT_NUMERIC_CODE,1.0
P_NUM_617951,617951,Construction of Chintamani Bypass from Design Ch.0000 Existing Ch.428880 to,Ministry of Road Transport & Highways,Transport & Logistics,Karnataka,MoRTH,314.55,2023-03-01,2027-07-01,deteriorating,EXACT_NUMERIC_CODE,1.0
P_NUM_617954,617954,Balance work of Rehabilitation and upgrading to 2lane/2lane with paved shoulder,Ministry of Road Transport & Highways,Transport & Logistics,Karnataka,MoRTH,398.48,2022-03-01,2025-02-01,severely_delayed,EXACT_NUMERIC_CODE,1.0
P_NUM_617955,617955,Widening to two lane with paved Shoulders from Km 40.00 to Km 75.00 Existing,Ministry of Road Transport & Highways,Transport & Logistics,Karnataka,MoRTH,718.52,2022-03-01,2025-03-01,severely_delayed,EXACT_NUMERIC_CODE,1.0
P_NUM_617957,617957,Construction of Jasra Bypass with four lane paved shoulder configurationfrom Km,Ministry of Road Transport & Highways,Transport & Logistics,Uttar Pradesh,MoRTH,274.06,2023-02-01,2025-09-01,healthy,EXACT_NUMERIC_CODE,1.0
P_NUM_617958,617958,Widening & Strenthening from km132.895 to km 190.15 NH-80,Ministry of Road Transport & Highways,Transport & Logistics,Bihar,MoRTH,566.1,2021-03-01,2024-11-01,severely_delayed,EXACT_NUMERIC_CODE,1.0
P_NUM_617959,617959,Rehabilitation & Widening work for 2 Lane with Paved Shoulder of Existing NH-80,Ministry of Road Transport & Highways,Transport & Logistics,Bihar,MoRTH,477.54,2021-03-01,2025-01-01,healthy,EXACT_NUMERIC_CODE,1.0
P_NUM_617960,617960,Construction of new road at the missing link portion of NH-81 along approved,Ministry of Road Transport & Highways,Transport & Logistics,West Bengal,MoRTH,271.17,2016-08-01,2018-11-01,severely_delayed,EXACT_NUMERIC_CODE,1.0
P_NUM_617961,617961,Gaya-Hisua-Rajgir-Nalanda-Biharsharif section km0.00 to 92.935 NH-82,Ministry of Road Transport & Highways,Transport & Logistics,Bihar,MoRTH,1408.85,2014-01-01,2019-11-01,severely_delayed,EXACT_NUMERIC_CODE,1.0
P_NUM_617962,617962,Construction of Bypass to Madurai Achambathu Viratipathu in between km 6/850,Ministry of Road Transport & Highways,Transport & Logistics,Tamil Nadu,MoRTH,238.97,2022-03-01,2026-08-01,healthy,EXACT_NUMERIC_CODE,1.0
P_NUM_617963,617963,Rehabilitation and upgradation to four lane road from km 70.500 to km 78.600 of NH-,Ministry of Road Transport & Highways,Transport & Logistics,Uttar Pradesh,MoRTH,296.02,2022-01-01,2027-01-01,cost_escalating,EXACT_NUMERIC_CODE,1.0
P_NUM_617964,617964,Widening to Four Lane rigid pavement configuration from Km 90.00 to Km 100.800 on,Ministry of Road Transport & Highways,Transport & Logistics,Uttar Pradesh,MoRTH,309.63,2022-12-01,2026-11-01,healthy,EXACT_NUMERIC_CODE,1.0
P_NUM_617965,617965,Kopargaon to Savali Vihir section,Ministry of Road Transport & Highways,Transport & Logistics,Maharashtra,MoRTH,195.38,2022-06-01,2024-07-01,severely_delayed,EXACT_NUMERIC_CODE,1.0
P_NUM_617966,617966,Rehabilitation and Upgrading to 2 lanes/2-lane with paved shoulders configuration and,Ministry of Road Transport & Highways,Transport & Logistics,Bihar,MoRTH,780.77,2014-01-01,2019-10-01,severely_delayed,EXACT_NUMERIC_CODE,1.0
P_NUM_617967,617967,Construction of Rudraprayag tunnel of length 900.30 MTR including approaches and,Ministry of Road Transport & Highways,Transport & Logistics,Uttarakhand,MoRTH,251.88,2021-02-01,2025-07-01,severely_delayed,EXACT_NUMERIC_CODE,1.0
P_NUM_617968,617968,Construction & Widening Including Augustmuni Bypass Ch-16.545 to Ch - 19.890 to,Ministry of Road Transport & Highways,Transport & Logistics,Uttarakhand,MoRTH,418.89,2017-03-01,2020-02-01,severely_delayed,EXACT_NUMERIC_CODE,1.0
P_NUM_617969,617969,Construction of 4 Lane ROB and its approaches at the level crossing LC No 29 B of,Ministry of Road Transport & Highways,Transport & Logistics,Bihar,MoRTH,201.08,2023-03-01,2026-07-01,healthy,EXACT_NUMERIC_CODE,1.0
P_NUM_617970,617970,Reconstruction of existing 2 L/IL to 2L with paved shoulder from existing km 52.200 to,Ministry of Road Transport & Highways,Transport & Logistics,Uttarakhand,MoRTH,282.08,2016-10-01,2019-06-01,severely_delayed,EXACT_NUMERIC_CODE,1.0
P_NUM_617971,617971,Up-gradation to Two/Four lane with paved shoulder Configuration of Kondagaon-,Ministry of Road Transport & Highways,Transport & Logistics,Chhattisgarh,MoRTH,322.4,2022-12-01,2027-03-01,healthy,EXACT_NUMERIC_CODE,1.0
P_NUM_617972,617972,Upgradation to Two lane with Paved Shoulder Configuration of Narayanpur,Ministry of Road Transport & Highways,Transport & Logistics,Chhattisgarh,MoRTH,200.67,2022-12-01,2026-06-01,deteriorating,EXACT_NUMERIC_CODE,1.0
P_NUM_617973,617973,Strengthening and widening of existing 2 lane road to two lane paved shoulder from,Ministry of Road Transport & Highways,Transport & Logistics,Chhattisgarh,MoRTH,188.8,2017-11-01,2020-11-01,severely_delayed,EXACT_NUMERIC_CODE,1.0
P_NUM_617974,617974,Rehabilitation and upgradation of 2 lane with paved shoulder from existing km.,Ministry of Road Transport & Highways,Transport & Logistics,Uttarakhand,MoRTH,344.73,2025-05-01,2028-04-01,healthy,EXACT_NUMERIC_CODE,1.0
P_NUM_617975,617975,Rehabilitation and upgradation to 2 lane with paved shoulder configuration from km,Ministry of Road Transport & Highways,Transport & Logistics,Uttarakhand,MoRTH,237.79,2017-03-01,2019-11-01,severely_delayed,EXACT_NUMERIC_CODE,1.0
P_NUM_617976,617976,Work of development and construction of elevated corridorfrom km 38/660 to km,Ministry of Road Transport & Highways,Transport & Logistics,Gujarat,MoRTH,530.2,2023-03-01,2026-06-01,healthy,EXACT_NUMERIC_CODE,1.0
P_NUM_617977,617977,Development of Chiloda - Gandhinagar- Sarkhej ofNH-147 Package -II,Ministry of Road Transport & Highways,Transport & Logistics,Gujarat,MoRTH,211.28,2018-04-01,2020-11-01,severely_delayed,EXACT_NUMERIC_CODE,1.0
P_NUM_617978,617978,"Rehabilitation, upgradation & widening of existing highway to 2L/4LPS Rigid",Ministry of Road Transport & Highways,Transport & Logistics,Maharashtra,MoRTH,631.76,2024-03-01,2027-05-01,healthy,EXACT_NUMERIC_CODE,1.0
P_NUM_617979,617979,"Rehabilitation, upgradation & widening of existing highway to 2L/4LPS Rigid",Ministry of Road Transport & Highways,Transport & Logistics,Maharashtra,MoRTH,533.76,2024-03-01,2027-05-01,healthy,EXACT_NUMERIC_CODE,1.0
P_NUM_617980,617980,Construction of six lane elevated corridor from km 7.950 Uppal to km 14.200 of NH-,Ministry of Road Transport & Highways,Transport & Logistics,Telangana,MoRTH,626.76,2018-03-01,2020-07-01,severely_delayed,EXACT_NUMERIC_CODE,1.0
P_NUM_617981,617981,Widening to Two with Paved shoulders from Km 59.500 to Km 132.033 of,Ministry of Road Transport & Highways,Transport & Logistics,Telangana,MoRTH,359.0,2017-03-01,2019-05-01,severely_delayed,EXACT_NUMERIC_CODE,1.0
P_NUM_617982,617982,Widening and strengthening of existing 2-lane to 2- lane with paved shoulders from km,Ministry of Road Transport & Highways,Transport & Logistics,Telangana,MoRTH,230.03,2018-01-01,2019-11-01,severely_delayed,EXACT_NUMERIC_CODE,1.0
P_NUM_617983,617983,Widening & Strengthening of Existing 2LPS to 4 lane PS from Km 150000 to Km,Ministry of Road Transport & Highways,Transport & Logistics,Telangana,MoRTH,317.19,2021-03-01,2024-07-01,severely_delayed,EXACT_NUMERIC_CODE,1.0
P_NUM_617984,617984,"Gudivada Town 2 RoB, and Road improvement NH-165",Ministry of Road Transport & Highways,Transport & Logistics,Andhra Pradesh,MoRTH,317.22,2022-03-01,2025-05-01,severely_delayed,EXACT_NUMERIC_CODE,1.0
P_NUM_617985,617985,Widening to two lane with paved shoulders from Km 0/0 to 64/020 Pamarru to,Ministry of Road Transport & Highways,Transport & Logistics,Andhra Pradesh,MoRTH,529.54,2020-03-01,2023-11-01,severely_delayed,EXACT_NUMERIC_CODE,1.0
P_NUM_617986,617986,Kurnool/Kadapa Border-Jammalamadugu section of NH-167K i.e. Design Ch. Km,Ministry of Road Transport & Highways,Transport & Logistics,Andhra Pradesh,MoRTH,292.63,2023-03-01,2026-12-01,healthy,EXACT_NUMERIC_CODE,1.0
P_NUM_617987,617987,Nandyala-Kurnool/Kadapa Border section of NH-167K i.e. Km 186/000 to Km,Ministry of Road Transport & Highways,Transport & Logistics,Andhra Pradesh,MoRTH,691.81,2024-10-01,2027-09-01,healthy,EXACT_NUMERIC_CODE,1.0
P_NUM_617988,617988,Sangameswaram - Atmakuru section from Km 96 to Km 124 & Velegodu- Nandyal,Ministry of Road Transport & Highways,Transport & Logistics,Andhra Pradesh,MoRTH,776.17,2024-10-01,2027-07-01,healthy,EXACT_NUMERIC_CODE,1.0
P_NUM_617989,617989,Construction of Major Bridge at Km.180.865 across river Krishna on NH 167 Hagari,Ministry of Road Transport & Highways,Transport & Logistics,Karnataka,MoRTH,157.32,2019-03-01,2021-11-01,severely_delayed,EXACT_NUMERIC_CODE,1.0
P_NUM_617990,617990,Construction of bypass road to Adoni town connecting NH-167 Hagari - Jadcharla,Ministry of Road Transport & Highways,Transport & Logistics,Andhra Pradesh,MoRTH,242.0,2023-03-01,2025-11-01,healthy,EXACT_NUMERIC_CODE,1.0
P_NUM_617991,617991,Rehabilitation and up-gradation of NH-167 from Km 14/900 to Km70/000 Design Ch.,Ministry of Road Transport & Highways,Transport & Logistics,Andhra Pradesh,MoRTH,290.15,2016-11-01,2019-05-01,severely_delayed,EXACT_NUMERIC_CODE,1.0
P_NUM_617992,617992,Rehabilitation & upgradation of NH - 167 from design km 187.723 to 234.434,Ministry of Road Transport & Highways,Transport & Logistics,Telangana,MoRTH,322.81,2018-03-01,2020-09-01,severely_delayed,EXACT_NUMERIC_CODE,1.0
P_NUM_617993,617993,Rehabilitation and upgradation of NH-167 from design km 157.707 to 187.723 design,Ministry of Road Transport & Highways,Transport & Logistics,Telangana,MoRTH,220.28,2018-02-01,2019-11-01,severely_delayed,EXACT_NUMERIC_CODE,1.0
P_NUM_617994,617994,Rehabilitation and upgradation of NH-167 from design km 113.900 to 154.479,Ministry of Road Transport & Highways,Transport & Logistics,Telangana,MoRTH,294.13,2018-02-01,2019-11-01,severely_delayed,EXACT_NUMERIC_CODE,1.0
P_NUM_617995,617995,Widening to Two Lane with Paved Shoulders from Km 67.000 to Km 114.425 of,Ministry of Road Transport & Highways,Transport & Logistics,Telangana,MoRTH,300.0,2017-01-01,2019-05-01,severely_delayed,EXACT_NUMERIC_CODE,1.0
P_NUM_617996,617996,Widening to 2/4 Lane with paved shoulders from Km 182.120 to Km 227.600 of NH,Ministry of Road Transport & Highways,Transport & Logistics,Telangana,MoRTH,298.0,2016-10-01,2019-02-01,severely_delayed,EXACT_NUMERIC_CODE,1.0
P_NUM_617997,617997,Widening of existing 2 lane to 4 lane with paved shoulder from Designed km 25.15 to,Ministry of Road Transport & Highways,Transport & Logistics,Karnataka,MoRTH,538.71,2023-03-01,2028-02-01,deteriorating,EXACT_NUMERIC_CODE,1.0
P_NUM_617998,617998,Widening to existing 2 lane with paved Shoulder to 4 Lane with paved shoulder from,Ministry of Road Transport & Highways,Transport & Logistics,Karnataka,MoRTH,177.94,2022-03-01,2025-02-01,severely_delayed,EXACT_NUMERIC_CODE,1.0
P_NUM_617999,617999,Widening to 2LPS from Km 67 to Km 115 on Kadur-Hosadurga section NH 173 in the,Ministry of Road Transport & Highways,Transport & Logistics,Karnataka,MoRTH,471.62,2023-03-01,2026-05-01,severely_delayed,EXACT_NUMERIC_CODE,1.0
P_NUM_618000,618000,Widening to 2-Lane with Paved Shoulders from Km 116.800 to 149.070Design,Ministry of Road Transport & Highways,Transport & Logistics,Karnataka,MoRTH,170.34,2022-03-01,2024-02-01,severely_delayed,EXACT_NUMERIC_CODE,1.0
P_NUM_618001,618001,"Construction of 4-lane flyover at Amberpet-X road, Hyderabad on NH-202 in the State",Ministry of Road Transport & Highways,Transport & Logistics,Telangana,MoRTH,216.53,2018-05-01,2023-06-01,severely_delayed,EXACT_NUMERIC_CODE,1.0
P_NUM_618002,618002,Widening of existing single lane to intermediate lane road from Mokokchung to Chare,Ministry of Road Transport & Highways,Transport & Logistics,Nagaland,MoRTH,192.93,2021-02-01,2025-06-01,deteriorating,EXACT_NUMERIC_CODE,1.0
P_NUM_618003,618003,Construction of four lane ROB and its approaches in lieu of existing Level Crossing,Ministry of Road Transport & Highways,Transport & Logistics,Odisha,MoRTH,154.49,2021-11-01,2024-12-01,severely_delayed,EXACT_NUMERIC_CODE,1.0
P_NUM_618004,618004,Construction of Bhabhua Bypass from Ch. 10800Design Ch. 10800 to Ch. 19860,Ministry of Road Transport & Highways,Transport & Logistics,Bihar,MoRTH,179.86,2022-02-01,2027-12-01,deteriorating,EXACT_NUMERIC_CODE,1.0
P_NUM_618005,618005,Sheohar-Sitamarhi Section km 40.000 to 79.400 km Lot-I,Ministry of Road Transport & Highways,Transport & Logistics,Bihar,MoRTH,178.85,2016-02-01,2018-05-01,severely_delayed,EXACT_NUMERIC_CODE,1.0
P_NUM_618006,618006,Sitamarhi-Jaynagar Section km 79.400 to km 156.500 Lot-II,Ministry of Road Transport & Highways,Transport & Logistics,Bihar,MoRTH,369.77,2016-02-01,2018-12-01,severely_delayed,EXACT_NUMERIC_CODE,1.0
P_NUM_618007,618007,Jaynagar-Narahia Section km 156.500 to km 219.945 Lot-III,Ministry of Road Transport & Highways,Transport & Logistics,Bihar,MoRTH,553.3,2016-02-01,2018-11-01,severely_delayed,EXACT_NUMERIC_CODE,1.0
P_NUM_618008,618008,Construction of four-lane elevated viaduct from km.4634 to km.6345 on NH-24A,Ministry of Road Transport & Highways,Transport & Logistics,Uttar Pradesh,MoRTH,185.09,2021-03-01,2023-09-01,severely_delayed,EXACT_NUMERIC_CODE,1.0
P_NUM_618009,618009,Balance work of Construction of Ring Road for Raebareli City on eastern side of NH-,Ministry of Road Transport & Highways,Transport & Logistics,Uttar Pradesh,MoRTH,319.96,2019-12-01,2022-04-01,severely_delayed,EXACT_NUMERIC_CODE,1.0
P_NUM_618010,618010,Development to 4-lane with paved shoulder for the road section Talwandi Sabo-,Ministry of Road Transport & Highways,Transport & Logistics,Punjab,MoRTH,546.67,2023-03-01,2026-11-01,healthy,EXACT_NUMERIC_CODE,1.0
P_NUM_618011,618011,Construction of 2 lane with paved shoulder for the work of Development of remaining,Ministry of Road Transport & Highways,Transport & Logistics,Rajasthan,MoRTH,411.44,2021-12-01,2024-05-01,severely_delayed,EXACT_NUMERIC_CODE,1.0
P_NUM_618012,618012,"Widening & strengthenlng to 2LPS from km 0,000 to 40.000 Dhaugaon- Podamari",Ministry of Road Transport & Highways,Transport & Logistics,Odisha,MoRTH,186.52,2022-03-01,2026-02-01,severely_delayed,EXACT_NUMERIC_CODE,1.0
P_NUM_618013,618013,4-laning of Puttaparthi-Koduru Section of NH-342,Ministry of Road Transport & Highways,Transport & Logistics,Andhra Pradesh,MoRTH,1318.59,2022-10-01,2025-11-01,severely_delayed,EXACT_NUMERIC_CODE,1.0
P_NUM_618014,618014,"Upgradation of Ambikapur-Ramanujganj-Garwa road of NH-343, Package-III, Badki",Ministry of Road Transport & Highways,Transport & Logistics,Chhattisgarh,MoRTH,199.05,2022-03-01,2026-10-01,healthy,EXACT_NUMERIC_CODE,1.0
P_NUM_618015,618015,"Upgradation of Keonchi - Ratanpur Road of NH 45 Package-I, from design chainage",Ministry of Road Transport & Highways,Transport & Logistics,Chhattisgarh,MoRTH,225.41,2022-03-01,2026-01-01,severely_delayed,EXACT_NUMERIC_CODE,1.0
P_NUM_618016,618016,"Upgradation of Ambikapur Ramanujganj - Garhwa Road NH 343 of Package-I,",Ministry of Road Transport & Highways,Transport & Logistics,Chhattisgarh,MoRTH,397.44,2022-03-01,2027-05-01,deteriorating,EXACT_NUMERIC_CODE,1.0
P_NUM_618017,618017,"Upgradation of Keonchi - Ratanpur Road of NH 45 Package-II, from design chainage",Ministry of Road Transport & Highways,Transport & Logistics,Chhattisgarh,MoRTH,286.0,2022-03-01,2026-01-01,severely_delayed,EXACT_NUMERIC_CODE,1.0
P_NUM_618018,618018,Upgradation of Bilaspur-Takhatpur-Mungeli-Pandariya-Pondi Road on N.H.-130A,Ministry of Road Transport & Highways,Transport & Logistics,Chhattisgarh,MoRTH,351.19,2022-03-01,2025-07-01,severely_delayed,EXACT_NUMERIC_CODE,1.0
P_NUM_618019,618019,Upgradation & widening of Jharkheda- Berasia - Dholkhedi from design km 0000 to,Ministry of Road Transport & Highways,Transport & Logistics,Madhya Pradesh,MoRTH,365.21,2022-03-01,2025-05-01,severely_delayed,EXACT_NUMERIC_CODE,1.0
P_NUM_618020,618020,"Rehabilitation & Upgradation of KurwaiMungaoliChanderi Road section of NH-346,",Ministry of Road Transport & Highways,Transport & Logistics,Madhya Pradesh,MoRTH,386.49,2022-03-01,2025-02-01,severely_delayed,EXACT_NUMERIC_CODE,1.0
P_NUM_618021,618021,Up-gradation of Pichhore- Dinara section of NH-346 from Km 292.750 to 334.550 to,Ministry of Road Transport & Highways,Transport & Logistics,Madhya Pradesh,MoRTH,425.97,2024-02-01,2027-06-01,healthy,EXACT_NUMERIC_CODE,1.0
P_NUM_618022,618022,Upgradation to two lane with paved Shoulder Configuaration from Km. 0/00 to 47/000,Ministry of Road Transport & Highways,Transport & Logistics,Gujarat,MoRTH,173.06,2022-12-01,2025-08-01,severely_delayed,EXACT_NUMERIC_CODE,1.0
P_NUM_618023,618023,Work of Widening/upgradation of 2-Lane with paved shoulder of Sri Muktsar Sahib to,Ministry of Road Transport & Highways,Transport & Logistics,Punjab,MoRTH,152.58,2022-03-01,2025-04-01,severely_delayed,EXACT_NUMERIC_CODE,1.0
P_NUM_618024,618024,Up-gradation to two lane with paved shoulder configuration of NH-354 Section Arifkes-,Ministry of Road Transport & Highways,Transport & Logistics,Punjab,MoRTH,263.19,2021-03-01,2025-04-01,severely_delayed,EXACT_NUMERIC_CODE,1.0
P_NUM_618025,618025,Rehabiitation and upgradation from km 121/000 to 154/000 Nakrekal to Mallampally,Ministry of Road Transport & Highways,Transport & Logistics,Telangana,MoRTH,192.67,2018-03-01,2019-12-01,severely_delayed,EXACT_NUMERIC_CODE,1.0
P_NUM_618026,618026,Rehabilitation and upgradation to two lane with paved shoulders from Km 0/000 to,Ministry of Road Transport & Highways,Transport & Logistics,Telangana,MoRTH,605.08,2017-06-01,2019-10-01,severely_delayed,EXACT_NUMERIC_CODE,1.0
P_NUM_618027,618027,Widening to 2LPS from Km 71.00 to 104.00 Existing chainages Sarjapur to,Ministry of Road Transport & Highways,Transport & Logistics,Karnataka,MoRTH,445.62,2023-02-01,2026-03-01,severely_delayed,EXACT_NUMERIC_CODE,1.0
P_NUM_618028,618028,"Construction of Bypass at Kuknoor, Yelburga, Gajendragada of Bhanapur",Ministry of Road Transport & Highways,Transport & Logistics,Karnataka,MoRTH,333.96,2023-02-01,2027-06-01,healthy,EXACT_NUMERIC_CODE,1.0
P_NUM_618029,618029,Widening to 4 lane from Km. 133.00 to 158.04 design Chainage Km. 130.88 to,Ministry of Road Transport & Highways,Transport & Logistics,Karnataka,MoRTH,350.69,2022-01-01,2025-01-01,severely_delayed,EXACT_NUMERIC_CODE,1.0
P_NUM_618030,618030,Widening to 2 lane with paved shoulder from Km. 103.225 Pattadakal to Km. 133.00,Ministry of Road Transport & Highways,Transport & Logistics,Karnataka,MoRTH,264.14,2022-02-01,2024-05-01,severely_delayed,EXACT_NUMERIC_CODE,1.0
P_NUM_618031,618031,Balance work of Construction of Two/Four lane with paved shoulder from Km 422.000,Ministry of Road Transport & Highways,Transport & Logistics,Karnataka,MoRTH,516.96,2021-01-01,2025-12-01,severely_delayed,EXACT_NUMERIC_CODE,1.0
P_NUM_618033,618033,4-Laning of Itanagar to Bandardewa section of NH-415from km 40430 to km 51735,Ministry of Road Transport & Highways,Transport & Logistics,Arunachal Pradesh,MoRTH,496.47,2020-06-01,2024-12-01,severely_delayed,EXACT_NUMERIC_CODE,1.0
P_NUM_618034,618034,Construction of 2 lane Barpeta Bypass from Km 77900Baradi to Km 86150 Deurikuchi,Ministry of Road Transport & Highways,Transport & Logistics,Assam,MoRTH,173.65,2023-03-01,2026-08-01,deteriorating,EXACT_NUMERIC_CODE,1.0
P_NUM_618035,618035,Rehabilitation & Upgradation of existing intermediate lane to two Lane with paved,Ministry of Road Transport & Highways,Transport & Logistics,Madhya Pradesh,MoRTH,275.4,2023-03-01,2026-05-01,severely_delayed,EXACT_NUMERIC_CODE,1.0
P_NUM_618036,618036,Upgradation and reconstruction of existing intermediate lane to two Lane with paved,Ministry of Road Transport & Highways,Transport & Logistics,Madhya Pradesh,MoRTH,315.55,2023-03-01,2026-11-01,healthy,EXACT_NUMERIC_CODE,1.0
P_NUM_618037,618037,Rehabilitation and Up-gradation of existin of road from 2-lane to 2-lane with paved,Ministry of Road Transport & Highways,Transport & Logistics,Andhra Pradesh,MoRTH,439.82,2021-12-01,2024-05-01,severely_delayed,EXACT_NUMERIC_CODE,1.0
P_NUM_618038,618038,Construction of Shopian Bypass on NH-444 taking off from existing chainage Km,Ministry of Road Transport & Highways,Transport & Logistics,"Jammu and, Kashmir",MoRTH,224.44,2024-03-01,2028-01-01,deteriorating,EXACT_NUMERIC_CODE,1.0
P_NUM_618039,618039,Widening to 2 Lane from Existing Chainage Km 74.700 Km 100.660 Design Chainage,Ministry of Road Transport & Highways,Transport & Logistics,Uttarakhand,MoRTH,346.82,2024-01-01,2028-04-01,healthy,EXACT_NUMERIC_CODE,1.0
P_NUM_618040,618040,Rehabilitation and Upgradation to Two lanes with Paved Shoulders configuration and,Ministry of Road Transport & Highways,Transport & Logistics,Uttarakhand,MoRTH,452.81,2022-03-01,2027-01-01,healthy,EXACT_NUMERIC_CODE,1.0
P_NUM_618041,618041,Rehabilitation and upgrading to two lanes with paved shoulders and Strengthening of,Ministry of Road Transport & Highways,Transport & Logistics,Uttarakhand,MoRTH,299.31,2022-02-01,2027-12-01,deteriorating,EXACT_NUMERIC_CODE,1.0
P_NUM_618042,618042,Rehabilitation/ Upgradation of existing Highway to four lane standards in Kurkheda,Ministry of Road Transport & Highways,Transport & Logistics,Maharashtra,MoRTH,163.86,2022-03-01,2025-05-01,severely_delayed,EXACT_NUMERIC_CODE,1.0
P_NUM_618043,618043,Upgradation and reconstruction of Dindori - Mandla Section of NH 543 from Km 77100,Ministry of Road Transport & Highways,Transport & Logistics,Madhya Pradesh,MoRTH,492.12,2022-03-01,2026-07-01,healthy,EXACT_NUMERIC_CODE,1.0
P_NUM_618044,618044,Upgradation of Shahdol- Sagartola Section of NH 543 from km 0000 to km 69400 to 2,Ministry of Road Transport & Highways,Transport & Logistics,Madhya Pradesh,MoRTH,851.4,2024-02-01,2028-03-01,deteriorating,EXACT_NUMERIC_CODE,1.0
P_NUM_618045,618045,"Construction of Mihona bypass, Lahar bypass, Daboh bypass & Bhander Bypass total",Ministry of Road Transport & Highways,Transport & Logistics,Madhya Pradesh,MoRTH,179.18,2022-03-01,2024-12-01,healthy,EXACT_NUMERIC_CODE,1.0
P_NUM_618046,618046,Rehabilitation & Up-gradation of Sabalkhed to Ashti Section from Km 37900 to Km,Ministry of Road Transport & Highways,Transport & Logistics,Maharashtra,MoRTH,213.33,2022-03-01,2024-09-01,healthy,EXACT_NUMERIC_CODE,1.0
P_NUM_618047,618047,"Widening, Reconstruction & Up-gradation to 2 lane with Paved Shoulder/Four Lane",Ministry of Road Transport & Highways,Transport & Logistics,Maharashtra,MoRTH,657.16,2024-03-01,2027-05-01,healthy,EXACT_NUMERIC_CODE,1.0
P_NUM_618049,618049,Up-gradation to 2/4 lane with paved shoulder configuration of NH-652 from Tuljapur,Ministry of Road Transport & Highways,Transport & Logistics,Maharashtra,MoRTH,183.41,2024-03-01,2026-07-01,healthy,EXACT_NUMERIC_CODE,1.0
P_NUM_618050,618050,Rehabilitation and Upgradation to 2-lane/Intermediate lane configuration of Ashyari-,Ministry of Road Transport & Highways,Transport & Logistics,Himachal Pradesh,MoRTH,345.89,2020-08-01,2023-09-01,severely_delayed,EXACT_NUMERIC_CODE,1.0
P_NUM_618051,618051,Rehabilitation and Upgrading of NH-707 OLD 72-B Package - 2 Hewna to Ashyari,Ministry of Road Transport & Highways,Transport & Logistics,Himachal Pradesh,MoRTH,242.8,2020-04-01,2023-03-01,severely_delayed,EXACT_NUMERIC_CODE,1.0
P_NUM_618052,618052,Gorantla - Hindupur section from Km 120/300 to 165/000 of NH716G in the State of,Ministry of Road Transport & Highways,Transport & Logistics,Andhra Pradesh,MoRTH,808.7,2024-10-01,2027-08-01,healthy,EXACT_NUMERIC_CODE,1.0
P_NUM_618053,618053,Muddanur to B. Kothapalli section of NH-716G from Km. 0/000 to Km. 56/500 56.500,Ministry of Road Transport & Highways,Transport & Logistics,Andhra Pradesh,MoRTH,1019.97,2024-10-01,2027-08-01,healthy,EXACT_NUMERIC_CODE,1.0
P_NUM_618054,618054,Construction of Balrampur bypass with 2L flexible pavement configuration from,Ministry of Road Transport & Highways,Transport & Logistics,Uttar Pradesh,MoRTH,515.69,2022-12-01,2026-02-01,severely_delayed,EXACT_NUMERIC_CODE,1.0
P_NUM_618055,618055,Construction of Pratapgarh Bypass Extension connecting NH-31 to NH-330 on EPC,Ministry of Road Transport & Highways,Transport & Logistics,Uttar Pradesh,MoRTH,225.17,2022-10-01,2025-06-01,severely_delayed,EXACT_NUMERIC_CODE,1.0
P_NUM_618056,618056,Improvement and Up-gradation to two Lane with Paved Shoulder Configuration from,Ministry of Road Transport & Highways,Transport & Logistics,Uttar Pradesh,MoRTH,509.65,2022-01-01,2025-09-01,severely_delayed,EXACT_NUMERIC_CODE,1.0
P_NUM_618057,618057,Construction of Shohratgarh Bypass on NH-730 under EPC mode in the State of Uttar,Ministry of Road Transport & Highways,Transport & Logistics,Uttar Pradesh,MoRTH,189.31,2022-10-01,2025-05-01,severely_delayed,EXACT_NUMERIC_CODE,1.0
P_NUM_618059,618059,Construction of four-lane Concrete Road from Police Headquarter Gondia City to,Ministry of Road Transport & Highways,Transport & Logistics,Maharashtra,MoRTH,328.11,2023-02-01,2025-08-01,severely_delayed,EXACT_NUMERIC_CODE,1.0
P_NUM_618060,618060,Widening and Strengthening of existing paveemnt to two lane with paved shoulders,Ministry of Road Transport & Highways,Transport & Logistics,Jharkhand,MoRTH,315.21,2022-01-01,2024-07-01,severely_delayed,EXACT_NUMERIC_CODE,1.0
P_NUM_618061,618061,"Strengthening, Widening & Up-gradation of newly declared NH-761 from NH-",Ministry of Road Transport & Highways,Transport & Logistics,Maharashtra,MoRTH,386.16,2024-03-01,2026-09-01,healthy,EXACT_NUMERIC_CODE,1.0
P_NUM_618062,618062,Dornala to Kunta Junction from Design Chainage Km 244000 to 267990 section of,Ministry of Road Transport & Highways,Transport & Logistics,Andhra Pradesh,MoRTH,244.83,2022-12-01,2025-09-01,healthy,EXACT_NUMERIC_CODE,1.0
P_NUM_618063,618063,Widening & Strenghteningof section from Bharthana chowk to Kodarkoot km.0.00 to,Ministry of Road Transport & Highways,Transport & Logistics,Uttar Pradesh,MoRTH,262.37,2020-03-01,2024-09-01,severely_delayed,EXACT_NUMERIC_CODE,1.0
P_NUM_618064,618064,Up-gradation of NH-930 Sherpar to Kohka from Km.67880 to Km.114860 to 2LPS in,Ministry of Road Transport & Highways,Transport & Logistics,Chhattisgarh,MoRTH,278.97,2020-03-01,2024-05-01,healthy,EXACT_NUMERIC_CODE,1.0
P_NUM_618065,618065,Rehabilitation/Upgradation of existing Highway to 2LPS/4 lane of Dhawali to Rajoli,Ministry of Road Transport & Highways,Transport & Logistics,Maharashtra,MoRTH,316.44,2022-03-01,2025-09-01,severely_delayed,EXACT_NUMERIC_CODE,1.0
P_NUM_618066,618066,Construction of Amethi bypass Part-II at km.30.050 of NH-931 under EPC mode in the,Ministry of Road Transport & Highways,Transport & Logistics,Uttar Pradesh,MoRTH,283.86,2022-12-01,2027-02-01,healthy,EXACT_NUMERIC_CODE,1.0
P_NUM_618067,618067,Rehabilitation & Up-gradation from design Km. 0.000 to Km. 69.280 of NH-931,Ministry of Road Transport & Highways,Transport & Logistics,Uttar Pradesh,MoRTH,1086.3,2023-05-01,2027-11-01,deteriorating,EXACT_NUMERIC_CODE,1.0
P_NUM_618068,618068,"Construction of Kaithi-Padaria Kala bypass, Patna-Tamoli bypass, Jaso bypass and",Ministry of Road Transport & Highways,Transport & Logistics,Madhya Pradesh,MoRTH,158.36,2022-03-01,2025-10-01,severely_delayed,EXACT_NUMERIC_CODE,1.0
P_NUM_618069,618069,Upgradation to Two-lane with paved shoulder of Hanumangarh to Kenchiyan section,Ministry of Road Transport & Highways,Transport & Logistics,Rajasthan,MoRTH,334.64,2022-03-01,2026-10-01,healthy,EXACT_NUMERIC_CODE,1.0
P_NUM_618070,618070,Widening to 2 Lanes with paved shoulders from Km.87/000 to 133/720 Nattukal to,Ministry of Road Transport & Highways,Transport & Logistics,Kerala,MoRTH,294.28,2017-02-01,2019-08-01,severely_delayed,EXACT_NUMERIC_CODE,1.0
P_NUM_618071,618071,Construction of two lane with paved shoulder Gangtok Bypass Road from Ranipool to,Ministry of Road Transport & Highways,Transport & Logistics,Sikkim,MoRTH,385.15,2021-10-01,2024-05-01,severely_delayed,EXACT_NUMERIC_CODE,1.0
P_NUM_618072,618072,Widening to Existing single lane /intermediate lane to 2 lane from Km185.00 to Km,Ministry of Road Transport & Highways,Transport & Logistics,Nagaland,MoRTH,297.25,2021-03-01,2024-07-01,severely_delayed,EXACT_NUMERIC_CODE,1.0
P_NUM_618073,618073,Improvement to Two lane with Paved Shoulder from Junction of NH22 near Hajipur to,Ministry of Road Transport & Highways,Transport & Logistics,Bihar,MoRTH,226.16,2024-02-01,2026-02-01,severely_delayed,EXACT_NUMERIC_CODE,1.0
P_NUM_618074,618074,Pre construction activity of NH 122B from km 0 to 72.348 and Improvement to two,Ministry of Road Transport & Highways,Transport & Logistics,Bihar,MoRTH,624.43,2022-02-01,2026-08-01,healthy,EXACT_NUMERIC_CODE,1.0
P_NUM_618075,618075,Construction of two lane with paved shoulder from existing Km.0.000 to Km.55.610,Ministry of Road Transport & Highways,Transport & Logistics,Uttar Pradesh,MoRTH,840.93,2021-12-01,2026-02-01,severely_delayed,EXACT_NUMERIC_CODE,1.0
P_NUM_618076,618076,Improvement and Widening two lannig with paved Shoulder of NH 127B from km,Ministry of Road Transport & Highways,Transport & Logistics,Meghalaya,MoRTH,504.0,2023-12-01,2027-05-01,deteriorating,EXACT_NUMERIC_CODE,1.0
P_NUM_618078,618078,Up-gradation of NH-130C Abhanpur to Paund from NH Km. 0000 to KM 40380 to two,Ministry of Road Transport & Highways,Transport & Logistics,Chhattisgarh,MoRTH,193.16,2020-12-01,2023-09-01,severely_delayed,EXACT_NUMERIC_CODE,1.0
P_NUM_618079,618079,Construction of Dharmagarh Bypass on NH-130C including land acquisition in the,Ministry of Road Transport & Highways,Transport & Logistics,Odisha,MoRTH,172.66,2023-03-01,2026-10-01,deteriorating,EXACT_NUMERIC_CODE,1.0
P_NUM_618080,618080,Improvement to two lane with paved shoulders of BH WB Border Amdabad Manihari,Ministry of Road Transport & Highways,Transport & Logistics,Bihar,MoRTH,353.27,2022-01-01,2026-11-01,severely_delayed,EXACT_NUMERIC_CODE,1.0
P_NUM_618081,618081,Construction of Mariahu Bypass with four lane paved shoulder configuration Km.,Ministry of Road Transport & Highways,Transport & Logistics,Uttar Pradesh,MoRTH,438.24,2023-03-01,2026-02-01,severely_delayed,EXACT_NUMERIC_CODE,1.0
P_NUM_618082,618082,Widening & Upgradation to four lane configuration from Km.34.900 Bhadohi to,Ministry of Road Transport & Highways,Transport & Logistics,Uttar Pradesh,MoRTH,395.62,2021-03-01,2024-05-01,severely_delayed,EXACT_NUMERIC_CODE,1.0
P_NUM_618083,618083,Construction of byepass around Lohardaga town of NH-143A in the Sate of Jharkhand,Ministry of Road Transport & Highways,Transport & Logistics,Jharkhand,MoRTH,458.78,2022-02-01,2026-01-01,severely_delayed,EXACT_NUMERIC_CODE,1.0
P_NUM_618084,618084,Widening to 2-lane with paved shoulder from km 0.00 to 44.00 Kuru-Ghaghra section,Ministry of Road Transport & Highways,Transport & Logistics,Jharkhand,MoRTH,153.01,2020-02-01,2023-08-01,severely_delayed,EXACT_NUMERIC_CODE,1.0
P_NUM_618085,618085,Upgradation of Nasrullagani-Rehti-Budhni Scction to 2-lane with paved shoulder from,Ministry of Road Transport & Highways,Transport & Logistics,Madhya Pradesh,MoRTH,305.12,2021-12-01,2024-10-01,severely_delayed,EXACT_NUMERIC_CODE,1.0
P_NUM_618086,618086,"Widening to Two Lane with Paved Shoulders from KB Cross to Chunchanahalli ie.,",Ministry of Road Transport & Highways,Transport & Logistics,Karnataka,MoRTH,617.28,2023-03-01,2027-01-01,healthy,EXACT_NUMERIC_CODE,1.0
P_NUM_618087,618087,Widening to intermediate/two lane to 2 lane with paved shoulder from Existing,Ministry of Road Transport & Highways,Transport & Logistics,Karnataka,MoRTH,255.88,2022-03-01,2024-07-01,severely_delayed,EXACT_NUMERIC_CODE,1.0
P_NUM_618088,618088,Nandurshingote to Kolhar,Ministry of Road Transport & Highways,Transport & Logistics,Maharashtra,MoRTH,325.79,2024-09-01,2026-12-01,healthy,EXACT_NUMERIC_CODE,1.0
P_NUM_618089,618089,Rehabilitation & Up-gradation of Mudkhed to Nanded section from Km. 372000 to Km,Ministry of Road Transport & Highways,Transport & Logistics,Maharashtra,MoRTH,206.54,2022-03-01,2025-04-01,severely_delayed,EXACT_NUMERIC_CODE,1.0
P_NUM_618090,618090,Sarsam - Kothari of NH-161A - 2L PS from Km.33/00 to 90/00,Ministry of Road Transport & Highways,Transport & Logistics,Maharashtra,MoRTH,545.64,2017-02-01,2019-06-01,severely_delayed,EXACT_NUMERIC_CODE,1.0
P_NUM_618091,618091,Widening to two lane with paved shoulders from Km 0/000 to Km 45/946 of Nizampet-,Ministry of Road Transport & Highways,Transport & Logistics,Telangana,MoRTH,512.98,2022-03-01,2026-02-01,severely_delayed,EXACT_NUMERIC_CODE,1.0
P_NUM_618092,618092,Up-gradation to 2 lane with paved shoulder from Neechli Oden Nathdwara at Design,Ministry of Road Transport & Highways,Transport & Logistics,Rajasthan,MoRTH,606.61,2023-02-01,2026-10-01,healthy,EXACT_NUMERIC_CODE,1.0
P_NUM_618093,618093,Up-gradation to 2 lane with Paved shoulder from Charbhuja at Design km 0.00,Ministry of Road Transport & Highways,Transport & Logistics,Rajasthan,MoRTH,838.43,2022-02-01,2025-09-01,deteriorating,EXACT_NUMERIC_CODE,1.0
P_NUM_618094,618094,Pen to Khopoli 2LPS,Ministry of Road Transport & Highways,Transport & Logistics,Maharashtra,MoRTH,369.39,2018-03-01,2019-12-01,severely_delayed,EXACT_NUMERIC_CODE,1.0
P_NUM_618095,618095,Widening to Two Lane with Paved Shoulders from Km 0.00 Design Chainage 0.00 to,Ministry of Road Transport & Highways,Transport & Logistics,Karnataka,MoRTH,196.05,2023-02-01,2026-03-01,severely_delayed,EXACT_NUMERIC_CODE,1.0
P_NUM_618096,618096,Rehabilitation and Up-gradation to 2 lane road with paved shoulders configuration for,Ministry of Road Transport & Highways,Transport & Logistics,Maharashtra,MoRTH,181.45,2024-02-01,2026-04-01,severely_delayed,EXACT_NUMERIC_CODE,1.0
P_NUM_618097,618097,Guhagar - Rampur - 2L-PS - km 0/00 Guhagar to 26/230 Rampur and 40/00 Mirjoli to,Ministry of Road Transport & Highways,Transport & Logistics,Maharashtra,MoRTH,407.2,2017-01-01,2019-06-01,severely_delayed,EXACT_NUMERIC_CODE,1.0
P_NUM_618098,618098,Upgradation of exhisting 2 lane flexible pavement to 2 lane paved shoulders rigid,Ministry of Road Transport & Highways,Transport & Logistics,Maharashtra,MoRTH,167.97,2021-03-01,2024-05-01,severely_delayed,EXACT_NUMERIC_CODE,1.0
P_NUM_618099,618099,Rehabilitation & up-gradation for Talere Gaganbawada - kolhapur Road NH 166G,Ministry of Road Transport & Highways,Transport & Logistics,Maharashtra,MoRTH,164.13,2024-03-01,2026-04-01,healthy,EXACT_NUMERIC_CODE,1.0
P_NUM_618101,618101,Kondamodu to Perecherla Section Design Ch. Km 000 to Km 49917 of NH-167AG to,Ministry of Road Transport & Highways,Transport & Logistics,Andhra Pradesh,MoRTH,881.61,2024-10-01,2027-04-01,healthy,EXACT_NUMERIC_CODE,1.0
P_NUM_618103,618103,Rehabilitation and upgradation from Km 22300 to 58635 of MudireddyPalle to,Ministry of Road Transport & Highways,Transport & Logistics,Andhra Pradesh,MoRTH,279.29,2022-03-01,2026-04-01,healthy,EXACT_NUMERIC_CODE,1.0
P_NUM_618104,618104,Widening to two lane with paved shoulders from Km 0/000 to Km 79/300 of,Ministry of Road Transport & Highways,Transport & Logistics,Telangana,MoRTH,886.69,2022-03-01,2025-07-01,severely_delayed,EXACT_NUMERIC_CODE,1.0
P_NUM_618105,618105,Widening and strengthening to 4 lane / 2-lane with paved shoulders of Mahabubnagar,Ministry of Road Transport & Highways,Transport & Logistics,Telangana,MoRTH,631.49,2022-03-01,2025-10-01,severely_delayed,EXACT_NUMERIC_CODE,1.0
P_NUM_618106,618106,Widening and Strengthening to 2/4 lane with paved shoulders of Mahabubnagar,Ministry of Road Transport & Highways,Transport & Logistics,Telangana,MoRTH,703.68,2022-01-01,2027-11-01,healthy,EXACT_NUMERIC_CODE,1.0
P_NUM_618107,618107,Upgradation of Mehsana-Visnagar-vadnagar-Kheralu-Idar section from km 0/00 to,Ministry of Road Transport & Highways,Transport & Logistics,Gujarat,MoRTH,1155.21,2024-02-01,2028-06-01,deteriorating,EXACT_NUMERIC_CODE,1.0
P_NUM_618108,618108,Up-gradation and strengthening to 2lanePS from Km 95/500 to km 129/775 of Nh,Ministry of Road Transport & Highways,Transport & Logistics,Gujarat,MoRTH,237.28,2022-09-01,2025-12-01,severely_delayed,EXACT_NUMERIC_CODE,1.0
P_NUM_618109,618109,Widening to 4 lane from Km 51.60 to 76.20 Hebri to Parkala and from Km 85.20 to,Ministry of Road Transport & Highways,Transport & Logistics,Karnataka,MoRTH,355.72,2022-01-01,2024-12-01,severely_delayed,EXACT_NUMERIC_CODE,1.0
P_NUM_618110,618110,Improvement and upgradation to two lane with Paved Shoulder configuration from,Ministry of Road Transport & Highways,Transport & Logistics,Uttar Pradesh,MoRTH,307.11,2021-11-01,2024-05-01,severely_delayed,EXACT_NUMERIC_CODE,1.0
P_NUM_618111,618111,Improvement and upgradation to two lane with paved shoulder configuration from,Ministry of Road Transport & Highways,Transport & Logistics,Uttar Pradesh,MoRTH,403.36,2021-08-01,2025-06-01,severely_delayed,EXACT_NUMERIC_CODE,1.0
P_NUM_618112,618112,"Improvement and up-gradation of NH-227B 84 Kosi Parikrama Marg Package I, from",Ministry of Road Transport & Highways,Transport & Logistics,Uttar Pradesh,MoRTH,912.5,2022-03-01,2026-11-01,deteriorating,EXACT_NUMERIC_CODE,1.0
P_NUM_618113,618113,"Improvement and up-gradation of NH-227B 84 Kosi Parikrama Marg Package III, from",Ministry of Road Transport & Highways,Transport & Logistics,Uttar Pradesh,MoRTH,587.97,2022-03-01,2026-11-01,healthy,EXACT_NUMERIC_CODE,1.0
P_NUM_618114,618114,"Improvement and up-gradation of NH-227B 84 Kosi Parikrama Marg PackageV, from",Ministry of Road Transport & Highways,Transport & Logistics,Uttar Pradesh,MoRTH,1192.33,2023-03-01,2028-08-01,deteriorating,EXACT_NUMERIC_CODE,1.0
P_NUM_618116,618116,lmprovement and Up-gradation from Km. 73.300 Bikapur to Km.140.960 Patranga of,Ministry of Road Transport & Highways,Transport & Logistics,Uttar Pradesh,MoRTH,1679.75,2022-11-01,2028-01-01,healthy,EXACT_NUMERIC_CODE,1.0
P_NUM_618117,618117,Upgradation to 2-Lane with Paved Shoulder from Design Km 36300 to Design,Ministry of Road Transport & Highways,Transport & Logistics,Rajasthan,MoRTH,154.89,2024-02-01,2026-05-01,deteriorating,EXACT_NUMERIC_CODE,1.0
P_NUM_618118,618118,Upgradation of two lane paved shoulder from Shahpura existing km. 0.00 Design Ch.,Ministry of Road Transport & Highways,Transport & Logistics,Rajasthan,MoRTH,174.34,2022-03-01,2024-07-01,severely_delayed,EXACT_NUMERIC_CODE,1.0
P_NUM_618119,618119,Rehabilitation and up-gradation to 2-lane configuration of Bageshwar to Kangarchina,Ministry of Road Transport & Highways,Transport & Logistics,Uttarakhand,MoRTH,472.23,2022-03-01,2027-02-01,healthy,EXACT_NUMERIC_CODE,1.0
P_NUM_618120,618120,construction of Four-Lane of chausa-Buxar Bypass from Km 45.000 to Km 65.915,Ministry of Road Transport & Highways,Transport & Logistics,Bihar,MoRTH,1060.16,2022-09-01,2028-01-01,deteriorating,EXACT_NUMERIC_CODE,1.0
P_NUM_618121,618121,Improvement to two lane with paved shoulders of NH-319A from km 0 to km 45 in,Ministry of Road Transport & Highways,Transport & Logistics,Bihar,MoRTH,427.29,2022-02-01,2024-12-01,severely_delayed,EXACT_NUMERIC_CODE,1.0
P_NUM_618122,618122,Widening to 2 lane with paved shoulded of Jareikela Jharkhand/Odisha Border -,Ministry of Road Transport & Highways,Transport & Logistics,Odisha,MoRTH,172.09,2022-03-01,2026-10-01,healthy,EXACT_NUMERIC_CODE,1.0
P_NUM_618123,618123,Widening and Strengthening/Reconstruction to Two Lane with Paved Shoulder/ Two,Ministry of Road Transport & Highways,Transport & Logistics,Jharkhand,MoRTH,423.18,2022-03-01,2025-08-01,deteriorating,EXACT_NUMERIC_CODE,1.0
P_NUM_618124,618124,Rehabilitation and upgradation from km 51.600 to km 75.700 of NH-321G Nuhkhas to,Ministry of Road Transport & Highways,Transport & Logistics,Uttar Pradesh,MoRTH,343.54,2022-01-01,2025-08-01,severely_delayed,EXACT_NUMERIC_CODE,1.0
P_NUM_618125,618125,Rehabilitation and upgradation of NH 326A from km 0/0 to 41/979 excluding km 2/255,Ministry of Road Transport & Highways,Transport & Logistics,Andhra Pradesh,MoRTH,228.32,2018-03-01,2020-03-01,severely_delayed,EXACT_NUMERIC_CODE,1.0
P_NUM_618126,618126,Pre-Construction activities from Km 134.000 to Km 190.233 of NH-333A and,Ministry of Road Transport & Highways,Transport & Logistics,Bihar,MoRTH,479.37,2022-11-01,2026-12-01,healthy,EXACT_NUMERIC_CODE,1.0
P_NUM_618127,618127,Construction of 2- Lane with paved shoulder from km 56.45 Dharampur More to,Ministry of Road Transport & Highways,Transport & Logistics,Jharkhand,MoRTH,255.73,2023-03-01,2027-05-01,deteriorating,EXACT_NUMERIC_CODE,1.0
P_NUM_618129,618129,"Construction of Kasrawad bypass, Selani bypass, Khargone bypass & Bistan bypass",Ministry of Road Transport & Highways,Transport & Logistics,Madhya Pradesh,MoRTH,467.93,2023-03-01,2026-12-01,healthy,EXACT_NUMERIC_CODE,1.0
P_NUM_618130,618130,Widening to 2 lane with paved shoulders from 0.00 to 32.970 ofAdilabadto Bela,Ministry of Road Transport & Highways,Transport & Logistics,Telangana,MoRTH,490.92,2022-10-01,2026-05-01,severely_delayed,EXACT_NUMERIC_CODE,1.0
P_NUM_618132,618132,Widening & strengthening of existing carriageway in 2 lane with paved shoulders from,Ministry of Road Transport & Highways,Transport & Logistics,Telangana,MoRTH,206.13,2018-02-01,2020-06-01,healthy,EXACT_NUMERIC_CODE,1.0
P_NUM_618133,618133,Strengthening and Widening of road Sakoli- Wadsa-Armori-Gadchiroli-Ashti- Allapalli -,Ministry of Road Transport & Highways,Transport & Logistics,Maharashtra,MoRTH,280.57,2021-03-01,2024-05-01,severely_delayed,EXACT_NUMERIC_CODE,1.0
P_NUM_618134,618134,Rehabilitation /Upgradation from Lagam to Alapalli section Desing Km. 199/400 to km,Ministry of Road Transport & Highways,Transport & Logistics,Maharashtra,MoRTH,459.39,2023-02-01,2026-09-01,healthy,EXACT_NUMERIC_CODE,1.0
P_NUM_618136,618136,Upgradatiobn and Rehabilitation of Section of NH 361 F from Parli 00/000 to,Ministry of Road Transport & Highways,Transport & Logistics,Maharashtra,MoRTH,224.44,2021-03-01,2023-09-01,severely_delayed,EXACT_NUMERIC_CODE,1.0
P_NUM_618137,618137,Rehabilitation and Up-gradation of Jarud - Sirsala section of NH-361F km 59500 to,Ministry of Road Transport & Highways,Transport & Logistics,Maharashtra,MoRTH,540.35,2024-03-01,2027-05-01,healthy,EXACT_NUMERIC_CODE,1.0
P_NUM_618138,618138,"Widening, Reconstruction & Up-gradation to 2 lane with Paved Shoulder/Four Lane",Ministry of Road Transport & Highways,Transport & Logistics,Maharashtra,MoRTH,349.57,2024-03-01,2026-11-01,healthy,EXACT_NUMERIC_CODE,1.0
P_NUM_618139,618139,Rehabilitation and Up-gradation of Gangakhed Loha section of NH-361F from Km,Ministry of Road Transport & Highways,Transport & Logistics,Maharashtra,MoRTH,355.12,2024-03-01,2026-09-01,healthy,EXACT_NUMERIC_CODE,1.0
P_NUM_618140,618140,Widening to two/four lane with paved shoulders from Km.34.250 to Km.71.830 of NH-,Ministry of Road Transport & Highways,Transport & Logistics,Telangana,MoRTH,445.76,2022-10-01,2027-01-01,deteriorating,EXACT_NUMERIC_CODE,1.0
P_NUM_618141,618141,Widening and Improvement of existing carriage way to 2 lane with paved shoulders,Ministry of Road Transport & Highways,Transport & Logistics,Telangana,MoRTH,423.48,2022-01-01,2024-12-01,severely_delayed,EXACT_NUMERIC_CODE,1.0
P_NUM_618142,618142,Widening to Two lane with Paved shoulders from km.40/410 to 84/037 of,Ministry of Road Transport & Highways,Transport & Logistics,Telangana,MoRTH,244.54,2017-01-01,2019-05-01,healthy,EXACT_NUMERIC_CODE,1.0
P_NUM_618143,618143,widening to two lane with Paved shoulders from Km.0/970 to Km.40/410 of Jangaon -,Ministry of Road Transport & Highways,Transport & Logistics,Telangana,MoRTH,197.0,2017-03-01,2019-10-01,healthy,EXACT_NUMERIC_CODE,1.0
P_NUM_618144,618144,Construction of Major Bridge Across Sharavathi Backwaters and approches between,Ministry of Road Transport & Highways,Transport & Logistics,Karnataka,MoRTH,423.15,2019-03-01,2022-12-01,deteriorating,EXACT_NUMERIC_CODE,1.0
P_NUM_618145,618145,Widening to two lane with paved shoulder of Rampachodavaram - Koyyuru section of,Ministry of Road Transport & Highways,Transport & Logistics,Andhra Pradesh,MoRTH,568.12,2022-03-01,2025-01-01,severely_delayed,EXACT_NUMERIC_CODE,1.0
P_NUM_618146,618146,Estimate for Improvement to two lane with paved shoulder from Ramnagar to Roseda,Ministry of Road Transport & Highways,Transport & Logistics,Bihar,MoRTH,495.16,2022-01-01,2026-04-01,severely_delayed,EXACT_NUMERIC_CODE,1.0
P_NUM_618147,618147,Widening to 2 Lane with Paved Shoulders from design Km 103.200 Existing Km,Ministry of Road Transport & Highways,Transport & Logistics,Karnataka,MoRTH,166.58,2023-01-01,2025-09-01,severely_delayed,EXACT_NUMERIC_CODE,1.0
P_NUM_618148,618148,Widening to 4LPS of NH-548B from Km 80.000 Near Murgundi to Km 140.200 Near,Ministry of Road Transport & Highways,Transport & Logistics,Karnataka,MoRTH,785.79,2023-03-01,2028-04-01,deteriorating,EXACT_NUMERIC_CODE,1.0
P_NUM_618149,618149,Widening to two lane with paved shoulders from Km 0.00 to 102.310 Design Chainage,Ministry of Road Transport & Highways,Transport & Logistics,Karnataka,MoRTH,957.09,2023-02-01,2027-01-01,healthy,EXACT_NUMERIC_CODE,1.0
P_NUM_618150,618150,Rehabilitation and Up-gradation of i. Deogaon phata to Digras phata Ch. 0/000 to,Ministry of Road Transport & Highways,Transport & Logistics,Maharashtra,MoRTH,761.83,2024-03-01,2027-05-01,deteriorating,EXACT_NUMERIC_CODE,1.0
P_NUM_618151,618151,Widening to 4LPS of NH-548B from Km 118.450 Near Shirguppi to Km 128.450 Near,Ministry of Road Transport & Highways,Transport & Logistics,Karnataka,MoRTH,1084.29,2023-03-01,2029-05-01,deteriorating,EXACT_NUMERIC_CODE,1.0
P_NUM_618152,618152,Mhaswad to Tembhurni section of NH-548C - 2L PS,Ministry of Road Transport & Highways,Transport & Logistics,Maharashtra,MoRTH,488.6,2017-01-01,2019-07-01,severely_delayed,EXACT_NUMERIC_CODE,1.0
P_NUM_618153,618153,Satara to Mhaswad,Ministry of Road Transport & Highways,Transport & Logistics,Maharashtra,MoRTH,653.46,2017-01-01,2019-08-01,severely_delayed,EXACT_NUMERIC_CODE,1.0
P_NUM_618154,618154,Rehabilitation & upgradation of Jamkhed to Sautada Section of NH548 D from km,Ministry of Road Transport & Highways,Transport & Logistics,Maharashtra,MoRTH,157.62,2022-03-01,2024-07-01,severely_delayed,EXACT_NUMERIC_CODE,1.0
P_NUM_618155,618155,Development/Widening of Talegaon Chakan Shikrapur Nhavara Section of NH-548D,Ministry of Road Transport & Highways,Transport & Logistics,Maharashtra,MoRTH,396.17,2024-03-01,2026-07-01,healthy,EXACT_NUMERIC_CODE,1.0
P_NUM_618156,618156,"Construction of Morena bypass, Ambah bypass & Porsa bypass Totat length 27.16 km",Ministry of Road Transport & Highways,Transport & Logistics,Madhya Pradesh,MoRTH,492.66,2023-02-01,2026-10-01,healthy,EXACT_NUMERIC_CODE,1.0
P_NUM_618157,618157,Construction of Ater realignment & Bhind bypass Total length. 21.50 km Section of,Ministry of Road Transport & Highways,Transport & Logistics,Madhya Pradesh,MoRTH,348.06,2023-03-01,2026-06-01,healthy,EXACT_NUMERIC_CODE,1.0
P_NUM_618158,618158,"Upgradation of Goras to Shyampur Road section of NH-552 Ext., from Design",Ministry of Road Transport & Highways,Transport & Logistics,Madhya Pradesh,MoRTH,416.96,2023-03-01,2026-12-01,deteriorating,EXACT_NUMERIC_CODE,1.0
P_NUM_618159,618159,Construction of new 2 Lane with paved shoulders of NH Standards from km 0.080 to,Ministry of Road Transport & Highways,Transport & Logistics,Assam,MoRTH,382.1,2024-02-01,2027-03-01,deteriorating,EXACT_NUMERIC_CODE,1.0
P_NUM_618160,618160,Construction of 2 lane Major Bridge including approaches over Brahmaputra between,Ministry of Road Transport & Highways,Transport & Logistics,Assam,MoRTH,1019.17,2025-03-01,2027-12-01,deteriorating,EXACT_NUMERIC_CODE,1.0
P_NUM_618161,618161,Widening and Reconstruction of existing road to four lane from Km.56400 to Km,Ministry of Road Transport & Highways,Transport & Logistics,Andhra Pradesh,MoRTH,839.98,2022-03-01,2025-12-01,healthy,EXACT_NUMERIC_CODE,1.0
P_NUM_618162,618162,Improvement and up-gradation to 2LPS of NH-227B 84-Kosi Parikrama Marg,Ministry of Road Transport & Highways,Transport & Logistics,Uttar Pradesh,MoRTH,2008.7,2023-05-01,2028-01-01,deteriorating,EXACT_NUMERIC_CODE,1.0
P_NUM_618163,618163,Rehabilitation and Up-gradation from km. 0000 to km.40390 of NH-730S,Ministry of Road Transport & Highways,Transport & Logistics,Uttar Pradesh,MoRTH,809.25,2023-03-01,2025-12-01,severely_delayed,EXACT_NUMERIC_CODE,1.0
P_NUM_618164,618164,Construction of four lane highway with paved shoulder from Km.74.700 to Km.112.950,Ministry of Road Transport & Highways,Transport & Logistics,Uttar Pradesh,MoRTH,1141.67,2022-03-01,2026-06-01,healthy,EXACT_NUMERIC_CODE,1.0
P_NUM_618165,618165,Construction of 4-lane highway with paved shoulders from Km 49.155 to Km 74.700 of,Ministry of Road Transport & Highways,Transport & Logistics,Uttar Pradesh,MoRTH,1156.72,2022-01-01,2026-01-01,healthy,EXACT_NUMERIC_CODE,1.0
P_NUM_618166,618166,Construction of 4-lane green field highway from Km. 35.000 to Km. 49.155 of NH-,Ministry of Road Transport & Highways,Transport & Logistics,Uttar Pradesh,MoRTH,697.66,2022-01-01,2025-10-01,severely_delayed,EXACT_NUMERIC_CODE,1.0
P_NUM_618167,618167,Rehabilitation & Upgradation of NH-731A from Km.0.00 to Km.35.00 to 2-lane with,Ministry of Road Transport & Highways,Transport & Logistics,Uttar Pradesh,MoRTH,264.86,2021-03-01,2023-08-01,severely_delayed,EXACT_NUMERIC_CODE,1.0
P_NUM_618168,618168,Widening to four lane with paved shoulder from Design Km.49.200 to Km.89.285 of,Ministry of Road Transport & Highways,Transport & Logistics,Uttar Pradesh,MoRTH,917.91,2022-03-01,2026-01-01,severely_delayed,EXACT_NUMERIC_CODE,1.0
P_NUM_618169,618169,Construction of Two Lane with paved shoulder highway from Design Ch.0.000 to,Ministry of Road Transport & Highways,Transport & Logistics,Uttar Pradesh,MoRTH,640.18,2022-03-01,2025-11-01,severely_delayed,EXACT_NUMERIC_CODE,1.0
P_NUM_618170,618170,Construction of Two lane with paved shoulder configuration of Shujalpur Bypass,Ministry of Road Transport & Highways,Transport & Logistics,Madhya Pradesh,MoRTH,214.07,2023-03-01,2025-09-01,severely_delayed,EXACT_NUMERIC_CODE,1.0
P_NUM_618171,618171,"Work of Upgradation of Jirapur-Pachore Road including Pachore, Jirapur, Chhapiheda",Ministry of Road Transport & Highways,Transport & Logistics,Madhya Pradesh,MoRTH,352.69,2022-03-01,2026-01-01,severely_delayed,EXACT_NUMERIC_CODE,1.0
P_NUM_618172,618172,Paithan - Shirur section 2LPS Km 0.0 to 55.00,Ministry of Road Transport & Highways,Transport & Logistics,Maharashtra,MoRTH,341.8,2017-03-01,2019-06-01,severely_delayed,EXACT_NUMERIC_CODE,1.0
P_NUM_618173,618173,Shirur-Kharda section from 55937 km to 114486 km to 2LPS/4L,Ministry of Road Transport & Highways,Transport & Logistics,Maharashtra,MoRTH,381.77,2017-02-01,2019-06-01,severely_delayed,EXACT_NUMERIC_CODE,1.0
P_NUM_618174,618174,Rehabilitation and Upgradation to two lane with paved shoulder configuration of NH-,Ministry of Road Transport & Highways,Transport & Logistics,Maharashtra,MoRTH,226.58,2024-03-01,2026-10-01,healthy,EXACT_NUMERIC_CODE,1.0
P_NUM_618175,618175,Rehabilitation and Upgradation of Satana to Mangrul Chandwad Section of NH752 G,Ministry of Road Transport & Highways,Transport & Logistics,Maharashtra,MoRTH,428.8,2022-03-01,2025-05-01,severely_delayed,EXACT_NUMERIC_CODE,1.0
P_NUM_618176,618176,Rehabilitation and upgradation from ch km 50/200 to 56/800 and km 62/600 to,Ministry of Road Transport & Highways,Transport & Logistics,Maharashtra,MoRTH,349.08,2025-03-01,2028-01-01,healthy,EXACT_NUMERIC_CODE,1.0
P_NUM_618177,618177,Pal Phata Phulambri - Khultabad 2LPS,Ministry of Road Transport & Highways,Transport & Logistics,Maharashtra,MoRTH,227.19,2018-03-01,2019-12-01,severely_delayed,EXACT_NUMERIC_CODE,1.0
P_NUM_618178,618178,Widening and strengthening of Gangakhed to Kingaon section of NH-752K in Km,Ministry of Road Transport & Highways,Transport & Logistics,Maharashtra,MoRTH,162.67,2024-02-01,2026-06-01,healthy,EXACT_NUMERIC_CODE,1.0
P_NUM_618179,618179,Rehabilitation and Upgradation of Shewali phata to Kalambhir section i.e. Km 0443 to,Ministry of Road Transport & Highways,Transport & Logistics,Maharashtra,MoRTH,181.58,2024-03-01,2026-02-01,healthy,EXACT_NUMERIC_CODE,1.0
P_NUM_618180,618180,Pune raigarh District Border To Mangaon Ch 69000 to 103775 NH-753F,Ministry of Road Transport & Highways,Transport & Logistics,Maharashtra,MoRTH,223.46,2018-03-01,2019-12-01,severely_delayed,EXACT_NUMERIC_CODE,1.0
P_NUM_618181,618181,Rehabilitation / Upgradation to 4 Lane with Paved shoulder of Existing Section in,Ministry of Road Transport & Highways,Transport & Logistics,Maharashtra,MoRTH,153.79,2023-03-01,2025-07-01,healthy,EXACT_NUMERIC_CODE,1.0
P_NUM_618182,618182,Widening to Two lane with paved shoulders from 106/830 to 158/496 of Yellareddy-,Ministry of Road Transport & Highways,Transport & Logistics,Telangana,MoRTH,499.88,2022-10-01,2026-07-01,severely_delayed,EXACT_NUMERIC_CODE,1.0
P_NUM_618183,618183,Widening to 2 lane with paved shoulders from Km 62/920 to km 106/830 of Medak -,Ministry of Road Transport & Highways,Transport & Logistics,Telangana,MoRTH,399.01,2022-10-01,2026-08-01,healthy,EXACT_NUMERIC_CODE,1.0
P_NUM_618184,618184,Construction of 2 Lane with paved shoulder from km 55.6 to km 90.7 existing,Ministry of Road Transport & Highways,Transport & Logistics,Karnataka,MoRTH,313.56,2023-01-01,2026-02-01,severely_delayed,EXACT_NUMERIC_CODE,1.0
P_NUM_618185,618185,Widening to 2LPS from Km 0.000 to 37.850 Except Ex. Km 24.45 to 27.20 of NH-766c,Ministry of Road Transport & Highways,Transport & Logistics,Karnataka,MoRTH,394.95,2022-12-01,2027-08-01,deteriorating,EXACT_NUMERIC_CODE,1.0
P_NUM_618186,618186,Rehabilitation and Up-gradation of Valigonda to Thorrur Section to Two Lane with,Ministry of Road Transport & Highways,Transport & Logistics,Telangana,MoRTH,549.28,2022-01-01,2024-12-01,severely_delayed,EXACT_NUMERIC_CODE,1.0
P_NUM_618187,618187,"Rehabilitation and upgradation of Salon - Jais - Jagdishpur Road section of NH-931A,",Ministry of Road Transport & Highways,Transport & Logistics,Uttar Pradesh,MoRTH,947.15,2023-05-01,2027-10-01,deteriorating,EXACT_NUMERIC_CODE,1.0
P_NUM_618188,618188,Rehabilitation and Up-gradation to 2 lane with paved shoulder configuration of Mahud,Ministry of Road Transport & Highways,Transport & Logistics,Maharashtra,MoRTH,253.78,2023-02-01,2025-05-01,severely_delayed,EXACT_NUMERIC_CODE,1.0
P_NUM_618189,618189,Widening to two lane with paved shoulder of NH-73New spur road Ujire -,Ministry of Road Transport & Highways,Transport & Logistics,Karnataka,MoRTH,613.65,2024-01-01,2027-11-01,deteriorating,EXACT_NUMERIC_CODE,1.0
P_NUM_618190,618190,Widening to two lane with paved shoulders of 'Bodhan Basar Bhainsa ' section from,Ministry of Road Transport & Highways,Transport & Logistics,Telangana,MoRTH,644.45,2022-03-01,2025-03-01,severely_delayed,EXACT_NUMERIC_CODE,1.0
P_NUM_618191,618191,Rehabilitation and upgradation of NH-167AD from Macherla to Dachepalli via Paluvai,Ministry of Road Transport & Highways,Transport & Logistics,Andhra Pradesh,MoRTH,403.22,2022-01-01,2025-01-01,severely_delayed,EXACT_NUMERIC_CODE,1.0
P_NUM_618192,618192,Duttalur at NH-565 Junction to Kavali Joining on NH-16 Chainage Km. 36/400 to Km.,Ministry of Road Transport & Highways,Transport & Logistics,Andhra Pradesh,MoRTH,423.67,2021-03-01,2024-07-01,severely_delayed,EXACT_NUMERIC_CODE,1.0
P_NUM_618193,618193,Widening of Existing Road to Two Lane with Paved Shoulder Configuration from Km,Ministry of Road Transport & Highways,Transport & Logistics,Andhra Pradesh,MoRTH,368.63,2024-01-01,2026-12-01,healthy,EXACT_NUMERIC_CODE,1.0
P_NUM_618194,618194,Rehabilitation and upgradation of New NH 544DD from design Chainage Km. 56/000,Ministry of Road Transport & Highways,Transport & Logistics,Andhra Pradesh,MoRTH,294.13,2018-03-01,2020-02-01,severely_delayed,EXACT_NUMERIC_CODE,1.0
P_NUM_618196,618196,Widening to 2 lane with Paved Shoulders of Siddipet-Elkathurthy section from Km,Ministry of Road Transport & Highways,Transport & Logistics,Telangana,MoRTH,578.85,2022-01-01,2024-09-01,severely_delayed,EXACT_NUMERIC_CODE,1.0
P_NUM_618197,618197,Widening to 2 lane with Paved Shoulders of Medak - Siddipet section from Km 0/0 to,Ministry of Road Transport & Highways,Transport & Logistics,Telangana,MoRTH,882.18,2022-01-01,2025-01-01,severely_delayed,EXACT_NUMERIC_CODE,1.0
P_NUM_618198,618198,Balance work of Rehabilitation and Up-gradation to 2-lane road with paved shoulders,Ministry of Road Transport & Highways,Transport & Logistics,Maharashtra,MoRTH,388.93,2018-03-01,2024-01-01,severely_delayed,EXACT_NUMERIC_CODE,1.0
P_NUM_618199,618199,"Rehabilitation, Upgradation & Widening of existing Highway to Rigid Pavement 2 Lane",Ministry of Road Transport & Highways,Transport & Logistics,Maharashtra,MoRTH,723.13,2023-02-01,2026-07-01,healthy,EXACT_NUMERIC_CODE,1.0
P_NUM_618200,618200,Construction of 2 lane with Paved Shoulder for Northern Bypass Phase-II of Kota city,Ministry of Road Transport & Highways,Transport & Logistics,Rajasthan,MoRTH,317.74,2022-03-01,2025-04-01,severely_delayed,EXACT_NUMERIC_CODE,1.0
P_NUM_618201,618201,Widening and strengthening to 2 lane with paved shoulder from existing Ch. Km,Ministry of Road Transport & Highways,Transport & Logistics,"Jammu and, Kashmir",MoRTH,702.1,2023-09-01,2026-11-01,severely_delayed,EXACT_NUMERIC_CODE,1.0
P_NUM_618202,618202,Construction of 2 lane with paved shoulders Baramulla Bypass Greenfield bypass,Ministry of Road Transport & Highways,Transport & Logistics,"Jammu and, Kashmir",MoRTH,992.43,2023-03-01,2026-09-01,severely_delayed,EXACT_NUMERIC_CODE,1.0
P_NUM_618203,618203,Construction of 4 lane with paved shoulder Pattan bypass Greenfield bypass from,Ministry of Road Transport & Highways,Transport & Logistics,"Jammu and, Kashmir",MoRTH,980.21,2023-03-01,2026-07-01,severely_delayed,EXACT_NUMERIC_CODE,1.0
P_NUM_618204,618204,Construction of realignment between Pandrass- Pashkyun Total length 27.10 km,Ministry of Road Transport & Highways,Transport & Logistics,"Jammu and, Kashmir",MoRTH,426.15,2021-11-01,2025-06-01,severely_delayed,EXACT_NUMERIC_CODE,1.0
P_NUM_618205,618205,Construction of 4 lane with paved shoulder from Existing Ch. 14200 to 24320 Design,Ministry of Road Transport & Highways,Transport & Logistics,"Jammu and, Kashmir",MoRTH,823.46,2022-06-01,2025-08-01,severely_delayed,EXACT_NUMERIC_CODE,1.0
P_NUM_618206,618206,Widening and Strengthening of Rafiabad-Kupwara-Chowkibal-Tangdhar-Chamkot NH-,Ministry of Road Transport & Highways,Transport & Logistics,"Jammu and, Kashmir",MoRTH,1404.94,2024-03-01,2027-05-01,healthy,EXACT_NUMERIC_CODE,1.0
P_NUM_618207,618207,Widening to 2-lane with Hard Shoulder configuration of Mana Ch. 0.00 to Mana Pass,Ministry of Road Transport & Highways,Transport & Logistics,Uttarakhand,MoRTH,573.96,2022-10-01,2027-10-01,severely_delayed,EXACT_NUMERIC_CODE,1.0
P_NUM_618208,618208,Construction and upgradation of existing road to 2-lane with paved shoulder from,Ministry of Road Transport & Highways,Transport & Logistics,Uttarakhand,MoRTH,180.1,2019-02-01,2021-10-01,healthy,EXACT_NUMERIC_CODE,1.0
P_NUM_618209,618209,Construction & up gradation of existing road to 2-Lane with paved shoulder from,Ministry of Road Transport & Highways,Transport & Logistics,Uttarakhand,MoRTH,258.85,2022-03-01,2025-09-01,severely_delayed,EXACT_NUMERIC_CODE,1.0
P_NUM_618210,618210,Rehabilitation and upgradation of Askot-Lipulekh on EPC Basis for Phase-I Existing,Ministry of Road Transport & Highways,Transport & Logistics,Uttarakhand,MoRTH,603.92,2020-09-01,2023-12-01,severely_delayed,EXACT_NUMERIC_CODE,1.0
P_NUM_618211,618211,Improvement/construction of 2-lane with paved shoulder of Askote Llipulekh road from,Ministry of Road Transport & Highways,Transport & Logistics,Uttarakhand,MoRTH,649.6,2022-05-01,2026-11-01,severely_delayed,EXACT_NUMERIC_CODE,1.0
P_NUM_618212,618212,STABILIZATION OF LAND SLIDE AND SLOPE PROTECTION AT KM 11.00 TO KM,Ministry of Road Transport & Highways,Transport & Logistics,Uttarakhand,MoRTH,197.26,2024-01-01,2027-04-01,deteriorating,EXACT_NUMERIC_CODE,1.0
P_NUM_618213,618213,Rehabilitation and Upgradation of road Rishikesh Dharasu Old NH-94 with 2-lane with,Ministry of Road Transport & Highways,Transport & Logistics,Uttarakhand,MoRTH,273.76,2018-03-01,2021-01-01,severely_delayed,EXACT_NUMERIC_CODE,1.0
P_NUM_618214,618214,Rehabilitation and upgradation to 2 lane / 2 lane with paved shoulder configuration for,Ministry of Road Transport & Highways,Transport & Logistics,Uttarakhand,MoRTH,346.5,2018-03-01,2021-07-01,severely_delayed,EXACT_NUMERIC_CODE,1.0
P_NUM_618215,618215,Improvement/construction of existing CL-5 Road to NH Intermediate lane specification,Ministry of Road Transport & Highways,Transport & Logistics,Himachal Pradesh,MoRTH,274.36,2021-06-01,2027-06-01,deteriorating,EXACT_NUMERIC_CODE,1.0
P_NUM_618216,618216,Improvement/construction of existing CL-5 Road to NH Intermediate lane specification,Ministry of Road Transport & Highways,Transport & Logistics,Himachal Pradesh,MoRTH,230.55,2021-03-01,2026-06-01,severely_delayed,EXACT_NUMERIC_CODE,1.0
P_NUM_618217,618217,Improvement/construction of existing Class-5 Road to NH Intermediate lane,Ministry of Road Transport & Highways,Transport & Logistics,Himachal Pradesh,MoRTH,314.67,2021-03-01,2026-05-01,severely_delayed,EXACT_NUMERIC_CODE,1.0
P_NUM_618218,618218,Rehabilitation & upgradation of existing road to 2-lane with hard shoulder from,Ministry of Road Transport & Highways,Transport & Logistics,Uttarakhand,MoRTH,338.38,2022-10-01,2025-05-01,severely_delayed,EXACT_NUMERIC_CODE,1.0
P_NUM_618219,618219,Upgradation to 2-lane with Hard shoulder configuration of Suraithota Ch. 29.725 km to,Ministry of Road Transport & Highways,Transport & Logistics,Uttarakhand,MoRTH,292.76,2022-10-01,2026-05-01,severely_delayed,EXACT_NUMERIC_CODE,1.0
P_NUM_618220,618220,Reconstruction and widening to 2 lane with paved shoulder from existing chainage km,Ministry of Road Transport & Highways,Transport & Logistics,"Jammu and, Kashmir",MoRTH,642.24,2021-03-01,2024-07-01,severely_delayed,EXACT_NUMERIC_CODE,1.0
P_NUM_618221,618221,Rehabilitation and upgradation to 2 lane with paved shoulder from existing chainage,Ministry of Road Transport & Highways,Transport & Logistics,"Jammu and, Kashmir",MoRTH,734.64,2021-09-01,2026-07-01,severely_delayed,EXACT_NUMERIC_CODE,1.0
P_NUM_618222,618222,Widening and Strengthening up gradation to 2 lane with paved shoulder from existing,Ministry of Road Transport & Highways,Transport & Logistics,"Jammu and, Kashmir",MoRTH,562.45,2022-10-01,2026-01-01,severely_delayed,EXACT_NUMERIC_CODE,1.0
P_NUM_618223,618223,Rehabilitation and up-gradation to 2 lane with paved shoulder from existing chainage,Ministry of Road Transport & Highways,Transport & Logistics,"Jammu and, Kashmir",MoRTH,152.93,2020-03-01,2023-09-01,severely_delayed,EXACT_NUMERIC_CODE,1.0
P_NUM_618224,618224,Rehabilitation and up-gradation to 2 lane with paved shoulder from existing chainage,Ministry of Road Transport & Highways,Transport & Logistics,"Jammu and, Kashmir",MoRTH,796.97,2020-03-01,2024-08-01,severely_delayed,EXACT_NUMERIC_CODE,1.0
P_NUM_618225,618225,Rehabilitation and up-gradation to 2 lane with paved shoulder from existing chainage,Ministry of Road Transport & Highways,Transport & Logistics,"Jammu and, Kashmir",MoRTH,395.25,2021-07-01,2024-07-01,severely_delayed,EXACT_NUMERIC_CODE,1.0
P_NUM_618226,618226,Rehabilitation and upgradation to 2 lane with paved shoulder from existing chainage,Ministry of Road Transport & Highways,Transport & Logistics,"Jammu and, Kashmir",MoRTH,272.49,2020-07-01,2024-11-01,severely_delayed,EXACT_NUMERIC_CODE,1.0
P_NUM_618227,618227,Development to 4/6-lanning of NH-31 New NH-10 with both side service roads from,Ministry of Road Transport & Highways,Transport & Logistics,West Bengal,MoRTH,995.04,2022-03-01,2025-09-01,severely_delayed,EXACT_NUMERIC_CODE,1.0
P_NUM_618228,618228,construction of a new 4 lane Parallel to existing MG Setu with its approaces from km,Ministry of Road Transport & Highways,Transport & Logistics,Bihar,MoRTH,2926.42,2019-02-01,2024-09-01,severely_delayed,EXACT_NUMERIC_CODE,1.0
P_NUM_618229,618229,Rehabilitation and upgradation to 2-lane with paved sholuders configuration of Near,Ministry of Road Transport & Highways,Transport & Logistics,Uttar Pradesh,MoRTH,211.09,2020-04-01,2024-02-01,severely_delayed,EXACT_NUMERIC_CODE,1.0
P_NUM_618230,618230,Rehabilitation and Upgradation to 2-lane configuration of Kalwahn-Mandi Section km,Ministry of Road Transport & Highways,Transport & Logistics,Himachal Pradesh,MoRTH,314.32,2020-08-01,2025-04-01,severely_delayed,EXACT_NUMERIC_CODE,1.0
P_NUM_618231,618231,Rehabilitation and Upgradation to 2-lane configuration of Hamirpur-Karnohal Section,Ministry of Road Transport & Highways,Transport & Logistics,Himachal Pradesh,MoRTH,371.93,2020-08-01,2024-12-01,severely_delayed,EXACT_NUMERIC_CODE,1.0
P_NUM_618232,618232,Rehabilitation and Upgradation to 2-lane configuration of Karnohal- Kalwahn Section,Ministry of Road Transport & Highways,Transport & Logistics,Himachal Pradesh,MoRTH,251.62,2020-08-01,2026-05-01,severely_delayed,EXACT_NUMERIC_CODE,1.0
P_NUM_618233,618233,Construction of 6-lane bridge on Ganga on NH-96 and its approaches in Phaphamau,Ministry of Road Transport & Highways,Transport & Logistics,Uttar Pradesh,MoRTH,1948.25,2018-07-01,2024-02-01,severely_delayed,EXACT_NUMERIC_CODE,1.0
P_NUM_618234,618234,Construction of a new 4-lane major bridge across river Kosi at Phulaut including,Ministry of Road Transport & Highways,Transport & Logistics,Bihar,MoRTH,1478.4,2018-09-01,2024-06-01,severely_delayed,EXACT_NUMERIC_CODE,1.0
P_NUM_618235,618235,Balance work of Rehabilitation and Up-gradation to 4-Lane configuration of Ras-,Ministry of Road Transport & Highways,Transport & Logistics,Rajasthan,MoRTH,278.1,2025-01-01,2026-12-01,healthy,EXACT_NUMERIC_CODE,1.0
P_NUM_618236,618236,Rehabilitation and Up-gradation of Dhindi - Digamarru section from Km 126/510 to Km,Ministry of Road Transport & Highways,Transport & Logistics,Andhra Pradesh,MoRTH,316.06,2016-02-01,2018-05-01,severely_delayed,EXACT_NUMERIC_CODE,1.0
P_NUM_618237,618237,Rehabilitation and Up-gradation of Pasarlapudi to Dhindi section from Km 105/170 to,Ministry of Road Transport & Highways,Transport & Logistics,Andhra Pradesh,MoRTH,263.45,2017-03-01,2019-09-01,severely_delayed,EXACT_NUMERIC_CODE,1.0
P_NUM_618238,618238,Rehabilitation and Up-gradation of Thimmapuram to Gurajanapalli section from Km,Ministry of Road Transport & Highways,Transport & Logistics,Andhra Pradesh,MoRTH,350.61,2016-08-01,2018-07-01,severely_delayed,EXACT_NUMERIC_CODE,1.0
P_NUM_618239,618239,Rehabilitation & Upgradation of NH214 New NH-216 from Km 34/230 to Km 84/550,Ministry of Road Transport & Highways,Transport & Logistics,Andhra Pradesh,MoRTH,445.22,2016-03-01,2018-09-01,severely_delayed,EXACT_NUMERIC_CODE,1.0
P_NUM_618240,618240,Rehabilitation and upgradation to 2-lane with paved sholuders configuration of Bewar-,Ministry of Road Transport & Highways,Transport & Logistics,Uttar Pradesh,MoRTH,236.47,2020-04-01,2024-03-01,severely_delayed,EXACT_NUMERIC_CODE,1.0
P_NUM_618242,618242,Widening and Reconstruction to 4-lane/4-lane with service road including structures,Ministry of Road Transport & Highways,Transport & Logistics,Jharkhand,MoRTH,300.46,2022-05-01,2026-01-01,severely_delayed,EXACT_NUMERIC_CODE,1.0
P_NUM_618243,618243,Construction of Basti Ring Road Phase-I with 4L configuration for Basti City in the,Ministry of Road Transport & Highways,Transport & Logistics,Uttar Pradesh,MoRTH,1138.72,2022-12-01,2027-06-01,healthy,EXACT_NUMERIC_CODE,1.0
P_NUM_618244,618244,Construction of Raebareli Ring Road Phase-2 with four Lane configuration for,Ministry of Road Transport & Highways,Transport & Logistics,Uttar Pradesh,MoRTH,1273.72,2022-03-01,2027-05-01,healthy,EXACT_NUMERIC_CODE,1.0
P_NUM_618246,618246,Construction of New 4-Lane Bridge Parallel to existing Vikramashila Setufrom km,Ministry of Road Transport & Highways,Transport & Logistics,Bihar,MoRTH,1110.23,2020-07-01,2027-05-01,severely_delayed,EXACT_NUMERIC_CODE,1.0
P_NUM_618247,618247,Construction of 4 lane Mirzapur bypass including bridge over river Ganga from km,Ministry of Road Transport & Highways,Transport & Logistics,Uttar Pradesh,MoRTH,1708.62,2024-03-01,2029-01-01,deteriorating,EXACT_NUMERIC_CODE,1.0
P_NUM_618248,618248,Widening to 4 lane from km. 139.00 to km 179.20 of NH-135A Pkg-III Jaunpur,Ministry of Road Transport & Highways,Transport & Logistics,Uttar Pradesh,MoRTH,1653.15,2023-05-01,2028-01-01,deteriorating,EXACT_NUMERIC_CODE,1.0
P_NUM_618249,618249,Widening to 4 lane from km. 108.50 to km 139.00 of NH-135A Pkg-II Jaunpur,Ministry of Road Transport & Highways,Transport & Logistics,Uttar Pradesh,MoRTH,1511.57,2023-03-01,2027-03-01,healthy,EXACT_NUMERIC_CODE,1.0
P_NUM_618250,618250,Construction of 6-Lane Elevated / Extra Dose Cable Bridge on River Ganga parallel to,Ministry of Road Transport & Highways,Transport & Logistics,Bihar,MoRTH,3064.45,2024-01-01,2027-11-01,severely_delayed,EXACT_NUMERIC_CODE,1.0
P_NUM_618251,618251,Improvement and Up gradation to four lane with Paved shoulder configuration from,Ministry of Road Transport & Highways,Transport & Logistics,Bihar,MoRTH,1661.25,2023-03-01,2028-03-01,deteriorating,EXACT_NUMERIC_CODE,1.0
P_NUM_618252,618252,Improvement and Up-gradation to two Lane with Paved Shoulder/Four Lane,Ministry of Road Transport & Highways,Transport & Logistics,Uttar Pradesh,MoRTH,974.19,2022-01-01,2027-05-01,cost_escalating,EXACT_NUMERIC_CODE,1.0
P_NUM_618253,618253,Construction of missing link from Birhu to Lathiani from Km 35/550 Design chainage,Ministry of Road Transport & Highways,Transport & Logistics,Himachal Pradesh,MoRTH,870.95,2023-06-01,2029-03-01,deteriorating,EXACT_NUMERIC_CODE,1.0
P_NUM_618254,618254,Construction of Paderu bypass Km 0000 to Km 13000 of 2- lane with paved shoulder,Ministry of Road Transport & Highways,Transport & Logistics,Andhra Pradesh,MoRTH,244.43,2023-03-01,2026-07-01,deteriorating,EXACT_NUMERIC_CODE,1.0
P_NUM_618255,618255,Two laning with paved shoulders of Lambasingi to Paderusection of NH 516E,Ministry of Road Transport & Highways,Transport & Logistics,Andhra Pradesh,MoRTH,361.24,2020-04-01,2025-11-01,severely_delayed,EXACT_NUMERIC_CODE,1.0
P_NUM_618256,618256,"Rehabilitation and Upgradation to 2-lane with paved should ders Sir, configuration of",Ministry of Road Transport & Highways,Transport & Logistics,Andhra Pradesh,MoRTH,311.22,2020-08-01,2024-10-01,severely_delayed,EXACT_NUMERIC_CODE,1.0
P_NUM_618257,618257,Rehabilitation and Upgradation to 2-lane with paved shoulders configuration of,Ministry of Road Transport & Highways,Transport & Logistics,Andhra Pradesh,MoRTH,349.29,2020-08-01,2024-07-01,severely_delayed,EXACT_NUMERIC_CODE,1.0
P_NUM_618258,618258,Two laning with paved shoulders of Gondiguda to Araku uptoBhallaguda section of NH,Ministry of Road Transport & Highways,Transport & Logistics,Andhra Pradesh,MoRTH,296.66,2020-08-01,2023-09-01,severely_delayed,EXACT_NUMERIC_CODE,1.0
P_NUM_618259,618259,Two laning with paved shoulders of Paderu to GundigudaSection of NH 516E,Ministry of Road Transport & Highways,Transport & Logistics,Andhra Pradesh,MoRTH,222.61,2020-08-01,2023-03-01,severely_delayed,EXACT_NUMERIC_CODE,1.0
P_NUM_618260,618260,Construction of Salempur bypass to 4LPS from km 64.000 of NH-727A Km 171.00 of,Ministry of Road Transport & Highways,Transport & Logistics,Uttar Pradesh,MoRTH,1348.06,2022-03-01,2027-11-01,healthy,EXACT_NUMERIC_CODE,1.0
P_NUM_618262,618262,Construction of Deoria Bypass from existing Km. 27.140 to existing Km. 46.780,Ministry of Road Transport & Highways,Transport & Logistics,Uttar Pradesh,MoRTH,1734.7,2023-03-01,2027-07-01,deteriorating,EXACT_NUMERIC_CODE,1.0
P_NUM_618263,618263,Rehabilitation and Up-gradation to 2LPS from Km. 0.000 to Km. 7.800 and Km.,Ministry of Road Transport & Highways,Transport & Logistics,Uttar Pradesh,MoRTH,701.02,2023-03-01,2026-07-01,healthy,EXACT_NUMERIC_CODE,1.0
P_NUM_618264,618264,Widening and Strengthening to two Lane with Paved Shoulder/Four Lane with paved,Ministry of Road Transport & Highways,Transport & Logistics,Uttar Pradesh,MoRTH,2061.86,2023-05-01,2028-05-01,healthy,EXACT_NUMERIC_CODE,1.0
P_NUM_618265,618265,Rehabilitation and upgradation to 2-lane with paved sholuders configuration of,Ministry of Road Transport & Highways,Transport & Logistics,Uttar Pradesh,MoRTH,172.5,2020-04-01,2024-07-01,severely_delayed,EXACT_NUMERIC_CODE,1.0
P_NUM_618266,618266,Rehabilitation and upgradation to 2-lane with paved sholuders configuration of Bewar-,Ministry of Road Transport & Highways,Transport & Logistics,Uttar Pradesh,MoRTH,325.24,2020-04-01,2024-11-01,severely_delayed,EXACT_NUMERIC_CODE,1.0
P_NUM_618267,618267,Widening/Upgradation to four lane configuration of Shahjahanpur-Bisalpur section,Ministry of Road Transport & Highways,Transport & Logistics,Uttar Pradesh,MoRTH,1590.2,2023-03-01,2028-05-01,deteriorating,EXACT_NUMERIC_CODE,1.0
P_NUM_618282,618282,4-L Bilasipara-Guwahati Package-10,Ministry of Road Transport & Highways,Transport & Logistics,Assam,NHIDCL,1264.9,2023-03-01,2026-06-01,severely_delayed,EXACT_NUMERIC_CODE,1.0
P_NUM_618283,618283,4-L Bilasipara-Guwahati Package-9,Ministry of Road Transport & Highways,Transport & Logistics,Assam,NHIDCL,1000.27,2023-03-01,2026-06-01,severely_delayed,EXACT_NUMERIC_CODE,1.0
P_NUM_618284,618284,Widening/Improvement to 4-Lane with paved shoulder from Km 99930 to Km 143680,Ministry of Road Transport & Highways,Transport & Logistics,Assam,NHIDCL,1457.59,2023-03-01,2026-12-01,healthy,EXACT_NUMERIC_CODE,1.0
P_NUM_618285,618285,Widening/Improvement to 4 -Lane with Paved Shoulder from Ch. 88.000km to,Ministry of Road Transport & Highways,Transport & Logistics,Assam,NHIDCL,286.72,2021-03-01,2025-10-01,healthy,EXACT_NUMERIC_CODE,1.0
P_NUM_618286,618286,Construction of New 2-Lane Bridge with its approaches from km 0000 to Km 4385,Ministry of Road Transport & Highways,Transport & Logistics,Assam,NHIDCL,746.76,2021-09-01,2024-11-01,severely_delayed,EXACT_NUMERIC_CODE,1.0
P_NUM_618287,618287,Widening/Improvement to 4-Lane with paved Shoulder from Ch. 25.633 Km to Ch.,Ministry of Road Transport & Highways,Transport & Logistics,Assam,NHIDCL,1338.61,2023-11-01,2027-06-01,deteriorating,EXACT_NUMERIC_CODE,1.0
P_NUM_618288,618288,Widening/lmprovement to 4-Lane with Paved Shoulder from Ch.5.580 Km to,Ministry of Road Transport & Highways,Transport & Logistics,Assam,NHIDCL,1081.15,2024-02-01,2027-08-01,healthy,EXACT_NUMERIC_CODE,1.0
P_NUM_618289,618289,Construction and up gradation to 4-Lane of existing two lane with paved shoulder from,Ministry of Road Transport & Highways,Transport & Logistics,Assam,NHIDCL,224.85,2020-03-01,2022-12-01,severely_delayed,EXACT_NUMERIC_CODE,1.0
P_NUM_618290,618290,Construction of 2-lane with Paved shoulder of Kohima- Bypass Road Connecting NH-,Ministry of Road Transport & Highways,Transport & Logistics,Nagaland,NHIDCL,202.36,2020-07-01,2022-04-01,severely_delayed,EXACT_NUMERIC_CODE,1.0
P_NUM_618291,618291,Construction of 2-lane with Paved shoulder of Kohima-Bypass Road connecting NH-,Ministry of Road Transport & Highways,Transport & Logistics,Nagaland,NHIDCL,159.85,2020-07-01,2025-06-01,severely_delayed,EXACT_NUMERIC_CODE,1.0
P_NUM_618292,618292,Construction of 2-Lane with paved shoulder of Kohima-Bypass Road connecting New,Ministry of Road Transport & Highways,Transport & Logistics,Nagaland,NHIDCL,277.44,2020-07-01,2022-10-01,severely_delayed,EXACT_NUMERIC_CODE,1.0
P_NUM_618293,618293,Construction of 2-Lane with paved shoulder of Kohima-Bypass Road connecting NH-,Ministry of Road Transport & Highways,Transport & Logistics,Nagaland,NHIDCL,232.29,2020-07-01,2026-11-01,cost_escalating,EXACT_NUMERIC_CODE,1.0
P_NUM_618294,618294,Improvement and Widening of National Highway No. 127B Darugiri - Songsak -,Ministry of Road Transport & Highways,Transport & Logistics,Meghalaya,NHIDCL,801.07,2023-03-01,2027-09-01,deteriorating,EXACT_NUMERIC_CODE,1.0
P_NUM_618295,618295,Improvement/Widening of New NH-217 Dainadubi-Darugiri section to Two lane with,Ministry of Road Transport & Highways,Transport & Logistics,Meghalaya,NHIDCL,705.83,2023-03-01,2027-03-01,healthy,EXACT_NUMERIC_CODE,1.0
P_NUM_618296,618296,Balance work of Construction of 2-lane with hard shoulder of Kohima - Jessami road,Ministry of Road Transport & Highways,Transport & Logistics,Nagaland,NHIDCL,330.8,2020-03-01,2025-11-01,severely_delayed,EXACT_NUMERIC_CODE,1.0
P_NUM_618297,618297,Construction of 2-lane with hard shoulder of Kohima - Jessami road on NH-29 Old NH-,Ministry of Road Transport & Highways,Transport & Logistics,Nagaland,NHIDCL,355.79,2020-03-01,2026-01-01,severely_delayed,EXACT_NUMERIC_CODE,1.0
P_NUM_618298,618298,Widening/Improvement of existing 2-Lane road to 4-Lane Divided Highway from,Ministry of Road Transport & Highways,Transport & Logistics,Manipur,NHIDCL,211.7,2021-03-01,2023-01-01,severely_delayed,EXACT_NUMERIC_CODE,1.0
P_NUM_618299,618299,Improvement/Up-gradation of existing 2-Lane Road to 4-Lane Divided Highway from,Ministry of Road Transport & Highways,Transport & Logistics,Manipur,NHIDCL,268.98,2020-09-01,2026-06-01,severely_delayed,EXACT_NUMERIC_CODE,1.0
P_NUM_618300,618300,Improvement/Up-gradation of existing 2-Lane Road to 4-Lane Divided Highway from,Ministry of Road Transport & Highways,Transport & Logistics,Manipur,NHIDCL,379.39,2020-09-01,2022-04-01,severely_delayed,EXACT_NUMERIC_CODE,1.0
P_NUM_618301,618301,Widening/Improvement of existing 2-lane to 4-Lane Divided Highway from Kuraopokpi,Ministry of Road Transport & Highways,Transport & Logistics,Manipur,NHIDCL,228.97,2020-09-01,2026-08-01,healthy,EXACT_NUMERIC_CODE,1.0
P_NUM_618302,618302,Widening/Improvement to 2-lane with earthen shoulder of Yaingangpokpi - Finch,Ministry of Road Transport & Highways,Transport & Logistics,Manipur,NHIDCL,256.04,2020-03-01,2022-06-01,severely_delayed,EXACT_NUMERIC_CODE,1.0
P_NUM_618303,618303,Widening/Improvement to 2-lane with earthen shoulder of Yaingangpokpi - Finch,Ministry of Road Transport & Highways,Transport & Logistics,Manipur,NHIDCL,222.77,2020-03-01,2022-06-01,severely_delayed,EXACT_NUMERIC_CODE,1.0
P_NUM_618304,618304,Widening/Improvement to 2 Lane with earthen shoulder of Jessami to Laynen bridge,Ministry of Road Transport & Highways,Transport & Logistics,Manipur,NHIDCL,164.89,2023-03-01,2026-06-01,severely_delayed,EXACT_NUMERIC_CODE,1.0
P_NUM_618305,618305,Widening/Improvement to 2 lane with earthen shoulder of Marrem Khullen to Jessami,Ministry of Road Transport & Highways,Transport & Logistics,Manipur,NHIDCL,554.66,2023-03-01,2026-12-01,severely_delayed,EXACT_NUMERIC_CODE,1.0
P_NUM_618306,618306,Widening/Improvement to 2 lane with earthen shoulder of Choithar to Marrem Khullen,Ministry of Road Transport & Highways,Transport & Logistics,Manipur,NHIDCL,564.05,2023-03-01,2027-03-01,deteriorating,EXACT_NUMERIC_CODE,1.0
P_NUM_618307,618307,Rehabilitation and up-gradation of road from km 16.077 to km 43.935 total length,Ministry of Road Transport & Highways,Transport & Logistics,Tripura,NHIDCL,456.88,2022-02-01,2025-01-01,severely_delayed,EXACT_NUMERIC_CODE,1.0
P_NUM_618308,618308,Construction of 4-Lane Panchgram Bypass from Design Chainage km 15500 on NH-,Ministry of Road Transport & Highways,Transport & Logistics,Assam,NHIDCL,676.18,2023-03-01,2027-02-01,healthy,EXACT_NUMERIC_CODE,1.0
P_NUM_618309,618309,Widening/lmprovement to 4-Laning and Greenfield alignment with Paved shoulder of,Ministry of Road Transport & Highways,Transport & Logistics,Assam,NHIDCL,1319.55,2024-02-01,2027-08-01,deteriorating,EXACT_NUMERIC_CODE,1.0
P_NUM_618310,618310,Widening/lmprovement to 4-L of Karimgani - sutarkandi section of NH 37 from design,Ministry of Road Transport & Highways,Transport & Logistics,Assam,NHIDCL,791.79,2024-02-01,2027-02-01,healthy,EXACT_NUMERIC_CODE,1.0
P_NUM_618311,618311,Widening/lmprovement to 4-Lane with Paved shoulder for existing as well as,Ministry of Road Transport & Highways,Transport & Logistics,Assam,NHIDCL,870.0,2024-03-01,2027-03-01,healthy,EXACT_NUMERIC_CODE,1.0
P_NUM_618312,618312,Widening/lmprovement to 4-Lane with Paved Shoulder from existing road and,Ministry of Road Transport & Highways,Transport & Logistics,Assam,NHIDCL,1258.13,2024-02-01,2027-10-01,deteriorating,EXACT_NUMERIC_CODE,1.0
P_NUM_618313,618313,Widening/lmprovement of Existing 2 lane to 4-Laning of Karimganj-Silchar section of,Ministry of Road Transport & Highways,Transport & Logistics,Assam,NHIDCL,1181.55,2024-03-01,2027-09-01,healthy,EXACT_NUMERIC_CODE,1.0
P_NUM_618314,618314,4-Laning of Dhanehari Lailapur / Vairengte section from Existing Chainage km 12920,Ministry of Road Transport & Highways,Transport & Logistics,Assam,NHIDCL,1716.21,2023-03-01,2026-08-01,severely_delayed,EXACT_NUMERIC_CODE,1.0
P_NUM_618315,618315,4-Laning of Silchar - Dhanehari section from Existing Chainage km 263800 of NH 37,Ministry of Road Transport & Highways,Transport & Logistics,Assam,NHIDCL,1256.9,2023-02-01,2026-07-01,severely_delayed,EXACT_NUMERIC_CODE,1.0
P_NUM_618316,618316,4-Laning of Vairengte - Chhimluang section Package-3 of NH-306 from Existing,Ministry of Road Transport & Highways,Transport & Logistics,Mizoram,NHIDCL,491.39,2021-12-01,2027-01-01,deteriorating,EXACT_NUMERIC_CODE,1.0
P_NUM_618317,618317,4-Laning of chhimluang-Kolasib from section pkg-4 of NH-306 & NH-6 existing,Ministry of Road Transport & Highways,Transport & Logistics,Mizoram,NHIDCL,561.91,2021-12-01,2027-01-01,deteriorating,EXACT_NUMERIC_CODE,1.0
P_NUM_618318,618318,4-Laning of Kolasib - Sethawn section Package-5 of NH-6 from Existing Chainage km,Ministry of Road Transport & Highways,Transport & Logistics,Mizoram,NHIDCL,720.4,2021-11-01,2027-07-01,deteriorating,EXACT_NUMERIC_CODE,1.0
P_NUM_618319,618319,4-Laning of Sethawn - N. Kawnpui section Package-6 of NH-6 from Existing Chainage,Ministry of Road Transport & Highways,Transport & Logistics,Mizoram,NHIDCL,595.65,2021-12-01,2027-01-01,deteriorating,EXACT_NUMERIC_CODE,1.0
P_NUM_618320,618320,Construction of 4-Laning of N. Kawnpui N. Mualvum Mualkhang via Khamrang Village,Ministry of Road Transport & Highways,Transport & Logistics,Mizoram,NHIDCL,866.32,2024-02-01,2028-10-01,deteriorating,EXACT_NUMERIC_CODE,1.0
P_NUM_618321,618321,Construction of 4-Laning of West Serawlg-Sairang section of NH-6 from Existing,Ministry of Road Transport & Highways,Transport & Logistics,Mizoram,NHIDCL,875.79,2024-02-01,2028-11-01,deteriorating,EXACT_NUMERIC_CODE,1.0
P_NUM_618323,618323,Construction of Twin Tube Uni-directional Aizawl Bypass Tunnel of 2.5 km and its,Ministry of Road Transport & Highways,Transport & Logistics,Mizoram,NHIDCL,1313.28,2024-01-01,2028-12-01,deteriorating,EXACT_NUMERIC_CODE,1.0
P_NUM_618324,618324,Construction of 2-lane Aizawl Bypass from km 15.200 to km 34.500 Package-3 on,Ministry of Road Transport & Highways,Transport & Logistics,Mizoram,NHIDCL,720.72,2023-02-01,2028-11-01,deteriorating,EXACT_NUMERIC_CODE,1.0
P_NUM_618325,618325,Dillai to Lahorijan Package-7,Ministry of Road Transport & Highways,Transport & Logistics,Assam,NHIDCL,204.1,2021-11-01,2024-07-01,severely_delayed,EXACT_NUMERIC_CODE,1.0
P_NUM_618326,618326,Widening/Improvement to 4-Lane with Paved Shoulder from KM 38500 to Km 51246,Ministry of Road Transport & Highways,Transport & Logistics,Assam,NHIDCL,516.88,2023-01-01,2025-11-01,severely_delayed,EXACT_NUMERIC_CODE,1.0
P_NUM_618327,618327,Widening/Improvement to 4-Lane with Paved Shoulder from KM 113300 to Km,Ministry of Road Transport & Highways,Transport & Logistics,Assam,NHIDCL,625.64,2021-09-01,2024-07-01,severely_delayed,EXACT_NUMERIC_CODE,1.0
P_NUM_618328,618328,4-Laning of Balance work of Dimapur-Kohima Road from design km 152.490 to km,Ministry of Road Transport & Highways,Transport & Logistics,Nagaland,NHIDCL,562.98,2016-03-01,2025-09-01,severely_delayed,EXACT_NUMERIC_CODE,1.0
P_NUM_618329,618329,Construction of 4/6 Laning from Km 132.375 to Km 153.058 Total New Alignment,Ministry of Road Transport & Highways,Transport & Logistics,Nagaland,NHIDCL,819.39,2017-02-01,2020-09-01,severely_delayed,EXACT_NUMERIC_CODE,1.0
P_NUM_618330,618330,Construction of 4/6 Laning from existing Km 159.400 of NH-36 to existing Km 102.500,Ministry of Road Transport & Highways,Transport & Logistics,Assam,NHIDCL,511.02,2018-03-01,2022-11-01,severely_delayed,EXACT_NUMERIC_CODE,1.0
P_NUM_618331,618331,lmprovement to 4-Lane with Paved Shoulder from existing km 260000 Design,Ministry of Road Transport & Highways,Transport & Logistics,Assam,NHIDCL,957.95,2024-01-01,2028-01-01,healthy,EXACT_NUMERIC_CODE,1.0
P_NUM_618333,618333,Widening to 2 lane with Paved shoulder of lmphal to Jiribam section of NH-37 from,Ministry of Road Transport & Highways,Transport & Logistics,Manipur,NHIDCL,760.16,2023-01-01,2025-12-01,severely_delayed,EXACT_NUMERIC_CODE,1.0
P_NUM_618334,618334,Widening to 2 Lane with Paved shoulder of lmphal to Jiribam section of NH-37 from,Ministry of Road Transport & Highways,Transport & Logistics,Manipur,NHIDCL,504.76,2021-12-01,2025-02-01,severely_delayed,EXACT_NUMERIC_CODE,1.0
P_NUM_618335,618335,Widening to 2 Lane with Paved shoulder of lmphal to Jiribam section of NH-37 from,Ministry of Road Transport & Highways,Transport & Logistics,Manipur,NHIDCL,410.68,2021-12-01,2024-05-01,severely_delayed,EXACT_NUMERIC_CODE,1.0
P_NUM_618336,618336,Widening to 2 -Lane with Paved shoulder of Imphal to Jiribam section of NH-37 from,Ministry of Road Transport & Highways,Transport & Logistics,Manipur,NHIDCL,579.63,2021-09-01,2023-12-01,severely_delayed,EXACT_NUMERIC_CODE,1.0
P_NUM_618337,618337,Widening to 2 -Lane with Paved shoulder of Imphal to Jiribam section of NH-37 from,Ministry of Road Transport & Highways,Transport & Logistics,Manipur,NHIDCL,467.0,2021-03-01,2023-03-01,severely_delayed,EXACT_NUMERIC_CODE,1.0
P_NUM_618338,618338,Widening to 2-Lane with Paved shoulder of Imphal to Jiribam section of NH-37 from,Ministry of Road Transport & Highways,Transport & Logistics,Manipur,NHIDCL,195.14,2021-03-01,2026-03-01,severely_delayed,EXACT_NUMERIC_CODE,1.0
P_NUM_618339,618339,Widening/Improvement to 2-Lane Lane with Paved Shoulder from km 16900 Bogapani,Ministry of Road Transport & Highways,Transport & Logistics,Assam,NHIDCL,356.65,2023-01-01,2025-12-01,severely_delayed,EXACT_NUMERIC_CODE,1.0
P_NUM_618340,618340,Widening/Improvement to 4-Lane with Paved Shoulder from km 626030 Nalani hulla,Ministry of Road Transport & Highways,Transport & Logistics,Assam,NHIDCL,458.59,2023-01-01,2025-05-01,severely_delayed,EXACT_NUMERIC_CODE,1.0
P_NUM_618341,618341,Up-gradation to 2-lane with paved shoulders of Ngopa - Pawlrang section of NH 102B,Ministry of Road Transport & Highways,Transport & Logistics,Mizoram,NHIDCL,523.78,2021-09-01,2025-02-01,severely_delayed,EXACT_NUMERIC_CODE,1.0
P_NUM_618342,618342,Rehabilitation and upgradation to 2 Lane with Paved shoulder of Economic corridor of,Ministry of Road Transport & Highways,Transport & Logistics,Mizoram,NHIDCL,206.9,2020-03-01,2022-06-01,severely_delayed,EXACT_NUMERIC_CODE,1.0
P_NUM_618343,618343,Rehabilitation and Up gradation to 2-lane with paved shoulder of Keifang Section,Ministry of Road Transport & Highways,Transport & Logistics,Mizoram,NHIDCL,292.23,2020-03-01,2022-06-01,severely_delayed,EXACT_NUMERIC_CODE,1.0
P_NUM_618344,618344,Widening to 2-lane with Hard shoulder of Churachandpur to Tuivai Section of NH-,Ministry of Road Transport & Highways,Transport & Logistics,Manipur,NHIDCL,673.27,2021-03-01,2023-08-01,severely_delayed,EXACT_NUMERIC_CODE,1.0
P_NUM_618345,618345,Widening to 2-lane with Hard shoulder of Churachandpur to Tuivai Section from Km,Ministry of Road Transport & Highways,Transport & Logistics,Manipur,NHIDCL,365.53,2020-06-01,2022-08-01,severely_delayed,EXACT_NUMERIC_CODE,1.0
P_NUM_618346,618346,Widening to 2-lane with Hard shoulder of Churachandpur to Tuivai Section of NH-,Ministry of Road Transport & Highways,Transport & Logistics,Manipur,NHIDCL,232.99,2020-04-01,2022-06-01,severely_delayed,EXACT_NUMERIC_CODE,1.0
P_NUM_618347,618347,Widening to 2-lane with Hard shoulder of Churachandpur to Tuivai Section of NH-,Ministry of Road Transport & Highways,Transport & Logistics,Manipur,NHIDCL,241.52,2020-04-01,2022-06-01,severely_delayed,EXACT_NUMERIC_CODE,1.0
P_NUM_618348,618348,Balance work of Widening to 2 Two lane with hard shoulder of Churachandpur to,Ministry of Road Transport & Highways,Transport & Logistics,Manipur,NHIDCL,177.76,2020-06-01,2026-11-01,deteriorating,EXACT_NUMERIC_CODE,1.0
P_NUM_618349,618349,Balance work of Widening to 2 Two lane with hard shoulder of Churachandpur to,Ministry of Road Transport & Highways,Transport & Logistics,Manipur,NHIDCL,204.12,2020-04-01,2026-08-01,deteriorating,EXACT_NUMERIC_CODE,1.0
P_NUM_618350,618350,Improvement & widening of existing NH-08 to 4-lane with Paved Shoulder from,Ministry of Road Transport & Highways,Transport & Logistics,Tripura,NHIDCL,920.66,2023-12-01,2026-09-01,healthy,EXACT_NUMERIC_CODE,1.0
P_NUM_618351,618351,Widening & Upgradation to 2 lanes with paved shoulders road from Tamenglong to,Ministry of Road Transport & Highways,Transport & Logistics,Assam,NHIDCL,890.33,2023-03-01,2025-08-01,severely_delayed,EXACT_NUMERIC_CODE,1.0
P_NUM_618352,618352,Widening & Upgradation to 2 lanes with paved shoulders road from Tamenglong to,Ministry of Road Transport & Highways,Transport & Logistics,Assam,NHIDCL,860.37,2023-03-01,2025-08-01,severely_delayed,EXACT_NUMERIC_CODE,1.0
P_NUM_618353,618353,Widening & Upgradation to 2-lanes with paved shoulders road from Tamenglong to,Ministry of Road Transport & Highways,Transport & Logistics,Assam,NHIDCL,904.04,2023-03-01,2025-08-01,severely_delayed,EXACT_NUMERIC_CODE,1.0
P_NUM_618354,618354,Wideinig & Upgradation to 2-lanes with paved shoulders road from Tamenglong to,Ministry of Road Transport & Highways,Transport & Logistics,Assam,NHIDCL,846.82,2023-12-01,2026-03-01,severely_delayed,EXACT_NUMERIC_CODE,1.0
P_NUM_618355,618355,Construction of of 2 -Lane with paved shoulders road from Tamenglong-Tousem-,Ministry of Road Transport & Highways,Transport & Logistics,Manipur,NHIDCL,483.87,2021-07-01,2023-03-01,severely_delayed,EXACT_NUMERIC_CODE,1.0
P_NUM_618356,618356,Construction of 2 -Lane with paved shoulders road from Tamenglong to Mahur in the,Ministry of Road Transport & Highways,Transport & Logistics,Manipur,NHIDCL,234.08,2021-03-01,2022-12-01,severely_delayed,EXACT_NUMERIC_CODE,1.0
P_NUM_618357,618357,Construction of 2 -Lane with paved shoulders road from Tamenglong to Mahur NH-,Ministry of Road Transport & Highways,Transport & Logistics,Manipur,NHIDCL,477.86,2021-09-01,2023-05-01,severely_delayed,EXACT_NUMERIC_CODE,1.0
P_NUM_618358,618358,Construction of 2 -Lane with paved shoulders road from Tamenglong to Mahur NH-,Ministry of Road Transport & Highways,Transport & Logistics,Manipur,NHIDCL,311.18,2021-09-01,2023-05-01,severely_delayed,EXACT_NUMERIC_CODE,1.0
P_NUM_618359,618359,Widening/Improvement to 4-Lane with Paved Shoulder from km 55000 Nagabang,Ministry of Road Transport & Highways,Transport & Logistics,"Multi-States, (Arunachal, Pradesh, Assam)",NHIDCL,665.47,2023-03-01,2027-03-01,healthy,EXACT_NUMERIC_CODE,1.0
P_NUM_618362,618362,Construction of 2-laning with hard shoulder of Lunglei to Chhumkhum from Design,Ministry of Road Transport & Highways,Transport & Logistics,Mizoram,NHIDCL,698.45,2021-03-01,2022-12-01,severely_delayed,EXACT_NUMERIC_CODE,1.0
P_NUM_618363,618363,Construction of 2-laning with hard shoulder configuration of Chhumkhum to Tlabung,Ministry of Road Transport & Highways,Transport & Logistics,Mizoram,NHIDCL,740.58,2021-06-01,2023-01-01,severely_delayed,EXACT_NUMERIC_CODE,1.0
P_NUM_618364,618364,Widening to 2 Lane with Hard shoulder of Akegwo-Avangkhu section of NH-202K for,Ministry of Road Transport & Highways,Transport & Logistics,Nagaland,NHIDCL,430.24,2022-12-01,2026-02-01,healthy,EXACT_NUMERIC_CODE,1.0
P_NUM_618365,618365,Widening to 2 Lane with Hard shoulder of Akegwo-Avangkhu section of NH-202K for,Ministry of Road Transport & Highways,Transport & Logistics,Nagaland,NHIDCL,497.18,2022-12-01,2026-02-01,healthy,EXACT_NUMERIC_CODE,1.0
P_NUM_618366,618366,Widening to 2 Lane with Hard shoulder of Akegwo-Avangkhu section of NH-202K for,Ministry of Road Transport & Highways,Transport & Logistics,Nagaland,NHIDCL,442.54,2022-12-01,2026-02-01,healthy,EXACT_NUMERIC_CODE,1.0
P_NUM_618367,618367,Improvement and Widening to 2-lane with paved shoulder of road from design Km,Ministry of Road Transport & Highways,Transport & Logistics,Tripura,NHIDCL,726.9,2024-01-01,2026-12-01,deteriorating,EXACT_NUMERIC_CODE,1.0
P_NUM_618368,618368,Improvement and Widening to 2-lane with paved shoulder of road from design Km,Ministry of Road Transport & Highways,Transport & Logistics,Tripura,NHIDCL,670.9,2024-01-01,2026-09-01,severely_delayed,EXACT_NUMERIC_CODE,1.0
P_NUM_618369,618369,Improvement and Widening to 2-lane with paved shoulder of road from existing Km,Ministry of Road Transport & Highways,Transport & Logistics,Tripura,NHIDCL,657.21,2024-01-01,2026-09-01,healthy,EXACT_NUMERIC_CODE,1.0
P_NUM_618370,618370,Improvement and Widening to 2-lane with paved shoulder of road from Km 101.300 to,Ministry of Road Transport & Highways,Transport & Logistics,Tripura,NHIDCL,431.78,2024-01-01,2026-07-01,severely_delayed,EXACT_NUMERIC_CODE,1.0
P_NUM_618371,618371,Widening/Improvement to 4-Lane with Paved Shoulder configuration of existing single,Ministry of Road Transport & Highways,Transport & Logistics,Assam,NHIDCL,613.89,2022-03-01,2026-11-01,healthy,EXACT_NUMERIC_CODE,1.0
P_NUM_618372,618372,Widening / Improvement to 4-Lane with Paved Shoulder configuration of existing,Ministry of Road Transport & Highways,Transport & Logistics,Assam,NHIDCL,909.02,2022-03-01,2025-01-01,healthy,EXACT_NUMERIC_CODE,1.0
P_NUM_618373,618373,Construction of 4-Lane Bridge including approaches over River Brahmaputra between,Ministry of Road Transport & Highways,Transport & Logistics,Assam,NHIDCL,4997.04,2019-05-01,2028-09-01,healthy,EXACT_NUMERIC_CODE,1.0
P_NUM_618374,618374,Improvement/Widening to 2-L with Paved Shoulder/ 4-Laning of NH-40 section from,Ministry of Road Transport & Highways,Transport & Logistics,Meghalaya,NHIDCL,284.21,2020-07-01,2026-11-01,healthy,EXACT_NUMERIC_CODE,1.0
P_NUM_618375,618375,Improvement/Widening to 2-Lane with Paved Shoulder from design Km 45.760 to Km,Ministry of Road Transport & Highways,Transport & Logistics,Meghalaya,NHIDCL,445.51,2020-07-01,2026-04-01,healthy,EXACT_NUMERIC_CODE,1.0
P_NUM_618376,618376,Improvement/Widening to 2-Lane with Paved Shoulder between Shillong-Dawki road,Ministry of Road Transport & Highways,Transport & Logistics,Meghalaya,NHIDCL,525.67,2020-07-01,2026-08-01,healthy,EXACT_NUMERIC_CODE,1.0
P_NUM_618377,618377,Improvement/Widening to 2-L with Paved Shoulder/4-L from Km 81740 to Km 93490,Ministry of Road Transport & Highways,Transport & Logistics,Meghalaya,NHIDCL,351.12,2020-07-01,2025-10-01,severely_delayed,EXACT_NUMERIC_CODE,1.0
P_NUM_618379,618379,Widening and Up-gradation to 2- Lane with Paved Shoulder Configuration and,Ministry of Road Transport & Highways,Transport & Logistics,Mizoram,NHIDCL,752.89,2019-09-01,2023-04-01,severely_delayed,EXACT_NUMERIC_CODE,1.0
P_NUM_618380,618380,Widening and Up-gradation to 2- Lane with Paved Shoulder Configuration and,Ministry of Road Transport & Highways,Transport & Logistics,Mizoram,NHIDCL,867.09,2019-09-01,2023-04-01,severely_delayed,EXACT_NUMERIC_CODE,1.0
P_NUM_618381,618381,Widening and up-gradation to 2-lane with paved shoulder configuration and geometric,Ministry of Road Transport & Highways,Transport & Logistics,Mizoram,NHIDCL,768.76,2019-09-01,2023-06-01,severely_delayed,EXACT_NUMERIC_CODE,1.0
P_NUM_618382,618382,Widening and up-gradation to 2-lane with paved shoulder configuration and geometric,Ministry of Road Transport & Highways,Transport & Logistics,Mizoram,NHIDCL,605.76,2019-09-01,2024-04-01,severely_delayed,EXACT_NUMERIC_CODE,1.0
P_NUM_618383,618383,Widening and up-gradation to 2-lane with paved shoulder configuration and geometric,Ministry of Road Transport & Highways,Transport & Logistics,Mizoram,NHIDCL,637.06,2019-09-01,2023-09-01,severely_delayed,EXACT_NUMERIC_CODE,1.0
P_NUM_618384,618384,Widening and Up-gradation to 2- Lane with Paved Shoulder Configuration and,Ministry of Road Transport & Highways,Transport & Logistics,Mizoram,NHIDCL,899.45,2019-09-01,2023-04-01,severely_delayed,EXACT_NUMERIC_CODE,1.0
P_NUM_618385,618385,Rehabilitation and up-gradation of road from design km 25.250 to km 36.460 Total,Ministry of Road Transport & Highways,Transport & Logistics,Tripura,NHIDCL,174.43,2020-02-01,2026-03-01,healthy,EXACT_NUMERIC_CODE,1.0
P_NUM_618386,618386,Rehabilitation & Upgradation of Road from Km 0.00 to Km 18.600 Total length-18.600,Ministry of Road Transport & Highways,Transport & Logistics,Tripura,NHIDCL,277.5,2020-02-01,2022-01-01,severely_delayed,EXACT_NUMERIC_CODE,1.0
P_NUM_618387,618387,Construction of 2-laning with Hard shoulder of Ukhrul Tolloi - Tadubi section of NH-,Ministry of Road Transport & Highways,Transport & Logistics,Manipur,NHIDCL,578.98,2023-03-01,2026-03-01,severely_delayed,EXACT_NUMERIC_CODE,1.0
P_NUM_618388,618388,Construction of 2-laning with Hard shoulder road of Ukhrul - Tolloi - Tadubi section of,Ministry of Road Transport & Highways,Transport & Logistics,Manipur,NHIDCL,315.56,2021-09-01,2025-01-01,severely_delayed,EXACT_NUMERIC_CODE,1.0
P_NUM_618389,618389,Construction of 2-laning with Hard shoulder road of Ukhrul - Tolloi - Tadubi section of,Ministry of Road Transport & Highways,Transport & Logistics,Manipur,NHIDCL,310.76,2021-09-01,2024-02-01,severely_delayed,EXACT_NUMERIC_CODE,1.0
P_NUM_618390,618390,"Construction, Operation & Maintenance of 2-L Bi-directional Silkyara Bend- Barkot",Ministry of Road Transport & Highways,Transport & Logistics,Uttarakhand,NHIDCL,1383.78,2018-03-01,2022-07-01,severely_delayed,EXACT_NUMERIC_CODE,1.0
P_NUM_618391,618391,"Construction for Mitigation Measures of 5 Nos. Landslides, 05 No. Sinking Zones and",Ministry of Road Transport & Highways,Transport & Logistics,Uttarakhand,NHIDCL,250.33,2023-12-01,2025-12-01,severely_delayed,EXACT_NUMERIC_CODE,1.0
P_NUM_618392,618392,"Construction for Mitigation Measures of 5 Nos. Landslides, 5 Nos. Sinking Zones in",Ministry of Road Transport & Highways,Transport & Logistics,Uttarakhand,NHIDCL,259.64,2023-12-01,2026-06-01,severely_delayed,EXACT_NUMERIC_CODE,1.0
P_NUM_618393,618393,"Construction for Mitigation Measures of 10 Nos. Landslides, 01 No. Sinking Zones",Ministry of Road Transport & Highways,Transport & Logistics,Uttarakhand,NHIDCL,216.68,2023-12-01,2025-12-01,healthy,EXACT_NUMERIC_CODE,1.0
P_NUM_618394,618394,Up-gradation to 2-lane with Paved Shoulder from Km 12.850 to Km20.300 of 7.450Km,Ministry of Road Transport & Highways,Transport & Logistics,"Jammu and, Kashmir",NHIDCL,228.39,2020-07-01,2022-04-01,severely_delayed,EXACT_NUMERIC_CODE,1.0
P_NUM_618395,618395,Construction & Upgradation to 2-lane with paved shoulder from Design Ch. Km 51700,Ministry of Road Transport & Highways,Transport & Logistics,"Jammu and, Kashmir",NHIDCL,512.43,2021-03-01,2023-02-01,severely_delayed,EXACT_NUMERIC_CODE,1.0
P_NUM_618396,618396,Construction & Upgradation to 2 lane with paved shoulder from Design Km. 31.449,Ministry of Road Transport & Highways,Transport & Logistics,"Jammu and, Kashmir",NHIDCL,486.45,2021-02-01,2022-08-01,severely_delayed,EXACT_NUMERIC_CODE,1.0
P_NUM_618397,618397,Widening and Up-gradation to 2-Lane with Paved Shoulder of configuration and,Ministry of Road Transport & Highways,Transport & Logistics,"Jammu and, Kashmir",NHIDCL,255.9,2018-03-01,2020-11-01,severely_delayed,EXACT_NUMERIC_CODE,1.0
P_NUM_618398,618398,Up-gradation to 2-lane with Paved Shoulder from Km 20.300 to Km 29.030 of 8.730,Ministry of Road Transport & Highways,Transport & Logistics,"Jammu and, Kashmir",NHIDCL,210.79,2020-07-01,2022-04-01,severely_delayed,EXACT_NUMERIC_CODE,1.0
P_NUM_618399,618399,Construction of Kishtwar bypass with 2 lane with paved shoulder from Design Km.,Ministry of Road Transport & Highways,Transport & Logistics,"Jammu and, Kashmir",NHIDCL,859.67,2021-03-01,2023-08-01,severely_delayed,EXACT_NUMERIC_CODE,1.0
P_NUM_618400,618400,Construction & Upgradation to 2-lane with paved shoulder from Design Km 67.805 at,Ministry of Road Transport & Highways,Transport & Logistics,"Jammu and, Kashmir",NHIDCL,398.51,2021-03-01,2022-12-01,severely_delayed,EXACT_NUMERIC_CODE,1.0
P_NUM_618401,618401,Construction of Intermediate Lane with Hard Shoulder of Hunli to Hayuliang Package-,Ministry of Road Transport & Highways,Transport & Logistics,Arunachal Pradesh,NHIDCL,1418.67,2024-02-01,2028-07-01,deteriorating,EXACT_NUMERIC_CODE,1.0
P_NUM_618402,618402,Construction of Intermediate Lane with Hard Shoulder of Hunli to Hayuliang from,Ministry of Road Transport & Highways,Transport & Logistics,Arunachal Pradesh,NHIDCL,1262.43,2024-02-01,2028-02-01,deteriorating,EXACT_NUMERIC_CODE,1.0
P_NUM_618403,618403,Construction of Intermediate Lane Road with hard shoulder from design Km 0.000 to,Ministry of Road Transport & Highways,Transport & Logistics,Arunachal Pradesh,NHIDCL,275.5,2024-02-01,2027-01-01,healthy,EXACT_NUMERIC_CODE,1.0
P_NUM_618404,618404,Construction of lntermediate Lane Road with hard shoulder from design chainage Km,Ministry of Road Transport & Highways,Transport & Logistics,Arunachal Pradesh,NHIDCL,625.61,2023-12-01,2027-11-01,deteriorating,EXACT_NUMERIC_CODE,1.0
P_NUM_618405,618405,Construction of Intermediate Lane of Pango to Jorging Road from 0000 to Design Km,Ministry of Road Transport & Highways,Transport & Logistics,Arunachal Pradesh,NHIDCL,898.19,2024-01-01,2027-07-01,healthy,EXACT_NUMERIC_CODE,1.0
P_NUM_618406,618406,Up-gradation to 4-lane with Paved Shoulder of Jammu-Akhnoor road section of NH-,Ministry of Road Transport & Highways,Transport & Logistics,"Jammu and, Kashmir",NHIDCL,322.49,2018-03-01,2021-07-01,severely_delayed,EXACT_NUMERIC_CODE,1.0
P_NUM_618407,618407,Jammu-Akhnoor Road Pkg-I,Ministry of Road Transport & Highways,Transport & Logistics,"Jammu and, Kashmir",NHIDCL,245.3,2018-03-01,2025-01-01,severely_delayed,EXACT_NUMERIC_CODE,1.0
P_NUM_618408,618408,Kargil Zanskar Road,Ministry of Road Transport & Highways,Transport & Logistics,Ladakh,NHIDCL,398.37,2021-03-01,2023-01-01,severely_delayed,EXACT_NUMERIC_CODE,1.0
P_NUM_618409,618409,Widening & Up-gradation to 2 lane with Paved shoulder of NH-301 Kargil- Zanskar,Ministry of Road Transport & Highways,Transport & Logistics,Ladakh,NHIDCL,381.01,2021-03-01,2023-01-01,severely_delayed,EXACT_NUMERIC_CODE,1.0
P_NUM_618410,618410,Widening & Up-gradation to 2 lane with paved shoulder of NH-301 Kargil- Zanskar,Ministry of Road Transport & Highways,Transport & Logistics,Ladakh,NHIDCL,404.89,2021-03-01,2023-01-01,severely_delayed,EXACT_NUMERIC_CODE,1.0
P_NUM_618411,618411,Melaghar-Srimantapur section on NH-08 Spur from Km 23 to Km 34.500 11.5 Km and,Ministry of Road Transport & Highways,Transport & Logistics,Tripura,NHIDCL,195.95,2023-01-01,2024-11-01,severely_delayed,EXACT_NUMERIC_CODE,1.0
P_NUM_618412,618412,Construction of i Connecting Road from Z-Morh Tunnel to Zojila Tunnel Road Length,Ministry of Road Transport & Highways,Transport & Logistics,Andhra Pradesh,NHIDCL,6808.69,2018-01-01,2026-09-01,severely_delayed,EXACT_NUMERIC_CODE,1.0
P_NUM_618413,618413,Construction of 2 laning with Hard shoulder of Peren-Dimapur section on NH 129A,Ministry of Road Transport & Highways,Transport & Logistics,Nagaland,NHIDCL,177.77,2021-02-01,2025-06-01,severely_delayed,EXACT_NUMERIC_CODE,1.0
P_NUM_618414,618414,Construction of Balance work for 2-lane with hard shoulder of Peren- Dimapur section,Ministry of Road Transport & Highways,Transport & Logistics,Nagaland,NHIDCL,258.52,2021-01-01,2025-09-01,healthy,EXACT_NUMERIC_CODE,1.0
P_NUM_618415,618415,Improvement of existing road to 2 laning with Hard Shoulders of Maram-Peren section,Ministry of Road Transport & Highways,Transport & Logistics,Manipur,NHIDCL,188.36,2021-02-01,2022-12-01,severely_delayed,EXACT_NUMERIC_CODE,1.0
P_NUM_618416,618416,Improvement of existing road to 2 laning with Hard Shoulders of Maram -Peren,Ministry of Road Transport & Highways,Transport & Logistics,Manipur,NHIDCL,226.32,2021-02-01,2022-12-01,severely_delayed,EXACT_NUMERIC_CODE,1.0
P_NUM_618417,618417,"Construction of 4-Lane with paved shoulder Agartala bypass Western side, length",Ministry of Road Transport & Highways,Transport & Logistics,Tripura,NHIDCL,2026.05,2023-03-01,2027-03-01,deteriorating,EXACT_NUMERIC_CODE,1.0
P_NUM_618418,618418,Rehabilitation and up gradation of Nongstoin-Rambrai-Kyrshai road up to Meghalaya-,Ministry of Road Transport & Highways,Transport & Logistics,Meghalaya,NHIDCL,359.86,2021-09-01,2024-05-01,severely_delayed,EXACT_NUMERIC_CODE,1.0
P_NUM_618419,618419,Construction of 2-Lane with paved shoulders of Shillong Western Bypass starting from,Ministry of Road Transport & Highways,Transport & Logistics,Meghalaya,NHIDCL,562.48,2023-03-01,2026-09-01,healthy,EXACT_NUMERIC_CODE,1.0
P_NUM_618420,618420,Construction of 2 lane with paved shoulder of Shillong Western Bypass starting from,Ministry of Road Transport & Highways,Transport & Logistics,Meghalaya,NHIDCL,686.03,2023-03-01,2026-09-01,healthy,EXACT_NUMERIC_CODE,1.0
P_NUM_618421,618421,Construction of 2-Lane with paved shoulder of Shillong Western Bypass starting from,Ministry of Road Transport & Highways,Transport & Logistics,Meghalaya,NHIDCL,620.3,2023-03-01,2026-09-01,healthy,EXACT_NUMERIC_CODE,1.0
P_NUM_618422,618422,Construction of 2-lane with hard shoulders of Merangkong-Tamlu-Mon road Wakching,Ministry of Road Transport & Highways,Transport & Logistics,Nagaland,NHIDCL,161.73,2021-03-01,2025-09-01,severely_delayed,EXACT_NUMERIC_CODE,1.0
P_NUM_618423,618423,Construction of 2-Lane with hard shoulders of Merangkong-Tamlu-Mon MTM Road,Ministry of Road Transport & Highways,Transport & Logistics,Nagaland,NHIDCL,215.79,2018-03-01,2025-08-01,severely_delayed,EXACT_NUMERIC_CODE,1.0
P_NUM_618424,618424,Construction of 2-Laning with hard shoulders of Hayuliang Hawai bypass Road on,Ministry of Road Transport & Highways,Transport & Logistics,Arunachal Pradesh,NHIDCL,256.66,2017-01-01,2023-05-01,severely_delayed,EXACT_NUMERIC_CODE,1.0
P_NUM_618426,618426,Construction/Up gradation of Existing road to 2 Lane with Paved Shoulder including,Ministry of Road Transport & Highways,Transport & Logistics,Sikkim,NHIDCL,264.84,2018-03-01,2024-07-01,severely_delayed,EXACT_NUMERIC_CODE,1.0
P_NUM_618427,618427,Construction & upgradation of existing road to 2-lane with paved shoulder including,Ministry of Road Transport & Highways,Transport & Logistics,West Bengal,NHIDCL,311.02,2020-06-01,2023-04-01,severely_delayed,EXACT_NUMERIC_CODE,1.0
P_NUM_618428,618428,Realignment of NH-717A from Design Ch.0.00 Km 77.800 of NH-10 to Design Ch.2.00,Ministry of Road Transport & Highways,Transport & Logistics,Sikkim,NHIDCL,264.84,2021-01-01,2023-04-01,severely_delayed,EXACT_NUMERIC_CODE,1.0
P_NUM_618429,618429,Construction & upgradation of existing road to 2-lane with paved shoulder including,Ministry of Road Transport & Highways,Transport & Logistics,West Bengal,NHIDCL,345.38,2020-06-01,2022-04-01,severely_delayed,EXACT_NUMERIC_CODE,1.0
P_NUM_618430,618430,Construction of alternative highway to Gangtok in Sikkim via Bagrakot -Chuikhim-,Ministry of Road Transport & Highways,Transport & Logistics,West Bengal,NHIDCL,402.94,2018-03-01,2022-04-01,severely_delayed,EXACT_NUMERIC_CODE,1.0
P_NUM_618431,618431,Construction of alternative highway to Gangtok in Sikkim via Bagrakot -Chuikhim-,Ministry of Road Transport & Highways,Transport & Logistics,West Bengal,NHIDCL,295.97,2018-03-01,2023-04-01,severely_delayed,EXACT_NUMERIC_CODE,1.0
P_NUM_618432,618432,Construction of Balance work of 2-Lane with PS of Joram-Koloriang Road NH-713 on,Ministry of Road Transport & Highways,Transport & Logistics,Arunachal Pradesh,NHIDCL,228.72,2017-02-01,2022-04-01,severely_delayed,EXACT_NUMERIC_CODE,1.0
P_NUM_618433,618433,Construction of Balance work of 2-Lane with PS of Joram Koloriang Road from,Ministry of Road Transport & Highways,Transport & Logistics,Arunachal Pradesh,NHIDCL,184.89,2017-02-01,2022-04-01,severely_delayed,EXACT_NUMERIC_CODE,1.0
P_NUM_618434,618434,Roing-Hunli Road Greenfield Alignment Project,Ministry of Road Transport & Highways,Transport & Logistics,Arunachal Pradesh,NHIDCL,1718.59,2017-02-01,2022-03-01,severely_delayed,EXACT_NUMERIC_CODE,1.0
P_NUM_618435,618435,4-Laning from Rangagara to Kaliabor Tiniali from km 297.00 to km 315.315 of NH-37,Ministry of Road Transport & Highways,Transport & Logistics,Assam,NHIDCL,386.51,2016-01-01,2020-04-01,severely_delayed,EXACT_NUMERIC_CODE,1.0
P_NUM_618436,618436,4-Laning of Jamugurihat to end of Biswanath Chariali By-Pass from Km 182.000 to,Ministry of Road Transport & Highways,Transport & Logistics,Assam,NHIDCL,599.0,2015-03-01,2019-06-01,severely_delayed,EXACT_NUMERIC_CODE,1.0
P_NUM_618437,618437,Construction of Balance Work of 4-Laning of NH-37 Section between End of Moran,Ministry of Road Transport & Highways,Transport & Logistics,Assam,NHIDCL,274.34,2016-01-01,2025-03-01,healthy,EXACT_NUMERIC_CODE,1.0
P_NUM_618438,618438,4-Laning of NH-37 Section between Demow to End of Moran Bypass From Km.,Ministry of Road Transport & Highways,Transport & Logistics,Assam,NHIDCL,385.57,2016-01-01,2024-07-01,severely_delayed,EXACT_NUMERIC_CODE,1.0
P_NUM_618439,618439,Construction of Balance Work of 4-Laning of the Section from Jorhat to Jhanji of NH-,Ministry of Road Transport & Highways,Transport & Logistics,Assam,NHIDCL,478.3,2024-01-01,2024-08-01,severely_delayed,EXACT_NUMERIC_CODE,1.0
P_NUM_618440,618440,Construction of Balance Work of 4-Laning of the Section from Jhanji to Demow of NH-,Ministry of Road Transport & Highways,Transport & Logistics,Assam,NHIDCL,187.09,2016-01-01,2025-10-01,severely_delayed,EXACT_NUMERIC_CODE,1.0
P_NUM_618441,618441,Construction of Balance Work of 4-Laning of the Section from Jhanji to Demow of NH-,Ministry of Road Transport & Highways,Transport & Logistics,Assam,NHIDCL,467.79,2016-01-01,2025-09-01,severely_delayed,EXACT_NUMERIC_CODE,1.0
P_NUM_618442,618442,Construction of Balance Work of the 4-Laning of the Section from Jorhat to Jhanji of,Ministry of Road Transport & Highways,Transport & Logistics,Assam,NHIDCL,358.72,2024-01-01,2024-08-01,severely_delayed,EXACT_NUMERIC_CODE,1.0
P_NUM_618443,618443,Construction of Balance Work of the 4-Laning of the Section from Jorhat to Jhanji of,Ministry of Road Transport & Highways,Transport & Logistics,Assam,NHIDCL,438.44,2024-01-01,2024-08-01,severely_delayed,EXACT_NUMERIC_CODE,1.0
P_NUM_618444,618444,Construction of Balance Work of the 4-Laning of the Section from Jorhat to Jhanji of,Ministry of Road Transport & Highways,Transport & Logistics,Assam,NHIDCL,279.01,2024-01-01,2024-08-01,severely_delayed,EXACT_NUMERIC_CODE,1.0
P_NUM_618445,618445,Construction of 2-Laning with hard shoulders of Demwe-Brahmakund section of NH-,Ministry of Road Transport & Highways,Transport & Logistics,Arunachal Pradesh,NHIDCL,353.9,2020-08-01,2027-12-01,deteriorating,EXACT_NUMERIC_CODE,1.0
P_NUM_618446,618446,Construction & Upgradation of existing road to 2-lane with paved shoulder from New,Ministry of Road Transport & Highways,Transport & Logistics,Sikkim,NHIDCL,493.42,2020-10-01,2024-05-01,severely_delayed,EXACT_NUMERIC_CODE,1.0
P_NUM_618447,618447,Construction of 2-Laning with Paved Shoulder of New Greenfield Alignment From,Ministry of Road Transport & Highways,Transport & Logistics,Sikkim,NHIDCL,410.6,2021-01-01,2024-02-01,severely_delayed,EXACT_NUMERIC_CODE,1.0
P_NUM_618448,618448,Construction of 2-Laning with Paved Shoulder of New Greenfield Alignment From,Ministry of Road Transport & Highways,Transport & Logistics,Sikkim,NHIDCL,816.79,2020-10-01,2023-12-01,severely_delayed,EXACT_NUMERIC_CODE,1.0
P_NUM_618449,618449,Construction & Upgradation of existing road to 2-lane with paved shoulder from,Ministry of Road Transport & Highways,Transport & Logistics,Sikkim,NHIDCL,230.45,2020-07-01,2023-04-01,severely_delayed,EXACT_NUMERIC_CODE,1.0
P_NUM_618450,618450,Rehabilitation & Upgradation of existing road to 2-lane with paved shoulder including,Ministry of Road Transport & Highways,Transport & Logistics,Sikkim,NHIDCL,292.8,2020-07-01,2022-05-01,severely_delayed,EXACT_NUMERIC_CODE,1.0
P_NUM_618452,618452,2-laning of Zorinpui - Longmasu section of NH-502A from km 0.000 to km 28.244 in,Ministry of Road Transport & Highways,Transport & Logistics,Mizoram,NHIDCL,781.85,2023-02-01,2026-12-01,severely_delayed,EXACT_NUMERIC_CODE,1.0
P_NUM_618454,618454,"Earthwork in Formation, Road Work, Construction of Bridges, Blanketing, P. Way",Ministry of Road Transport & Highways,Transport & Logistics,Assam,NHIDCL,693.97,2020-02-01,2022-06-01,severely_delayed,EXACT_NUMERIC_CODE,1.0
P_NUM_618455,618455,Development of External Trunk Connectivity and Internal Infrastructure Works at Multi,Ministry of Road Transport & Highways,Transport & Logistics,Assam,NHIDCL,693.97,2020-02-01,2022-04-01,severely_delayed,EXACT_NUMERIC_CODE,1.0
P_NUM_618456,618456,Delhi-Vadodara Greenfield Alignment NH-148N Pkg-14 Ch. 388.420 to Ch. 419.000,Ministry of Road Transport & Highways,Transport & Logistics,Rajasthan,National Highways Authority of India [NHAI],1119.35,2019-11-01,2023-05-01,severely_delayed,EXACT_NUMERIC_CODE,1.0
P_NUM_618457,618457,Delhi-Vadodara Greenfield Alignment NH-148N Pkg-10 Ch. 292.950 to Ch. 319.400,Ministry of Road Transport & Highways,Transport & Logistics,Rajasthan,NHAI,1272.97,2019-11-01,2023-05-01,severely_delayed,EXACT_NUMERIC_CODE,1.0
P_NUM_618458,618458,Delhi-Vadodara Greenfield Alignment NH-148N Pkg-15 Ch. 419.000 to Ch.427.300,Ministry of Road Transport & Highways,Transport & Logistics,Rajasthan,NHAI,1854.68,2020-07-01,2024-01-01,severely_delayed,EXACT_NUMERIC_CODE,1.0
P_NUM_618459,618459,Delhi-Vadodara Greenfield Alignment NH-148N Pkg-26 Ch.696890 to Ch.726390,Ministry of Road Transport & Highways,Transport & Logistics,Gujarat,NHAI,1555.2,2020-09-01,2024-08-01,severely_delayed,EXACT_NUMERIC_CODE,1.0
P_NUM_618460,618460,Delhi-Vadodara Greenfield Alignment NH-148N Pkg-28 Ch.756052 to Ch.781282,Ministry of Road Transport & Highways,Transport & Logistics,Gujarat,NHAI,1263.38,2020-09-01,2023-11-01,severely_delayed,EXACT_NUMERIC_CODE,1.0
P_NUM_618461,618461,Delhi-Vadodara Greenfield Alignment NH-148N Pkg-30 Ch 803420 to Ch.824920,Ministry of Road Transport & Highways,Transport & Logistics,Gujarat,National Highways Authority of India [NHAI],1800.73,2019-11-01,2023-09-01,severely_delayed,EXACT_NUMERIC_CODE,1.0
P_NUM_618462,618462,Delhi-Vadodara Greenfield Alignment NH-148N Pkg-31 Ch.824920 to Ch.844382,Ministry of Road Transport & Highways,Transport & Logistics,Gujarat,NHAI,1644.85,2019-11-01,2023-05-01,severely_delayed,EXACT_NUMERIC_CODE,1.0
P_NUM_618463,618463,Vadodara Mumbai Expressway Kim to Ankleshwar Phase IA - Pkg V,Ministry of Road Transport & Highways,Transport & Logistics,Gujarat,NHAI,1324.84,2018-02-01,2021-10-01,severely_delayed,EXACT_NUMERIC_CODE,1.0
P_NUM_618464,618464,Vadodara Mumbai Expressway Ena -Kim Phase IB - Pkg VI [Km 217.500 to Km,Ministry of Road Transport & Highways,Transport & Logistics,Gujarat,National Highways Authority of India [NHAI],2271.86,2020-05-01,2023-12-01,severely_delayed,EXACT_NUMERIC_CODE,1.0
P_NUM_618465,618465,Vadodara Mumbai Expressway Gandeva to Ena Phase IB - Pkg VII [Km 190.00 to Km,Ministry of Road Transport & Highways,Transport & Logistics,Gujarat,National Highways Authority of India [NHAI],1710.3,2020-07-01,2023-11-01,severely_delayed,EXACT_NUMERIC_CODE,1.0
P_NUM_618466,618466,Vadodara Mumbai Expressway Jujuwa - Gandeva from Km. 154.600 to Km. 190.000,Ministry of Road Transport & Highways,Transport & Logistics,Gujarat,NHAI,3834.24,2023-07-01,2026-03-01,severely_delayed,EXACT_NUMERIC_CODE,1.0
P_NUM_618467,618467,Vadodara Mumbai Expressway Karvad - Jujuwa from Km. 128.000 to Km. 154.600,Ministry of Road Transport & Highways,Transport & Logistics,Gujarat,NHAI,2594.17,2023-07-01,2025-10-01,severely_delayed,EXACT_NUMERIC_CODE,1.0
P_NUM_618468,618468,Vadodara Mumbai Expressway Phase II - Pkg XI [Km. 77.000 to Km. 103.400] Ganjad,Ministry of Road Transport & Highways,Transport & Logistics,Maharashtra,National Highways Authority of India [NHAI],1524.71,2020-06-01,2024-05-01,severely_delayed,EXACT_NUMERIC_CODE,1.0
P_NUM_618469,618469,Vadodara Mumbai Expressway Phase II - Pkg XIII [Km. 26.582 to Km. 50.700],Ministry of Road Transport & Highways,Transport & Logistics,Maharashtra,NHAI,3536.9,2020-06-01,2024-02-01,severely_delayed,EXACT_NUMERIC_CODE,1.0
P_NUM_618470,618470,Vadodara Mumbai Expressway Phase II - Pkg XIV [Km. 3.000 to Km. 20.200 of Spur],Ministry of Road Transport & Highways,Transport & Logistics,Maharashtra,NHAI,2058.79,2021-05-01,2024-05-01,severely_delayed,EXACT_NUMERIC_CODE,1.0
P_NUM_618471,618471,Vadodara Mumbai Expressway Phase II - Pkg XV [Km. 20.200 to Km. 43.000 of Spur],Ministry of Road Transport & Highways,Transport & Logistics,Maharashtra,NHAI,2610.88,2021-05-01,2024-05-01,severely_delayed,EXACT_NUMERIC_CODE,1.0
P_NUM_618472,618472,Vadodara Mumbai Expressway Phase II - Pkg XVI [Km. 43.000 to Km. 69.800 of Spur],Ministry of Road Transport & Highways,Transport & Logistics,Maharashtra,NHAI,4051.8,2021-06-01,2024-10-01,severely_delayed,EXACT_NUMERIC_CODE,1.0
P_NUM_618473,618473,Vadodara Mumbai Expressway Phase II - Pkg XVII [Km. 69.800 to Km. 79.783 of,Ministry of Road Transport & Highways,Transport & Logistics,Maharashtra,NHAI,2208.68,2021-09-01,2025-07-01,severely_delayed,EXACT_NUMERIC_CODE,1.0
P_NUM_618475,618475,Bangalore Chennai Expressway Phase-II Pkg-II from km.96.000 to Km 127.000,Ministry of Road Transport & Highways,Transport & Logistics,Andhra Pradesh,NHAI,2548.04,2021-02-01,2025-06-01,severely_delayed,EXACT_NUMERIC_CODE,1.0
P_NUM_618476,618476,Bangalore Chennai Expressway Phase-II Pkg-III from km.127.000 to Km 156.000,Ministry of Road Transport & Highways,Transport & Logistics,Andhra Pradesh,NHAI,1407.33,2020-11-01,2024-10-01,severely_delayed,EXACT_NUMERIC_CODE,1.0
P_NUM_618477,618477,Bangalore Chennai Expressway Phase-III Package I Gudipala to Walajajhpet from,Ministry of Road Transport & Highways,Transport & Logistics,"Multi-States, (Andhra Pradesh,, Tamil Nadu)",NHAI,1481.87,2020-10-01,2024-05-01,severely_delayed,EXACT_NUMERIC_CODE,1.0
P_NUM_618478,618478,Bangalore Chennai Expressway Phase-III Package II Walajahpet to Arakkonam from,Ministry of Road Transport & Highways,Transport & Logistics,Tamil Nadu,NHAI,1106.65,2021-01-01,2024-07-01,severely_delayed,EXACT_NUMERIC_CODE,1.0
P_NUM_618479,618479,Bangalore Chennai Expressway Phase-III Package III Arakkonam to Kancheepuram,Ministry of Road Transport & Highways,Transport & Logistics,Tamil Nadu,NHAI,1525.1,2020-12-01,2024-07-01,severely_delayed,EXACT_NUMERIC_CODE,1.0
P_NUM_618480,618480,Construction of Trumpet Interchange Connecting Bangalore Chennai Expressway,Ministry of Road Transport & Highways,Transport & Logistics,Tamil Nadu,NHAI,162.55,2023-05-01,2025-08-01,severely_delayed,EXACT_NUMERIC_CODE,1.0
P_NUM_618481,618481,4L Bangalore-Chennai Expressway from Km. 230.000 to Km. 261.705 of,Ministry of Road Transport & Highways,Transport & Logistics,Tamil Nadu,NHAI,3605.73,2021-02-01,2024-07-01,severely_delayed,EXACT_NUMERIC_CODE,1.0
P_NUM_618482,618482,Delhi-Amritsar-Katra Expressway Phase-I Pkg-I from Jussur Kheri on NH-KMP,Ministry of Road Transport & Highways,Transport & Logistics,Haryana,NHAI,1866.49,2020-12-01,2023-12-01,severely_delayed,EXACT_NUMERIC_CODE,1.0
P_NUM_618483,618483,Delhi-Amritsar-Katra Expressway Phase-I Pkg-II from Junction with Rohtak-Panipat,Ministry of Road Transport & Highways,Transport & Logistics,Haryana,NHAI,1533.87,2020-12-01,2024-01-01,severely_delayed,EXACT_NUMERIC_CODE,1.0
P_NUM_618484,618484,Delhi-Amritsar-Katra Expressway Phase-I Pkg-III from Junction with Jind-Panipat road,Ministry of Road Transport & Highways,Transport & Logistics,Haryana,National Highways Authority of India [NHAI],1606.27,2020-12-01,2023-12-01,healthy,EXACT_NUMERIC_CODE,1.0
P_NUM_618485,618485,Delhi-Amritsar-Katra Expressway Phase-I Pkg-IV from Junction with Jind-Karnal road,Ministry of Road Transport & Highways,Transport & Logistics,Haryana,National Highways Authority of India [NHAI],1306.95,2021-01-01,2023-12-01,cost_escalating,EXACT_NUMERIC_CODE,1.0
P_NUM_618486,618486,Delhi-Amritsar-Katra Expressway Phase-I Pkg-V from Junction with Ambala-Kaithal-,Ministry of Road Transport & Highways,Transport & Logistics,"Multi-States, (Haryana, Punjab)",NHAI,1741.86,2021-01-01,2024-05-01,severely_delayed,EXACT_NUMERIC_CODE,1.0
P_NUM_618487,618487,Delhi-Amritsar-Katra Expressway Phase-I Pkg-VII from Junction with Patiala-Bathinda,Ministry of Road Transport & Highways,Transport & Logistics,Punjab,National Highways Authority of India [NHAI],1759.82,2020-12-01,2024-07-01,severely_delayed,EXACT_NUMERIC_CODE,1.0
P_NUM_618488,618488,Delhi-Amritsar-Katra Expressway Phase-I Pkg-VIII from Junction with Ludhiana-,Ministry of Road Transport & Highways,Transport & Logistics,Punjab,NHAI,1895.74,2020-12-01,2025-03-01,severely_delayed,EXACT_NUMERIC_CODE,1.0
P_NUM_618489,618489,Delhi-Amritsar-Katra Expressway Phase-I Pkg-IX from Junction with Ludhiana-Moga,Ministry of Road Transport & Highways,Transport & Logistics,Punjab,NHAI,1851.47,2020-12-01,2024-07-01,severely_delayed,EXACT_NUMERIC_CODE,1.0
P_NUM_618490,618490,Delhi-Amritsar-Katra Expressway Phase-I Pkg-X from Jn. with Jalandhar - Moga road,Ministry of Road Transport & Highways,Transport & Logistics,Punjab,NHAI,2177.54,2020-12-01,2024-07-01,severely_delayed,EXACT_NUMERIC_CODE,1.0
P_NUM_618491,618491,Delhi-Amritsar-Katra Expressway Phase-I Pkg-XI from Junction with Jalandhar -,Ministry of Road Transport & Highways,Transport & Logistics,Punjab,NHAI,2175.35,2021-03-01,2024-11-01,severely_delayed,EXACT_NUMERIC_CODE,1.0
P_NUM_618492,618492,Delhi-Amritsar-Katra Expressway Phase-I Pkg-XII from Junction with Amritsar-Mehta-,Ministry of Road Transport & Highways,Transport & Logistics,Punjab,NHAI,1734.18,2021-03-01,2027-02-01,deteriorating,EXACT_NUMERIC_CODE,1.0
P_NUM_618493,618493,Delhi-Amritsar-Katra Expressway Phase-I Spur-I from Jn. with Kapurthala - Sultanpur,Ministry of Road Transport & Highways,Transport & Logistics,Punjab,NHAI,2165.23,2021-12-01,2026-04-01,severely_delayed,EXACT_NUMERIC_CODE,1.0
P_NUM_618494,618494,Delhi-Amritsar-Katra Expressway Phase-II Pkg-XV [Junction with Hiranagar Road,Ministry of Road Transport & Highways,Transport & Logistics,"Jammu and, Kashmir",NHAI,2714.95,2021-10-01,2024-09-01,severely_delayed,EXACT_NUMERIC_CODE,1.0
P_NUM_618495,618495,4/6L Access Control Expressway from Design Chainage Km 515.000 to 528.300,Ministry of Road Transport & Highways,Transport & Logistics,"Jammu and, Kashmir",NHAI,2894.74,2022-06-01,2025-06-01,severely_delayed,EXACT_NUMERIC_CODE,1.0
P_NUM_618496,618496,Delhi-Amritsar-Katra Expressway Phase-II Pkg-XVI Existing Jakh Vijaypur-Kunjwani,Ministry of Road Transport & Highways,Transport & Logistics,"Jammu and, Kashmir",NHAI,1821.72,2021-09-01,2024-09-01,severely_delayed,EXACT_NUMERIC_CODE,1.0
P_NUM_618497,618497,Delhi Amritsar Katra Expressway Phase-II Pkg XVIII Development and Upgradation of,Ministry of Road Transport & Highways,Transport & Logistics,"Jammu and, Kashmir",NHAI,1025.73,2022-12-01,2025-11-01,severely_delayed,EXACT_NUMERIC_CODE,1.0
P_NUM_618498,618498,6L Greenfield Kanpur - Lucknow Expressway Pkg II from km. 28.500 to km. 73.744,Ministry of Road Transport & Highways,Transport & Logistics,Uttar Pradesh,National Highways Authority of India [NHAI],2471.56,2021-12-01,2025-05-01,severely_delayed,EXACT_NUMERIC_CODE,1.0
P_NUM_618499,618499,6L Elevated Kanpur - Lucknow Exeressway Pkg-1 from Km. 10980 to Km. 28500,Ministry of Road Transport & Highways,Transport & Logistics,Uttar Pradesh,NHAI,1972.94,2021-12-01,2025-07-01,severely_delayed,EXACT_NUMERIC_CODE,1.0
P_NUM_618500,618500,Construction of 4L Connector from Delhi Meerut Expressway Km 50.000 of Pkg IV to,Ministry of Road Transport & Highways,Transport & Logistics,Uttar Pradesh,NHAI,1081.39,2021-09-01,2024-03-01,severely_delayed,EXACT_NUMERIC_CODE,1.0
P_NUM_618501,618501,Ahmedabad - Dholera Pkg I from km. 0.00 to km. 22.00 [Sardar Patel Ring Road -,Ministry of Road Transport & Highways,Transport & Logistics,Gujarat,National Highways Authority of India [NHAI],1298.0,2020-05-01,2024-01-01,severely_delayed,EXACT_NUMERIC_CODE,1.0
P_NUM_618502,618502,Ahmedabad - Dholera Pkg II from km. 22.00 to km. 48.52 [Sindhrej Village - Vejallka,Ministry of Road Transport & Highways,Transport & Logistics,Gujarat,National Highways Authority of India [NHAI],1415.34,2020-05-01,2024-01-01,severely_delayed,EXACT_NUMERIC_CODE,1.0
P_NUM_618503,618503,Ahmedabad - Dholera Pkg III from km. 48.52 to km. 71.06 [Vejallka Village - Start of,Ministry of Road Transport & Highways,Transport & Logistics,Gujarat,NHAI,1034.04,2020-05-01,2023-07-01,severely_delayed,EXACT_NUMERIC_CODE,1.0
P_NUM_618504,618504,Ahmedabad - Dholera Pkg IV from km. 71.06 to km. 109.019 [Start of DSIR zone -,Ministry of Road Transport & Highways,Transport & Logistics,Gujarat,NHAI,1181.76,2020-05-01,2023-12-01,severely_delayed,EXACT_NUMERIC_CODE,1.0
P_NUM_618505,618505,Additional Structures on 6LGurgaon-Jaipur Section of NH-48 between KM 42.700 to,Ministry of Road Transport & Highways,Transport & Logistics,"Multi-States, (Haryana,, Rajasthan)",NHAI,409.64,2022-08-01,2024-06-01,severely_delayed,EXACT_NUMERIC_CODE,1.0
P_NUM_618506,618506,"Construction of Additional Structures, Improvement of Service Road & Maintenance of",Ministry of Road Transport & Highways,Transport & Logistics,Haryana,NHAI,401.74,2024-05-01,2027-05-01,healthy,EXACT_NUMERIC_CODE,1.0
P_NUM_618507,618507,Balance work of Six Laning of Shamlaji-Motachiloda from Km. 401.200 to Km.494.410,Ministry of Road Transport & Highways,Transport & Logistics,Gujarat,NHAI,466.8,2024-06-01,2025-06-01,severely_delayed,EXACT_NUMERIC_CODE,1.0
P_NUM_618508,618508,Construction of Additional Structures including Approaches in Vadodara Surat Section,Ministry of Road Transport & Highways,Transport & Logistics,Gujarat,NHAI,907.39,2024-03-01,2027-01-01,healthy,EXACT_NUMERIC_CODE,1.0
P_NUM_618509,618509,Development of 6L UER II [Package - I] NH-1 Near Bakoli till Karala Kanjhawala Road,Ministry of Road Transport & Highways,Transport & Logistics,Delhi,NHAI,2089.94,2020-07-01,2023-10-01,severely_delayed,EXACT_NUMERIC_CODE,1.0
P_NUM_618511,618511,Upgradation & rehabilitation of Service Roads on both sides in urban areas of Pune,Ministry of Road Transport & Highways,Transport & Logistics,Maharashtra,NHAI,604.59,2025-01-01,2027-06-01,deteriorating,EXACT_NUMERIC_CODE,1.0
P_NUM_618512,618512,Tunnel at Khambataki Ghat Section and its approaches from existing Km. 771.730 to,Ministry of Road Transport & Highways,Transport & Logistics,Maharashtra,NHAI,907.03,2017-11-01,2022-02-01,severely_delayed,EXACT_NUMERIC_CODE,1.0
P_NUM_618513,618513,6L of Kagal-Satara section from Km 592.500 to Km 658.000 of NH-48 Pkg-I,Ministry of Road Transport & Highways,Transport & Logistics,Maharashtra,NHAI,2111.95,2021-12-01,2025-01-01,severely_delayed,EXACT_NUMERIC_CODE,1.0
P_NUM_618514,618514,6L of Kagal-Satara section from Km 658.000 to Km 725.000 of NH-48 Pkg-II,Ministry of Road Transport & Highways,Transport & Logistics,Maharashtra,NHAI,2330.71,2021-12-01,2024-12-01,severely_delayed,EXACT_NUMERIC_CODE,1.0
P_NUM_618515,618515,6L from Belgaum to Sankeshwar Bypass from Km. 515.000 to Km. 555.017 of NH-48,Ministry of Road Transport & Highways,Transport & Logistics,"Multi-States, (Karnataka,, Maharashtra)",National Highways Authority of India [NHAI],1479.3,2021-11-01,2025-04-01,severely_delayed,EXACT_NUMERIC_CODE,1.0
P_NUM_618516,618516,6L from Sankeshwar Bypass to MH-KNT Border from Km. 555.017 to Km. 592.853 of,Ministry of Road Transport & Highways,Transport & Logistics,"Multi-States, (Karnataka,, Maharashtra)",NHAI,1388.7,2022-01-01,2025-04-01,severely_delayed,EXACT_NUMERIC_CODE,1.0
P_NUM_618517,618517,4/6L of Bangalore - Pune Section of bypass connecting Dharwad - Hubli from km.,Ministry of Road Transport & Highways,Transport & Logistics,Karnataka,NHAI,1135.39,2021-12-01,2025-09-01,severely_delayed,EXACT_NUMERIC_CODE,1.0
P_NUM_618518,618518,Davanagere - Haveri of NH-48 Old NH-4 from km. 260.00 to km. 338.923,Ministry of Road Transport & Highways,Transport & Logistics,Karnataka,NHAI,1454.67,2017-01-01,2020-07-01,severely_delayed,EXACT_NUMERIC_CODE,1.0
P_NUM_618519,618519,Bangalore Ring Road STRR-NH-948A- Package-I of Phase-III from Belagondapalli TN,Ministry of Road Transport & Highways,Transport & Logistics,"Multi-States, (Karnataka, Tamil, Nadu)",NHAI,1260.74,2022-03-01,2025-05-01,severely_delayed,EXACT_NUMERIC_CODE,1.0
P_NUM_618520,618520,4L of km 0.00 to km 42.00 of Dobbaspet to Doddaballapura Bypass section of NH-648,Ministry of Road Transport & Highways,Transport & Logistics,Karnataka,NHAI,1438.74,2020-08-01,2023-04-01,severely_delayed,EXACT_NUMERIC_CODE,1.0
P_NUM_618521,618521,Karaipettai to Walajapet from Km 71.015 to 107.091,Ministry of Road Transport & Highways,Transport & Logistics,Tamil Nadu,NHAI,766.51,2018-08-01,2021-02-01,severely_delayed,EXACT_NUMERIC_CODE,1.0
P_NUM_618522,618522,Balance Works for six laning of Sriperumbudur to karaipettai section of NH-4 New NH-,Ministry of Road Transport & Highways,Transport & Logistics,Tamil Nadu,NHAI,411.16,2024-06-01,2026-10-01,healthy,EXACT_NUMERIC_CODE,1.0
P_NUM_618523,618523,Bhadrak KM 136.500 to Baleshwar KM 199.141,Ministry of Road Transport & Highways,Transport & Logistics,Odisha,NHAI,844.67,2014-11-01,2021-09-01,severely_delayed,EXACT_NUMERIC_CODE,1.0
P_NUM_618524,618524,Construction of 6 lane elevated corridor including its approaches from Km. 629880 to,Ministry of Road Transport & Highways,Transport & Logistics,Andhra Pradesh,NHAI,257.98,2024-07-01,2027-03-01,healthy,EXACT_NUMERIC_CODE,1.0
P_NUM_618525,618525,Construction of flyover at Gammon Junction at Km.903.265 on NH16 including vent at,Ministry of Road Transport & Highways,Transport & Logistics,Andhra Pradesh,NHAI,326.61,2025-03-01,2027-10-01,deteriorating,EXACT_NUMERIC_CODE,1.0
P_NUM_618526,618526,6L of Gundugolanu Design km 1023.280 to Kalaparru Design km 1050.680 of NH-5,Ministry of Road Transport & Highways,Transport & Logistics,Andhra Pradesh,NHAI,665.59,2018-10-01,2021-07-01,severely_delayed,EXACT_NUMERIC_CODE,1.0
P_NUM_618527,618527,Six Laning of Vijayawada Bypass from Gollapudi to Chinnakakani in Vijayawada -,Ministry of Road Transport & Highways,Transport & Logistics,Andhra Pradesh,National Highways Authority of India [NHAI],1194.57,2020-01-01,2024-01-01,severely_delayed,EXACT_NUMERIC_CODE,1.0
P_NUM_618529,618529,Varanasi Ring Road Pkg-II connecting Sandaha Village km 11.70 / NH-29 with,Ministry of Road Transport & Highways,Transport & Logistics,Uttar Pradesh,NHAI,1991.71,2017-12-01,2022-02-01,severely_delayed,EXACT_NUMERIC_CODE,1.0
P_NUM_618530,618530,Six Laning of Varanasi to Aurangabad from km. 786.00 to km. 978.40 of Old NH-2,Ministry of Road Transport & Highways,Transport & Logistics,"Multi-States, (Bihar, Uttar, Pradesh)",NHAI,3241.56,2009-02-01,2014-03-01,severely_delayed,EXACT_NUMERIC_CODE,1.0
P_NUM_618531,618531,6L of Aurangabad to Bihar-Jharkhand border Chordaha section from km. 180.000 to,Ministry of Road Transport & Highways,Transport & Logistics,"Multi-States, (Bihar, Jharkhand)",NHAI,1054.46,2021-02-01,2026-12-01,healthy,EXACT_NUMERIC_CODE,1.0
P_NUM_618532,618532,6L of Aurangabad to Bihar-Jharkhand border Chordaha section from km. 209.827 to,Ministry of Road Transport & Highways,Transport & Logistics,"Multi-States, (Bihar, Jharkhand)",National Highways Authority of India [NHAI],1822.46,2021-06-01,2024-03-01,severely_delayed,EXACT_NUMERIC_CODE,1.0
P_NUM_618533,618533,Barwa Adda Km. 398.240 to Panagarh Km. 521.120,Ministry of Road Transport & Highways,Transport & Logistics,"Multi-States, (Jharkhand, West, Bengal)",NHAI,1560.39,2010-08-01,2016-09-01,severely_delayed,EXACT_NUMERIC_CODE,1.0
P_NUM_618534,618534,Construction of Six lane elevated flyover including reconstruction/rehabilitation of,Ministry of Road Transport & Highways,Transport & Logistics,Jharkhand,NHAI,470.75,2025-01-01,2028-08-01,deteriorating,EXACT_NUMERIC_CODE,1.0
P_NUM_618535,618535,Construction of Six lane elevated flyover including reconstruction/rehabilitation of,Ministry of Road Transport & Highways,Transport & Logistics,Jharkhand,NHAI,687.77,2025-01-01,2028-03-01,deteriorating,EXACT_NUMERIC_CODE,1.0
P_NUM_618536,618536,Construction of Ring Road around Kanpur from Ch.68.650 to Ch.93.209 Jarkala to,Ministry of Road Transport & Highways,Transport & Logistics,Uttar Pradesh,NHAI,1603.53,2023-02-01,2027-06-01,healthy,EXACT_NUMERIC_CODE,1.0
P_NUM_618537,618537,Construction of Ring Road around Kanpur from Km.000 to Km. 23.325 Chachendi,Ministry of Road Transport & Highways,Transport & Logistics,Uttar Pradesh,NHAI,1753.75,2023-01-01,2026-06-01,severely_delayed,EXACT_NUMERIC_CODE,1.0
P_NUM_618538,618538,Construction of Ring Road around kanpur from Ch.51.200 to Ch. 68.650 Badarka to,Ministry of Road Transport & Highways,Transport & Logistics,Uttar Pradesh,NHAI,1792.68,2023-09-01,2027-07-01,healthy,EXACT_NUMERIC_CODE,1.0
P_NUM_618539,618539,Construction of Ring Road Kanpur from Ch. 32.090 to Ch.51.200 Transganaga to,Ministry of Road Transport & Highways,Transport & Logistics,Uttar Pradesh,NHAI,1089.41,2024-08-01,2027-09-01,deteriorating,EXACT_NUMERIC_CODE,1.0
P_NUM_618540,618540,Construction of Ring Road around Kanpur from Ch.23.325 to Ch.32.090 Chaudhariya,Ministry of Road Transport & Highways,Transport & Logistics,Uttar Pradesh,NHAI,1089.41,2024-08-01,2027-10-01,healthy,EXACT_NUMERIC_CODE,1.0
P_NUM_618541,618541,4L Ring road/bypass around Srinagar city from km 0.000 to km 42.100 Phase-I,Ministry of Road Transport & Highways,Transport & Logistics,"Jammu and, Kashmir",NHAI,2919.96,2021-03-01,2024-02-01,severely_delayed,EXACT_NUMERIC_CODE,1.0
P_NUM_618542,618542,4L of existing Wayul Ganderbal Pandach Soura section of old NH-1 as a part of,Ministry of Road Transport & Highways,Transport & Logistics,"Jammu and, Kashmir",NHAI,827.98,2024-12-01,2028-05-01,deteriorating,EXACT_NUMERIC_CODE,1.0
P_NUM_618543,618543,4L of twin tube tunnel configuration including approaches from Marog to Digdol from,Ministry of Road Transport & Highways,Transport & Logistics,"Jammu and, Kashmir",NHAI,1912.17,2021-07-01,2025-08-01,severely_delayed,EXACT_NUMERIC_CODE,1.0
P_NUM_618544,618544,4L twin tube tunnel including approaches from Digdol to Khuni Nallah North Bound,Ministry of Road Transport & Highways,Transport & Logistics,"Jammu and, Kashmir",NHAI,1401.87,2021-07-01,2024-06-01,severely_delayed,EXACT_NUMERIC_CODE,1.0
P_NUM_618545,618545,4L of Km.165.092 to Km.171.855 North Bound and from Km.166.895 to Km.173.638,Ministry of Road Transport & Highways,Transport & Logistics,"Jammu and, Kashmir",NHAI,614.48,2021-07-01,2024-08-01,severely_delayed,EXACT_NUMERIC_CODE,1.0
P_NUM_618546,618546,Construction of Tunnels/Viaducts at identified sliding/slip zones at Km 130.550 to,Ministry of Road Transport & Highways,Transport & Logistics,"Jammu and, Kashmir",National Highways Authority of India [NHAI],442.14,2021-09-01,2023-10-01,severely_delayed,EXACT_NUMERIC_CODE,1.0
P_NUM_618547,618547,2L NH-1 from km 8.660 to km 33.775 Sumbal to Wayul to 4L dual carriageway NH,Ministry of Road Transport & Highways,Transport & Logistics,"Jammu and, Kashmir",NHAI,961.0,2022-11-01,2026-06-01,severely_delayed,EXACT_NUMERIC_CODE,1.0
P_NUM_618548,618548,Stand-alone Ring road/bypass around Jammu City from Raya Morh km. -0.687 to,Ministry of Road Transport & Highways,Transport & Logistics,"Jammu and, Kashmir",National Highways Authority of India [NHAI],2023.88,2017-12-01,2021-01-01,severely_delayed,EXACT_NUMERIC_CODE,1.0
P_NUM_618549,618549,Construction of twin tube tunnels on Jammu Kashmir Ring Road NH-244A Between,Ministry of Road Transport & Highways,Transport & Logistics,"Jammu and, Kashmir",NHAI,242.65,2022-11-01,2025-06-01,severely_delayed,EXACT_NUMERIC_CODE,1.0
P_NUM_618550,618550,Corridor Efficiency Improvement including removal of black spots in Lakhanpur -,Ministry of Road Transport & Highways,Transport & Logistics,"Jammu and, Kashmir",NHAI,855.74,2022-06-01,2024-06-01,severely_delayed,EXACT_NUMERIC_CODE,1.0
P_NUM_618551,618551,Greenfield connectivity from Govindsar village on Delhi Amritsar Katra Expressway to,Ministry of Road Transport & Highways,Transport & Logistics,Punjab,NHAI,666.81,2024-11-01,2027-07-01,deteriorating,EXACT_NUMERIC_CODE,1.0
P_NUM_618552,618552,Development of 6L Greenfield Jalandhar Bypass starting from Kahlwan NH-03 ending,Ministry of Road Transport & Highways,Transport & Logistics,Punjab,NHAI,1754.84,2021-03-01,2025-01-01,severely_delayed,EXACT_NUMERIC_CODE,1.0
P_NUM_618553,618553,6L of Agra Bypass Northern connecting Km. 174.500 of NH-2 new NH-19 to Km.,Ministry of Road Transport & Highways,Transport & Logistics,Uttar Pradesh,National Highways Authority of India [NHAI],957.62,2022-01-01,2025-02-01,severely_delayed,EXACT_NUMERIC_CODE,1.0
P_NUM_618554,618554,Construction of left out portion of Agra Inner Ring Road connecting village Deori to,Ministry of Road Transport & Highways,Transport & Logistics,Uttar Pradesh,NHAI,879.26,2022-07-01,2024-09-01,severely_delayed,EXACT_NUMERIC_CODE,1.0
P_NUM_618555,618555,"Flyover at Km.544.650 including ROB, Service Roads ,Footpath for RCC drains on",Ministry of Road Transport & Highways,Transport & Logistics,Maharashtra,National Highways Authority of India [NHAI],1097.81,2015-12-01,2019-03-01,severely_delayed,EXACT_NUMERIC_CODE,1.0
P_NUM_618556,618556,"Construction of 26 VUPs, Major Bridge, Service Road etc. on Lalitpur-Sagar-",Ministry of Road Transport & Highways,Transport & Logistics,"Multi-States, (Madhya Pradesh,, Uttar Pradesh)",NHAI,665.91,2023-02-01,2026-03-01,healthy,EXACT_NUMERIC_CODE,1.0
P_NUM_618557,618557,4L of Indora Chowk to Pachpaoli and Agrasen Chowk - Ashoka Chowk,Ministry of Road Transport & Highways,Transport & Logistics,Maharashtra,NHAI,1038.84,2023-03-01,2026-06-01,healthy,EXACT_NUMERIC_CODE,1.0
P_NUM_618558,618558,Improvement of Geometrics of Kalkallu to Gundla Pochanpalli from Km 454.00 to Km,Ministry of Road Transport & Highways,Transport & Logistics,Telangana,NHAI,955.49,2022-03-01,2025-01-01,severely_delayed,EXACT_NUMERIC_CODE,1.0
P_NUM_618559,618559,6L of existing 4L from Gundlapochampally to Bowenpally from km 471.300 to km,Ministry of Road Transport & Highways,Transport & Logistics,Telangana,NHAI,521.53,2021-12-01,2024-07-01,severely_delayed,EXACT_NUMERIC_CODE,1.0
P_NUM_618560,618560,Improvement of Geometrics of Thondupally to Kothur from Km 22.300 to Km 34.14 of,Ministry of Road Transport & Highways,Transport & Logistics,Telangana,NHAI,541.58,2022-03-01,2024-09-01,severely_delayed,EXACT_NUMERIC_CODE,1.0
P_NUM_618561,618561,Improving the Alignment of Thoppur Ghat Section from Km 158.500 to Km 165.100 in,Ministry of Road Transport & Highways,Transport & Logistics,Tamil Nadu,NHAI,904.99,2024-03-01,2028-03-01,healthy,EXACT_NUMERIC_CODE,1.0
P_NUM_618562,618562,Dindigul Bypass - Samyanallore from km. 373.275 to km. 426.00,Ministry of Road Transport & Highways,Transport & Logistics,Tamil Nadu,National Highways Authority of India [NHAI],579.0,2005-06-01,2009-01-01,healthy,EXACT_NUMERIC_CODE,1.0
P_NUM_618563,618563,4L of Madurai Ring Road Phase 1 [Vadipatti-Thamrapatti] from km 0.00 - km 29.960,Ministry of Road Transport & Highways,Transport & Logistics,Tamil Nadu,NHAI,900.05,2018-12-01,2022-03-01,severely_delayed,EXACT_NUMERIC_CODE,1.0
P_NUM_618564,618564,6L with PS of Samakhiyali to Santalpur section from km. 339.700 to Km. 430.100 of,Ministry of Road Transport & Highways,Transport & Logistics,Gujarat,NHAI,1553.76,2023-01-01,2025-12-01,severely_delayed,EXACT_NUMERIC_CODE,1.0
P_NUM_618565,618565,Strengthening of existing 4L Ayodhya Bypass Section from design Km. 121 600 to,Ministry of Road Transport & Highways,Transport & Logistics,Uttar Pradesh,NHAI,526.45,2023-03-01,2025-03-01,healthy,EXACT_NUMERIC_CODE,1.0
P_NUM_618566,618566,4L Green Field Northern East side Gorakhpur Bypass 26.616 Kms starting from NH-,Ministry of Road Transport & Highways,Transport & Logistics,Uttar Pradesh,NHAI,1973.98,2023-02-01,2026-01-01,severely_delayed,EXACT_NUMERIC_CODE,1.0
P_NUM_618567,618567,4/6L of Northern Ayodhya Bypass starting Km. 112.540 and ending Km. 139.928 north,Ministry of Road Transport & Highways,Transport & Logistics,Uttar Pradesh,NHAI,2289.34,2024-08-01,2028-01-01,healthy,EXACT_NUMERIC_CODE,1.0
P_NUM_618568,618568,4/6L Southern Ayodhya Bypass from Km 5.000 to Km 37.172 starting near Km.,Ministry of Road Transport & Highways,Transport & Logistics,Uttar Pradesh,NHAI,2541.13,2024-08-01,2027-09-01,healthy,EXACT_NUMERIC_CODE,1.0
P_NUM_618569,618569,Balance work - WB-10 Gandak Bridge Km 402.00 to Km 440.00 Devanpur - Kotwa,Ministry of Road Transport & Highways,Transport & Logistics,Bihar,NHAI,210.05,2021-11-01,2024-01-01,severely_delayed,EXACT_NUMERIC_CODE,1.0
P_NUM_618570,618570,4L Elevated Highway and at grade improvements at Gopalganj Town from Km.,Ministry of Road Transport & Highways,Transport & Logistics,Bihar,National Highways Authority of India [NHAI],325.57,2021-10-01,2024-08-01,severely_delayed,EXACT_NUMERIC_CODE,1.0
P_NUM_618571,618571,Permanent rectification of 3 nos. of black spots in project Highway NH-27 of U.P,Ministry of Road Transport & Highways,Transport & Logistics,Bihar,NHAI,227.25,2022-04-01,2025-12-01,severely_delayed,EXACT_NUMERIC_CODE,1.0
P_NUM_618572,618572,Binnaguri Bypass-Descoped portion of Ghoshpukur-Dhupguri Section of NH-31Dpkg-1,Ministry of Road Transport & Highways,Transport & Logistics,West Bengal,NHAI,309.99,2025-03-01,2027-11-01,deteriorating,EXACT_NUMERIC_CODE,1.0
P_NUM_618574,618574,Balance Works of 4L of NH-31D from Km. 113.200 to Km. 154.854 Package-II A,Ministry of Road Transport & Highways,Transport & Logistics,West Bengal,NHAI,1818.46,2023-11-01,2027-06-01,healthy,EXACT_NUMERIC_CODE,1.0
P_NUM_618575,618575,"6L Standalone Flyovers at Bongaigaon, Chapaguri, Pathsala, Simlaguri chowk and",Ministry of Road Transport & Highways,Transport & Logistics,Assam,National Highways Authority of India [NHAI],457.72,2022-03-01,2024-07-01,healthy,EXACT_NUMERIC_CODE,1.0
P_NUM_618576,618576,"6L Standalone Flyovers at Raha, Demow, Borghat, Kathiatali junctions and ROB at",Ministry of Road Transport & Highways,Transport & Logistics,Assam,National Highways Authority of India [NHAI],280.75,2022-03-01,2024-06-01,healthy,EXACT_NUMERIC_CODE,1.0
P_NUM_618577,618577,Dwarka Expressway Pkg-III Delhi/HR Border to Start of RoB Gurugram,Ministry of Road Transport & Highways,Transport & Logistics,"Multi-States (Delhi,, Haryana)",NHAI,2228.26,2018-01-01,2020-11-01,severely_delayed,EXACT_NUMERIC_CODE,1.0
P_NUM_618578,618578,6L Access Controlled Highway from DND Maharani Bagh - Jn. with Jaitpur - Pushta,Ministry of Road Transport & Highways,Transport & Logistics,Delhi,National Highways Authority of India [NHAI],1467.44,2020-07-01,2024-07-01,severely_delayed,EXACT_NUMERIC_CODE,1.0
P_NUM_618579,618579,6L of Anandapuram Pendurthi Anakapalli Section from km. 681.000 to km. 731.780 of,Ministry of Road Transport & Highways,Transport & Logistics,Andhra Pradesh,NHAI,2527.0,2018-01-01,2021-07-01,severely_delayed,EXACT_NUMERIC_CODE,1.0
P_NUM_618580,618580,Gohana - Sonipat PKG-2,Ministry of Road Transport & Highways,Transport & Logistics,Haryana,NHAI,1275.31,2019-01-01,2022-07-01,severely_delayed,EXACT_NUMERIC_CODE,1.0
P_NUM_618581,618581,Hosur to Dhamrapuri Pkg-1 [Neraluru - Thorapalli Agraharam],Ministry of Road Transport & Highways,Transport & Logistics,"Multi-States, (Karnataka, Tamil, Nadu)",NHAI,1828.66,2021-10-01,2024-10-01,severely_delayed,EXACT_NUMERIC_CODE,1.0
P_NUM_618582,618582,4L of Galgalia - Bahadurganj section from Km 0.000 to Km 49.000 Package-I of,Ministry of Road Transport & Highways,Transport & Logistics,Bihar,National Highways Authority of India [NHAI],1282.97,2021-01-01,2024-01-01,healthy,EXACT_NUMERIC_CODE,1.0
P_NUM_618583,618583,4L of Bahadurganj Araria section from Km 49.000 to Km 94.000 Package-II of NH-,Ministry of Road Transport & Highways,Transport & Logistics,Bihar,National Highways Authority of India [NHAI],1358.77,2021-01-01,2024-01-01,healthy,EXACT_NUMERIC_CODE,1.0
P_NUM_618584,618584,4L of Kishanganj - Bahadurganj section from Km. 0.000 to Km. 23.649 & interchange,Ministry of Road Transport & Highways,Transport & Logistics,"Multi-States, (Bihar, West, Bengal)",NHAI,962.84,2025-01-01,2027-12-01,deteriorating,EXACT_NUMERIC_CODE,1.0
P_NUM_618585,618585,6L of Gonde Km. 439.038 to Pimpri Sado Km. 459.905 section of NH-848 Old NH-3,Ministry of Road Transport & Highways,Transport & Logistics,Maharashtra,NHAI,856.93,2024-02-01,2027-04-01,severely_delayed,EXACT_NUMERIC_CODE,1.0
P_NUM_618586,618586,Improvement and strengthening of existing 2 lane stretch to 2-Lane with PS 1.5m on,Ministry of Road Transport & Highways,Transport & Logistics,Maharashtra,NHAI,254.78,2025-03-01,2026-06-01,healthy,EXACT_NUMERIC_CODE,1.0
P_NUM_618588,618588,4L Mitigation Measure structures on CH/MH Border to Wainganga Bridge Section of,Ministry of Road Transport & Highways,Transport & Logistics,Maharashtra,NHAI,540.24,2021-02-01,2023-11-01,severely_delayed,EXACT_NUMERIC_CODE,1.0
P_NUM_618589,618589,Durg-Raipur Bypass Section Package - 1 from km. 0.00 to km. 44.50 near Tendesara,Ministry of Road Transport & Highways,Transport & Logistics,Chhattisgarh,NHAI,1828.0,2022-06-01,2025-07-01,severely_delayed,EXACT_NUMERIC_CODE,1.0
P_NUM_618590,618590,Durg-Raipur-Arang Package - 2 from km. 44.50 to km. 92.23 near Khatti Village to,Ministry of Road Transport & Highways,Transport & Logistics,Chhattisgarh,NHAI,1958.9,2022-06-01,2025-05-01,severely_delayed,EXACT_NUMERIC_CODE,1.0
P_NUM_618591,618591,Construction of 6-lane flyover at Ainthapali junction and a 2-lane ROB LHS on NH-53,Ministry of Road Transport & Highways,Transport & Logistics,Odisha,NHAI,374.17,2024-03-01,2026-12-01,healthy,EXACT_NUMERIC_CODE,1.0
P_NUM_618592,618592,"Balance work of 8 nos. of Elephant Underpasses EUPs, 1 no. of Vehicular Underpass",Ministry of Road Transport & Highways,Transport & Logistics,Odisha,NHAI,320.64,2023-09-01,2026-05-01,severely_delayed,EXACT_NUMERIC_CODE,1.0
P_NUM_618593,618593,Balance work of Rehabilitation and Upgradation to four laning of Baharagora,Ministry of Road Transport & Highways,Transport & Logistics,Odisha,NHAI,263.32,2025-03-01,2027-11-01,deteriorating,EXACT_NUMERIC_CODE,1.0
P_NUM_618594,618594,Balance work of 4L Panvel to Indapur section of NH-66 Old NH- 17 from km 0.000,Ministry of Road Transport & Highways,Transport & Logistics,Maharashtra,NHAI,329.82,2022-12-01,2024-10-01,severely_delayed,EXACT_NUMERIC_CODE,1.0
P_NUM_618595,618595,6L of Chengala - Neeleshwaram from km. 56.200 to km. 93.468,Ministry of Road Transport & Highways,Transport & Logistics,Kerala,NHAI,1746.45,2020-06-01,2024-04-01,severely_delayed,EXACT_NUMERIC_CODE,1.0
P_NUM_618596,618596,6L of Taliparamba to Muzhappilangad from Km 134.650 to Km 170.6 of NH-66,Ministry of Road Transport & Highways,Transport & Logistics,Kerala,NHAI,2714.6,2020-08-01,2024-05-01,severely_delayed,EXACT_NUMERIC_CODE,1.0
P_NUM_618597,618597,6L of Azhiyur-Vengalam from km. 189.200 to km. 230.400 of NH-66,Ministry of Road Transport & Highways,Transport & Logistics,Kerala,NHAI,3205.77,2020-10-01,2024-07-01,severely_delayed,EXACT_NUMERIC_CODE,1.0
P_NUM_618598,618598,6L Minor Bridge Paloli Palam at km. 203.160 & Major Bridge Morad at km. 204.895,Ministry of Road Transport & Highways,Transport & Logistics,Kerala,NHAI,210.0,2020-03-01,2022-06-01,severely_delayed,EXACT_NUMERIC_CODE,1.0
P_NUM_618599,618599,6L of Ramanatukkara Junction to start of Valanchery bypass section of NH-66,Ministry of Road Transport & Highways,Transport & Logistics,Kerala,NHAI,4919.46,2021-01-01,2024-07-01,severely_delayed,EXACT_NUMERIC_CODE,1.0
P_NUM_618600,618600,6L of Valanchery bypass to Kappirikkad of NH 66 from km. 298500 to km 335850,Ministry of Road Transport & Highways,Transport & Logistics,Kerala,NHAI,4023.94,2021-02-01,2024-07-01,severely_delayed,EXACT_NUMERIC_CODE,1.0
P_NUM_618601,618601,6L of Kappirikkad to Thalikulam section from km 335.85 to km 369.015 of NH - 66 old,Ministry of Road Transport & Highways,Transport & Logistics,Kerala,NHAI,4225.59,2021-06-01,2025-01-01,severely_delayed,EXACT_NUMERIC_CODE,1.0
P_NUM_618602,618602,6L of Thalikulam to Kodugallur section from km 369.015 to km 397.850 of NH - 66 old,Ministry of Road Transport & Highways,Transport & Logistics,Kerala,NHAI,4302.06,2021-06-01,2025-02-01,severely_delayed,EXACT_NUMERIC_CODE,1.0
P_NUM_618603,618603,6L of Kodugallur to Edapppally section from km 397.750 to km 423.780 of NH - 66 old,Ministry of Road Transport & Highways,Transport & Logistics,Kerala,NHAI,3465.82,2021-11-01,2025-04-01,severely_delayed,EXACT_NUMERIC_CODE,1.0
P_NUM_618604,618604,Aroor-Thuravoor Thekku,Ministry of Road Transport & Highways,Transport & Logistics,Kerala,NHAI,2429.52,2022-08-01,2026-01-01,severely_delayed,EXACT_NUMERIC_CODE,1.0
P_NUM_618605,618605,Thuravoor Thekku-Paravoor,Ministry of Road Transport & Highways,Transport & Logistics,Kerala,NHAI,2878.97,2021-09-01,2024-09-01,severely_delayed,EXACT_NUMERIC_CODE,1.0
P_NUM_618606,618606,Paravoor-Kottankulangara,Ministry of Road Transport & Highways,Transport & Logistics,Kerala,NHAI,3273.61,2021-12-01,2025-02-01,severely_delayed,EXACT_NUMERIC_CODE,1.0
P_NUM_618607,618607,Kottankulangara- Start of Kollam Bypass,Ministry of Road Transport & Highways,Transport & Logistics,Kerala,NHAI,2842.14,2021-06-01,2024-10-01,severely_delayed,EXACT_NUMERIC_CODE,1.0
P_NUM_618608,618608,4L of left-over works including additional structures from Kerala/Tamil Nadu border to,Ministry of Road Transport & Highways,Transport & Logistics,Tamil Nadu,NHAI,1564.23,2022-11-01,2025-08-01,severely_delayed,EXACT_NUMERIC_CODE,1.0
P_NUM_618609,618609,Construction of 4L Flyover from MES College Junction to Bogmalo Junction on NH-,Ministry of Road Transport & Highways,Transport & Logistics,Goa,NHAI,463.08,2024-01-01,2026-07-01,severely_delayed,EXACT_NUMERIC_CODE,1.0
P_NUM_618610,618610,6L of Jodhpur Romana Bathinda - Mandi Dabwali Punjab Haryana Border section of,Ministry of Road Transport & Highways,Transport & Logistics,Punjab,NHAI,789.26,2020-05-01,2025-08-01,severely_delayed,EXACT_NUMERIC_CODE,1.0
P_NUM_618611,618611,Sangariya near Chautala-Rasisar near Bikaner section of NH-754K Phase-I AJ/SR-,Ministry of Road Transport & Highways,Transport & Logistics,Rajasthan,NHAI,520.63,2019-02-01,2023-06-01,severely_delayed,EXACT_NUMERIC_CODE,1.0
P_NUM_618612,618612,Deogarh near Dhandhaniya-Rajasthan/Gujarat Border Phase-I AJ/DRGB-Package-6,Ministry of Road Transport & Highways,Transport & Logistics,Rajasthan,NHAI,846.59,2019-10-01,2023-08-01,severely_delayed,EXACT_NUMERIC_CODE,1.0
P_NUM_618613,618613,Deogarh near Dhandhaniya-Rajasthan/Gujarat Border Phase-I AJ/DRGB-Package-7,Ministry of Road Transport & Highways,Transport & Logistics,Rajasthan,NHAI,662.08,2019-10-01,2023-07-01,severely_delayed,EXACT_NUMERIC_CODE,1.0
P_NUM_618614,618614,Sanchore - Santalpur from km 67.000 - km 99.000 of NH-754K AJ-RGBS-Package-3,Ministry of Road Transport & Highways,Transport & Logistics,Gujarat,National Highways Authority of India [NHAI],752.3,2020-02-01,2023-08-01,severely_delayed,EXACT_NUMERIC_CODE,1.0
P_NUM_618615,618615,Sanchore - Santalpur from km 99.000 - km 130.073 of NH-754K AJ-RGBS-Package-4,Ministry of Road Transport & Highways,Transport & Logistics,Gujarat,NHAI,778.15,2020-02-01,2023-03-01,severely_delayed,EXACT_NUMERIC_CODE,1.0
P_NUM_618616,618616,4L of Dhrol bypass section of NH-151A Approx. length 5.7 Km & widening upto 4,Ministry of Road Transport & Highways,Transport & Logistics,Gujarat,NHAI,625.58,2024-03-01,2027-02-01,healthy,EXACT_NUMERIC_CODE,1.0
P_NUM_618617,618617,6L Amritsar-Bathinda Greenfield section from village Tiba on NE-5A to Jn. with Moga,Ministry of Road Transport & Highways,Transport & Logistics,Punjab,NHAI,1229.38,2021-03-01,2024-11-01,severely_delayed,EXACT_NUMERIC_CODE,1.0
P_NUM_618618,618618,6L Amritsar-Bathinda Greenfield section from Jn. with Bhagta Bhai Ka-Bhadaur Road,Ministry of Road Transport & Highways,Transport & Logistics,Punjab,NHAI,2029.17,2021-03-01,2026-06-01,severely_delayed,EXACT_NUMERIC_CODE,1.0
P_NUM_618619,618619,Bypass on Western side of Gwalior City,Ministry of Road Transport & Highways,Transport & Logistics,Madhya Pradesh,NHAI,998.95,2025-03-01,2028-01-01,deteriorating,EXACT_NUMERIC_CODE,1.0
P_NUM_618620,618620,"Additional works 2VUPs, MR-10 junction flyover and underpass in Six lane Indore-",Ministry of Road Transport & Highways,Transport & Logistics,Madhya Pradesh,NHAI,207.77,2022-08-01,2024-07-01,severely_delayed,EXACT_NUMERIC_CODE,1.0
P_NUM_618621,618621,Indore - Edlabad Pkg-II [Tejajinagar to Balwara],Ministry of Road Transport & Highways,Transport & Logistics,Madhya Pradesh,NHAI,1162.8,2022-03-01,2025-01-01,severely_delayed,EXACT_NUMERIC_CODE,1.0
P_NUM_618622,618622,4L of Indore - Boregaon Pkg-III [Balwara to Dhangaon] from km. 42.260 to km. 82.660,Ministry of Road Transport & Highways,Transport & Logistics,Madhya Pradesh,NHAI,1001.69,2021-01-01,2024-04-01,severely_delayed,EXACT_NUMERIC_CODE,1.0
P_NUM_618623,618623,4L Boregaon Buzurg to Shahpur Pkg I of Boregaon Buzurg to Muktainagar of NH,Ministry of Road Transport & Highways,Transport & Logistics,Madhya Pradesh,NHAI,1504.37,2022-11-01,2026-01-01,severely_delayed,EXACT_NUMERIC_CODE,1.0
P_NUM_618624,618624,Mangloor to Telangana Maharashtra Border,Ministry of Road Transport & Highways,Transport & Logistics,"Multi-States, (Maharashtra,, Telangana)",National Highways Authority of India [NHAI],1082.65,2018-03-01,2021-04-01,cost_escalating,EXACT_NUMERIC_CODE,1.0
P_NUM_618625,618625,Indore - Gujarat / MP Border from km. Km 9.500 to Km 171.000 of NH-59 in MP,Ministry of Road Transport & Highways,Transport & Logistics,Madhya Pradesh,National Highways Authority of India [NHAI],1175.0,2009-12-01,2013-02-01,severely_delayed,EXACT_NUMERIC_CODE,1.0
P_NUM_618626,618626,Four laning from Dive Ghat Km. 220.900 to Hadapsar Km. 234.150 of Mohol Alandi,Ministry of Road Transport & Highways,Transport & Logistics,Maharashtra,NHAI,819.52,2023-12-01,2026-10-01,healthy,EXACT_NUMERIC_CODE,1.0
P_NUM_618627,618627,Construction of 7 Nos of Standalone safety structures/works at different locations on,Ministry of Road Transport & Highways,Transport & Logistics,Maharashtra,NHAI,168.52,2025-01-01,2027-01-01,healthy,EXACT_NUMERIC_CODE,1.0
P_NUM_618628,618628,Strengthening of Existing Alignment of Pandharpur Town Part Bypassed Section of,Ministry of Road Transport & Highways,Transport & Logistics,Maharashtra,NHAI,150.21,2022-08-01,2025-10-01,severely_delayed,EXACT_NUMERIC_CODE,1.0
P_NUM_618629,618629,Nandigama Bypass and Kanchikacherla bypass,Ministry of Road Transport & Highways,Transport & Logistics,Andhra Pradesh,NHAI,416.07,2017-11-01,2019-06-01,severely_delayed,EXACT_NUMERIC_CODE,1.0
P_NUM_618630,618630,6L of MH/KN Border Nimbal Village to KN/TS Border Singnodi Village from Km.,Ministry of Road Transport & Highways,Transport & Logistics,Karnataka,NHAI,2355.56,2022-02-01,2025-06-01,severely_delayed,EXACT_NUMERIC_CODE,1.0
P_NUM_618631,618631,6L of MH/KN Border Nimbal Village to KN/TS Border Singnodi Village from Km. 162.5,Ministry of Road Transport & Highways,Transport & Logistics,"Multi-States, (Karnataka,, Telangana)",NHAI,1499.73,2022-03-01,2025-05-01,severely_delayed,EXACT_NUMERIC_CODE,1.0
P_NUM_618632,618632,6L Access Controlled Greenfield Highway of Nandinne village to Julekal village from,Ministry of Road Transport & Highways,Transport & Logistics,"Multi-States, (Karnataka,, Telangana)",NHAI,972.06,2022-02-01,2025-01-01,severely_delayed,EXACT_NUMERIC_CODE,1.0
P_NUM_618633,618633,4L of Kadapa China Orampadu section of NH-716 Package I of Kadapa-Renigunta,Ministry of Road Transport & Highways,Transport & Logistics,Andhra Pradesh,NHAI,1732.66,2022-12-01,2028-03-01,deteriorating,EXACT_NUMERIC_CODE,1.0
P_NUM_618634,618634,6L of Veera Kaveri Raja Puram to Pondavakkam from km 61.380 to km 96.040 of NH,Ministry of Road Transport & Highways,Transport & Logistics,"Multi-States, (Andhra Pradesh,, Tamil Nadu)",NHAI,1439.77,2021-03-01,2025-01-01,severely_delayed,EXACT_NUMERIC_CODE,1.0
P_NUM_618635,618635,6L of Pondavakkam to Kannigaipair from km 96.040 to km 116.100 of NH 716B Pkg-,Ministry of Road Transport & Highways,Transport & Logistics,Tamil Nadu,NHAI,1359.81,2021-02-01,2025-01-01,severely_delayed,EXACT_NUMERIC_CODE,1.0
P_NUM_618636,618636,Akkalkot MH/KN border New Greenfield corridor from Km 512.000 to Km 548.400 of,Ministry of Road Transport & Highways,Transport & Logistics,"Multi-States, (Karnataka,, Maharashtra)",NHAI,1370.75,2023-03-01,2026-10-01,severely_delayed,EXACT_NUMERIC_CODE,1.0
P_NUM_618637,618637,Bal. Works of Fagne Km. 510.000 to Maharashtra/Gujarat Border Km. 650.794,Ministry of Road Transport & Highways,Transport & Logistics,"Multi-States, (Gujarat,, Maharashtra)",NHAI,1654.07,2019-12-01,2022-09-01,severely_delayed,EXACT_NUMERIC_CODE,1.0
P_NUM_618638,618638,Tarsod - Fagne section of NH-6,Ministry of Road Transport & Highways,Transport & Logistics,Maharashtra,National Highways Authority of India [NHAI],2267.99,2016-06-01,2021-07-01,severely_delayed,EXACT_NUMERIC_CODE,1.0
P_NUM_618639,618639,4L of Bilaspur to Urga km 0.00 to 70.2 of NH-130A,Ministry of Road Transport & Highways,Transport & Logistics,Chhattisgarh,NHAI,1855.59,2020-04-01,2024-03-01,severely_delayed,EXACT_NUMERIC_CODE,1.0
P_NUM_618640,618640,4L of Urga - Pathalgaon from Km. 70.200 to km. 157.745 of NH-130A,Ministry of Road Transport & Highways,Transport & Logistics,Chhattisgarh,NHAI,2261.3,2022-03-01,2026-08-01,cost_escalating,EXACT_NUMERIC_CODE,1.0
P_NUM_618641,618641,4 Lane of CG/JH Border-Gumla from km 0.000 to km 32.370 of NH-43 in the State of,Ministry of Road Transport & Highways,Transport & Logistics,Jharkhand,NHAI,1325.8,2024-08-01,2028-02-01,deteriorating,EXACT_NUMERIC_CODE,1.0
P_NUM_618642,618642,4L of Palma to Gumla from km. 26.00 to km. 89.170 of NH-23,Ministry of Road Transport & Highways,Transport & Logistics,Jharkhand,NHAI,1882.93,2020-03-01,2024-03-01,severely_delayed,EXACT_NUMERIC_CODE,1.0
P_NUM_618644,618644,4L of Ormanjhi-Gola section from Km 81.450 to Km 53.600 of NH- 320BPKG-II,Ministry of Road Transport & Highways,Transport & Logistics,Jharkhand,NHAI,1214.93,2022-02-01,2025-06-01,severely_delayed,EXACT_NUMERIC_CODE,1.0
P_NUM_618645,618645,4L of Gola-BokaroJaina More section from Km 53.600 to Km 21.110 of NH-320PKG-1,Ministry of Road Transport & Highways,Transport & Logistics,Jharkhand,NHAI,1007.97,2022-02-01,2025-06-01,severely_delayed,EXACT_NUMERIC_CODE,1.0
P_NUM_618646,618646,4L of Pathalgaon-Kunkuri-CG/JH Border section of NH-43 from Km. 00.000 to,Ministry of Road Transport & Highways,Transport & Logistics,Chhattisgarh,NHAI,3147.07,2024-08-01,2029-04-01,deteriorating,EXACT_NUMERIC_CODE,1.0
P_NUM_618647,618647,6L Access Controlled Ludhiana-Bathinda Greenfield highway from Jn. with Amritsar-,Ministry of Road Transport & Highways,Transport & Logistics,Punjab,NHAI,906.51,2021-06-01,2025-09-01,severely_delayed,EXACT_NUMERIC_CODE,1.0
P_NUM_618648,618648,Development of 6-lane Greenfield Southern Ludhiana Bypass from intersection with,Ministry of Road Transport & Highways,Transport & Logistics,Punjab,NHAI,1424.55,2024-11-01,2028-03-01,deteriorating,EXACT_NUMERIC_CODE,1.0
P_NUM_618649,618649,4 Lane with PS from Des. Ch 228.500 to Des. Ch. 273.400 of Belgaum-Hungund-,Ministry of Road Transport & Highways,Transport & Logistics,Karnataka,NHAI,1246.15,2023-03-01,2026-11-01,severely_delayed,EXACT_NUMERIC_CODE,1.0
P_NUM_618650,618650,4 Lane with PS from Des. Ch 89.900 to Des. Ch. 136.100 of Belgaum-Hungund-,Ministry of Road Transport & Highways,Transport & Logistics,Karnataka,NHAI,1363.9,2024-01-01,2027-04-01,severely_delayed,EXACT_NUMERIC_CODE,1.0
P_NUM_618651,618651,4 Lane with PS from Des. Ch 43.800 to Des. Ch. 89.900 of Belgaum-Hungund-,Ministry of Road Transport & Highways,Transport & Logistics,Karnataka,NHAI,1427.88,2024-02-01,2027-02-01,healthy,EXACT_NUMERIC_CODE,1.0
P_NUM_618652,618652,Chakur Loha Section of NH-361 from km 114.600 to km 187.80,Ministry of Road Transport & Highways,Transport & Logistics,Maharashtra,National Highways Authority of India [NHAI],1241.38,2018-03-01,2021-03-01,severely_delayed,EXACT_NUMERIC_CODE,1.0
P_NUM_618653,618653,Loha-Waranga Section of NH-361 from km 187.800 to km 244.369,Ministry of Road Transport & Highways,Transport & Logistics,Maharashtra,NHAI,1236.08,2018-03-01,2021-03-01,severely_delayed,EXACT_NUMERIC_CODE,1.0
P_NUM_618654,618654,4L Greenfield Rudhi to Deshgaon Pkg V of Betul-Khandwa/Deshgaon,Ministry of Road Transport & Highways,Transport & Logistics,Madhya Pradesh,NHAI,521.21,2022-11-01,2025-10-01,severely_delayed,EXACT_NUMERIC_CODE,1.0
P_NUM_618655,618655,2L PS of Roshni to Ashapur Section of NH-347B from Design KM Ch. 89.900 to,Ministry of Road Transport & Highways,Transport & Logistics,Madhya Pradesh,NHAI,200.99,2024-03-01,2026-08-01,healthy,EXACT_NUMERIC_CODE,1.0
P_NUM_618661,618661,4L from km 0.000 to 42.040 Bhopal Ratnaigiri Tiraha to Vidisha Morikodi,Ministry of Road Transport & Highways,Transport & Logistics,Madhya Pradesh,NHAI,1032.3,2024-10-01,2027-11-01,deteriorating,EXACT_NUMERIC_CODE,1.0
P_NUM_618662,618662,4L Vidisha Gyaraspur section of NH-146 from Design Chainage km 59475 existing,Ministry of Road Transport & Highways,Transport & Logistics,Madhya Pradesh,NHAI,980.2,2024-10-01,2028-03-01,deteriorating,EXACT_NUMERIC_CODE,1.0
P_NUM_618663,618663,i 4L Vidisha to Hinotiya from km 0.000 to Km 27.000 Vidisha Mehulwa-Talbehat Pkg-,Ministry of Road Transport & Highways,Transport & Logistics,Madhya Pradesh,NHAI,1003.87,2022-09-01,2025-12-01,severely_delayed,EXACT_NUMERIC_CODE,1.0
P_NUM_618664,618664,Berkhedi to Godpehra on NH-44 Sagar link road,Ministry of Road Transport & Highways,Transport & Logistics,Madhya Pradesh,NHAI,524.84,2022-02-01,2024-11-01,severely_delayed,EXACT_NUMERIC_CODE,1.0
P_NUM_618665,618665,4L of Sagar - Mohari from Km.8 to Km.50 Pkg-I,Ministry of Road Transport & Highways,Transport & Logistics,Madhya Pradesh,National Highways Authority of India [NHAI],790.78,2021-03-01,2024-04-01,severely_delayed,EXACT_NUMERIC_CODE,1.0
P_NUM_618666,618666,4- Laning of Mohari to Satai Ghat section NH-934 from Km 50300 to Km 89875 Total,Ministry of Road Transport & Highways,Transport & Logistics,Madhya Pradesh,NHAI,710.92,2022-08-01,2026-08-01,healthy,EXACT_NUMERIC_CODE,1.0
P_NUM_618667,618667,4L of near Satai Ghat to Chowka section of NH-34 from D. Ch. 89.875 to D. Ch.,Ministry of Road Transport & Highways,Transport & Logistics,Madhya Pradesh,NHAI,1005.59,2024-10-01,2027-10-01,healthy,EXACT_NUMERIC_CODE,1.0
P_NUM_618668,618668,4L of Chowka to Kaimaha near MP/UP Border section NH-34 from D. Ch. 145.000 to,Ministry of Road Transport & Highways,Transport & Logistics,"Multi-States, (Madhya Pradesh,, Uttar Pradesh)",NHAI,996.5,2024-10-01,2027-09-01,healthy,EXACT_NUMERIC_CODE,1.0
P_NUM_618669,618669,4 -Laning of MP/UP Border to Kabarai section of NH-34&35 from km 197.000 to km,Ministry of Road Transport & Highways,Transport & Logistics,Uttar Pradesh,NHAI,1632.93,2022-10-01,2027-02-01,healthy,EXACT_NUMERIC_CODE,1.0
P_NUM_618671,618671,4-lanning of Rahatgarh to Berkhedi section of NH-146 from Design Ch 124470 to Ch.,Ministry of Road Transport & Highways,Transport & Logistics,Madhya Pradesh,NHAI,618.33,2025-03-01,2027-12-01,deteriorating,EXACT_NUMERIC_CODE,1.0
P_NUM_618672,618672,4-lanning of Gyaraspur to Rahatgarh section of NH-146 from Design Ch. 88361 to Ch,Ministry of Road Transport & Highways,Transport & Logistics,Madhya Pradesh,NHAI,903.44,2024-10-01,2027-11-01,healthy,EXACT_NUMERIC_CODE,1.0
P_NUM_618673,618673,Development of 6L of Jhanki Sargi Section Road from km 0.000 to km 42.800 of NH-,Ministry of Road Transport & Highways,Transport & Logistics,Chhattisgarh,NHAI,1368.19,2021-11-01,2024-09-01,severely_delayed,EXACT_NUMERIC_CODE,1.0
P_NUM_618674,618674,Development of 6L Sargi Basanwahi Section from km 42.800 to km 99.500 of NH-,Ministry of Road Transport & Highways,Transport & Logistics,Chhattisgarh,NHAI,1470.73,2021-12-01,2025-01-01,severely_delayed,EXACT_NUMERIC_CODE,1.0
P_NUM_618675,618675,Development of 6L of Basanwahi Marangpuri Section from km 99.500 to km 124.661,Ministry of Road Transport & Highways,Transport & Logistics,Chhattisgarh,NHAI,1307.16,2022-03-01,2025-10-01,severely_delayed,EXACT_NUMERIC_CODE,1.0
P_NUM_618676,618676,6L of Dhanara - Hatibena Section from Km 124.611 to km 146.50 of NH-130-CD,Ministry of Road Transport & Highways,Transport & Logistics,"Multi-States, (Chhattisgarh,, Odisha)",National Highways Authority of India [NHAI],477.76,2021-02-01,2024-03-01,severely_delayed,EXACT_NUMERIC_CODE,1.0
P_NUM_618677,618677,6L Greenfield Kaliagura Baunsaguar Section of NH-130-CD Road from km 249000 to,Ministry of Road Transport & Highways,Transport & Logistics,Odisha,NHAI,1539.75,2021-09-01,2024-05-01,severely_delayed,EXACT_NUMERIC_CODE,1.0
P_NUM_618678,618678,6L Greenfield Baunsaguar - Baraja Section of NH-130-CD Road from km 293000 to,Ministry of Road Transport & Highways,Transport & Logistics,Odisha,NHAI,1265.59,2021-08-01,2024-05-01,severely_delayed,EXACT_NUMERIC_CODE,1.0
P_NUM_618680,618680,6L Greenfield Kandili - Aluru Section of NH-130-CD Road from km 342500 to km,Ministry of Road Transport & Highways,Transport & Logistics,Odisha,NHAI,1492.74,2021-12-01,2024-10-01,severely_delayed,EXACT_NUMERIC_CODE,1.0
P_NUM_618681,618681,6L Aluru - Jakkuva Section of NH-130CD Road from km 365.033 to km 396.800 Pkg.,Ministry of Road Transport & Highways,Transport & Logistics,"Multi-States, (Andhra Pradesh,, Odisha)",NHAI,1216.12,2021-02-01,2024-03-01,severely_delayed,EXACT_NUMERIC_CODE,1.0
P_NUM_618682,618682,6L Korlam-Kantakapalle Section of NH-130CD Road from Km 421.100 to Km 445.100,Ministry of Road Transport & Highways,Transport & Logistics,Andhra Pradesh,NHAI,1112.7,2021-02-01,2024-02-01,severely_delayed,EXACT_NUMERIC_CODE,1.0
P_NUM_618684,618684,Outer Ring Road of Jabalpur Town from Manegaon to NH-45 Pkg-2,Ministry of Road Transport & Highways,Transport & Logistics,Madhya Pradesh,NHAI,917.26,2022-11-01,2026-03-01,severely_delayed,EXACT_NUMERIC_CODE,1.0
P_NUM_618685,618685,Outer Ring Road of Jabalpur Town from NH45 to Kushner Pkg-3,Ministry of Road Transport & Highways,Transport & Logistics,Madhya Pradesh,NHAI,911.24,2022-09-01,2026-03-01,severely_delayed,EXACT_NUMERIC_CODE,1.0
P_NUM_618686,618686,Outer Ring Road of Jabalpur Town from Kushner to Amjhar Road including Airport,Ministry of Road Transport & Highways,Transport & Logistics,Madhya Pradesh,NHAI,612.94,2022-08-01,2026-03-01,severely_delayed,EXACT_NUMERIC_CODE,1.0
P_NUM_618687,618687,Outer Ring Road of Jabalpur Town from Barela to Manegaon Pkg-1,Ministry of Road Transport & Highways,Transport & Logistics,Madhya Pradesh,NHAI,652.33,2022-09-01,2025-03-01,severely_delayed,EXACT_NUMERIC_CODE,1.0
P_NUM_618688,618688,Outer Ring Road of Jabalpur Town from Amjhar Road including Airport Connectivity,Ministry of Road Transport & Highways,Transport & Logistics,Madhya Pradesh,NHAI,794.7,2024-10-01,2027-10-01,healthy,EXACT_NUMERIC_CODE,1.0
P_NUM_618689,618689,4L Rampur Bypass from Km. 181.000 to Km. 189.500,Ministry of Road Transport & Highways,Transport & Logistics,Uttar Pradesh,National Highways Authority of India [NHAI],364.47,2021-10-01,2024-04-01,severely_delayed,EXACT_NUMERIC_CODE,1.0
P_NUM_618690,618690,4 lanning of Aligarh Palwal section from km 0.00 to km 46.39 package -1 from,Ministry of Road Transport & Highways,Transport & Logistics,Uttar Pradesh,NHAI,1663.38,2024-03-01,2027-03-01,deteriorating,EXACT_NUMERIC_CODE,1.0
P_NUM_618691,618691,4 laning of Aligarh-Palwal Section from Km. 46.390 Design Chainage to Km. 69.110,Ministry of Road Transport & Highways,Transport & Logistics,"Multi-States, (Haryana, Uttar, Pradesh)",NHAI,939.17,2024-03-01,2027-08-01,deteriorating,EXACT_NUMERIC_CODE,1.0
P_NUM_618692,618692,Aligarh-Kanpur Pkg I [Aligarh-Bhadwas],Ministry of Road Transport & Highways,Transport & Logistics,Uttar Pradesh,NHAI,1226.64,2018-03-01,2022-06-01,severely_delayed,EXACT_NUMERIC_CODE,1.0
P_NUM_618693,618693,Bodhre - Dhule,Ministry of Road Transport & Highways,Transport & Logistics,Maharashtra,NHAI,1344.78,2021-02-01,2024-07-01,severely_delayed,EXACT_NUMERIC_CODE,1.0
P_NUM_618694,618694,Indore - Harda Pkg-I [Indore to Raghav Garh from km. 0.25 to km. 26.903],Ministry of Road Transport & Highways,Transport & Logistics,Madhya Pradesh,NHAI,1011.29,2022-01-01,2024-10-01,severely_delayed,EXACT_NUMERIC_CODE,1.0
P_NUM_618695,618695,Indore - Harda Pkg-III [Nanasa to Pidgaon Section from km 95.000 to km 142.445],Ministry of Road Transport & Highways,Transport & Logistics,Madhya Pradesh,National Highways Authority of India [NHAI],1146.22,2020-01-01,2023-10-01,severely_delayed,EXACT_NUMERIC_CODE,1.0
P_NUM_618696,618696,Bellary to Byrapura Section km 253.600 to km 308.550 of NH-150A,Ministry of Road Transport & Highways,Transport & Logistics,"Multi-States, (Andhra Pradesh,, Karnataka)",National Highways Authority of India [NHAI],1281.47,2018-03-01,2021-10-01,severely_delayed,EXACT_NUMERIC_CODE,1.0
P_NUM_618697,618697,4LPS Access Controlled Highway of Bellary Bypass Balance work from Ch. 254750 to,Ministry of Road Transport & Highways,Transport & Logistics,Karnataka,NHAI,626.01,2024-02-01,2026-07-01,severely_delayed,EXACT_NUMERIC_CODE,1.0
P_NUM_618698,618698,Challakere to Hariyur section from km 358.500 to km 414.205 of NH-150 A,Ministry of Road Transport & Highways,Transport & Logistics,Karnataka,National Highways Authority of India [NHAI],1167.52,2018-03-01,2023-01-01,severely_delayed,EXACT_NUMERIC_CODE,1.0
P_NUM_618699,618699,Pipli Bhavnagar-Package 1 from km 136.025 to km 169.328,Ministry of Road Transport & Highways,Transport & Logistics,Gujarat,National Highways Authority of India [NHAI],819.14,2018-03-01,2021-09-01,cost_escalating,EXACT_NUMERIC_CODE,1.0
P_NUM_618700,618700,Renigunta - Poyya - Naidupeta km 124.60 to km 183.4 of NH 71,Ministry of Road Transport & Highways,Transport & Logistics,Andhra Pradesh,NHAI,1863.09,2020-03-01,2024-01-01,severely_delayed,EXACT_NUMERIC_CODE,1.0
P_NUM_618701,618701,Balance work of 4L of Nauradehi Sanctuary de-scoped stretch of Hiran River to,Ministry of Road Transport & Highways,Transport & Logistics,Madhya Pradesh,National Highways Authority of India [NHAI],178.18,2021-01-01,2023-07-01,severely_delayed,EXACT_NUMERIC_CODE,1.0
P_NUM_618702,618702,4L of Addahole Near Gundya to Bantwal Cross section Pkg-02 from Design Km,Ministry of Road Transport & Highways,Transport & Logistics,Karnataka,NHAI,1660.19,2020-12-01,2023-11-01,severely_delayed,EXACT_NUMERIC_CODE,1.0
P_NUM_618704,618704,6L Flyover including RE Wall approaches with Flexible Pavement in the Elephant,Ministry of Road Transport & Highways,Transport & Logistics,Odisha,NHAI,150.86,2023-09-01,2027-01-01,healthy,EXACT_NUMERIC_CODE,1.0
P_NUM_618705,618705,"4L Godibandha to Ballhar Chhak, Ballhar Chhak to Banarpal & Banarpal to Start of",Ministry of Road Transport & Highways,Transport & Logistics,Odisha,NHAI,973.12,2024-12-01,2028-02-01,deteriorating,EXACT_NUMERIC_CODE,1.0
P_NUM_618706,618706,Bangalore-Nidagatta Pkg. I,Ministry of Road Transport & Highways,Transport & Logistics,Karnataka,NHAI,3496.01,2018-02-01,2021-11-01,severely_delayed,EXACT_NUMERIC_CODE,1.0
P_NUM_618707,618707,Additional works under BM1 to ensure road safety under 6L of Bengaluru Mysuru,Ministry of Road Transport & Highways,Transport & Logistics,Karnataka,NHAI,738.37,2024-11-01,2028-01-01,deteriorating,EXACT_NUMERIC_CODE,1.0
P_NUM_618708,618708,Widening/Development of Existing NH-85 from Km 0.000 to Km 124.636 section to,Ministry of Road Transport & Highways,Transport & Logistics,Kerala,NHAI,1187.47,2022-09-01,2025-06-01,severely_delayed,EXACT_NUMERIC_CODE,1.0
P_NUM_618709,618709,4L of Left-Over Works of Hospet-Bellary -Karnataka/AP border from Km.280.080,Ministry of Road Transport & Highways,Transport & Logistics,Karnataka,NHAI,1340.15,2023-03-01,2025-05-01,severely_delayed,EXACT_NUMERIC_CODE,1.0
P_NUM_618710,618710,DL/UP Border - EPE Crossing Pkg-02,Ministry of Road Transport & Highways,Transport & Logistics,Uttar Pradesh,NHAI,2002.79,2020-09-01,2023-11-01,severely_delayed,EXACT_NUMERIC_CODE,1.0
P_NUM_618711,618711,6L with access control provision Saharanpur bypass to Ganeshpur section from 13.89,Ministry of Road Transport & Highways,Transport & Logistics,"Multi-States (Uttar, Pradesh,, Uttarakhand)",NHAI,796.65,2022-04-01,2024-11-01,severely_delayed,EXACT_NUMERIC_CODE,1.0
P_NUM_618712,618712,6L Access Controlled Greenfield Highway from Kodur Ch. 0000 to Vanavolu Ch.,Ministry of Road Transport & Highways,Transport & Logistics,Andhra Pradesh,NHAI,912.94,2023-01-01,2026-02-01,severely_delayed,EXACT_NUMERIC_CODE,1.0
P_NUM_618713,618713,6L Access Controlled Greenfield Highway from Yerragudipadu Ch. 129000 to,Ministry of Road Transport & Highways,Transport & Logistics,Andhra Pradesh,NHAI,1200.42,2023-02-01,2026-02-01,severely_delayed,EXACT_NUMERIC_CODE,1.0
P_NUM_618714,618714,6L Access Controlled Greenfield Highway from Nallacheruvu palli Ch. 96300 to,Ministry of Road Transport & Highways,Transport & Logistics,Andhra Pradesh,NHAI,1253.26,2022-02-01,2026-02-01,severely_delayed,EXACT_NUMERIC_CODE,1.0
P_NUM_618715,618715,6L Access Controlled Greenfield Highway from Odulapalle Ch. 72000 to Nallacheruvu-,Ministry of Road Transport & Highways,Transport & Logistics,Andhra Pradesh,NHAI,1058.9,2023-01-01,2026-02-01,severely_delayed,EXACT_NUMERIC_CODE,1.0
P_NUM_618716,618716,6L Access Controlled Greenfield Highway from Vankarakunta Ch. 45700 to Odulapalle,Ministry of Road Transport & Highways,Transport & Logistics,Andhra Pradesh,NHAI,992.91,2022-12-01,2026-03-01,severely_delayed,EXACT_NUMERIC_CODE,1.0
P_NUM_618717,618717,6L Access Controlled Greenfield Highway from Vanavolu Ch. 24300 to Vankarakunta,Ministry of Road Transport & Highways,Transport & Logistics,Andhra Pradesh,NHAI,750.81,2023-01-01,2026-03-01,severely_delayed,EXACT_NUMERIC_CODE,1.0
P_NUM_618718,618718,6L Access Controlled Greenfield Highway from Kavulakuntla Ch. 196000 to,Ministry of Road Transport & Highways,Transport & Logistics,Andhra Pradesh,NHAI,1092.18,2023-02-01,2027-02-01,severely_delayed,EXACT_NUMERIC_CODE,1.0
P_NUM_618719,618719,6L Access Controlled Greenfield Highway from Mallapalle Ch. 176000 to,Ministry of Road Transport & Highways,Transport & Logistics,Andhra Pradesh,NHAI,909.02,2023-02-01,2026-02-01,severely_delayed,EXACT_NUMERIC_CODE,1.0
P_NUM_618720,618720,6L Access Controlled Greenfield Highway from Audireddipalle Ch. 160000 to,Ministry of Road Transport & Highways,Transport & Logistics,Andhra Pradesh,NHAI,987.1,2023-02-01,2026-03-01,severely_delayed,EXACT_NUMERIC_CODE,1.0
P_NUM_618721,618721,6L Access Controlled Greenfield Highway from Chandrasekharapuram Ch. 228000 to,Ministry of Road Transport & Highways,Transport & Logistics,Andhra Pradesh,NHAI,1292.65,2023-02-01,2026-02-01,severely_delayed,EXACT_NUMERIC_CODE,1.0
P_NUM_618722,618722,6L access Controlled Greenfield Highway from Gogwan Jalalpur Shamli to Ranipur,Ministry of Road Transport & Highways,Transport & Logistics,Uttar Pradesh,NHAI,1843.59,2022-06-01,2025-05-01,severely_delayed,EXACT_NUMERIC_CODE,1.0
P_NUM_618723,618723,6L access Controlled Greenfield Highway from Ranipur Barsi to Adhoya Musalmana,Ministry of Road Transport & Highways,Transport & Logistics,"Multi-States, (Haryana, Uttar, Pradesh)",NHAI,1554.21,2022-06-01,2025-05-01,severely_delayed,EXACT_NUMERIC_CODE,1.0
P_NUM_618724,618724,6L Greenfield Varanasi-Ranchi-Kolkata Highway from Anarbansalea village to,Ministry of Road Transport & Highways,Transport & Logistics,"Multi-States, (Bihar, Jharkhand)",NHAI,1719.2,2023-03-01,2027-06-01,deteriorating,EXACT_NUMERIC_CODE,1.0
P_NUM_618725,618725,6L Greenfield Varanasi-Ranchi-Kolkata Highway from Pachmon village to,Ministry of Road Transport & Highways,Transport & Logistics,Bihar,NHAI,1915.99,2023-03-01,2027-09-01,deteriorating,EXACT_NUMERIC_CODE,1.0
P_NUM_618726,618726,6L Greenfield Varanasi-Ranchi-Kolkata Highway from junction with Chandauli-,Ministry of Road Transport & Highways,Transport & Logistics,Bihar,NHAI,1240.93,2023-03-01,2027-10-01,deteriorating,EXACT_NUMERIC_CODE,1.0
P_NUM_618727,618727,6L Greenfield Varanasi-Ranchi-Kolkata Highway from junction with Bhabhua-Adhaura,Ministry of Road Transport & Highways,Transport & Logistics,Bihar,NHAI,1576.94,2023-03-01,2027-10-01,deteriorating,EXACT_NUMERIC_CODE,1.0
P_NUM_618728,618728,6L Greenfield Varanasi-Ranchi-Kolkata Highway from junction with NH-19 & Varanasi,Ministry of Road Transport & Highways,Transport & Logistics,"Multi-States, (Bihar, Uttar, Pradesh)",NHAI,1433.39,2023-03-01,2026-11-01,healthy,EXACT_NUMERIC_CODE,1.0
P_NUM_618729,618729,6 Lane Greenfield Varanasi- Ranchi- Kolkata Highway from Donoreshan village to,Ministry of Road Transport & Highways,Transport & Logistics,Jharkhand,NHAI,1856.12,2023-03-01,2028-07-01,deteriorating,EXACT_NUMERIC_CODE,1.0
P_NUM_618730,618730,6 Lane Greenfield Varanasi- Ranchi- Kolkata Highway from Deoria village to,Ministry of Road Transport & Highways,Transport & Logistics,Jharkhand,NHAI,1546.27,2023-03-01,2028-05-01,deteriorating,EXACT_NUMERIC_CODE,1.0
P_NUM_618731,618731,6 Lane Greenfield Varanasi- Ranchi- Kolkata Highway from Chatra to junction with,Ministry of Road Transport & Highways,Transport & Logistics,Jharkhand,NHAI,1418.16,2023-03-01,2028-07-01,deteriorating,EXACT_NUMERIC_CODE,1.0
P_NUM_618732,618732,6L Greenfield Varanasi- Ranchi- Kolkata Highway from Sonepurbigha village to,Ministry of Road Transport & Highways,Transport & Logistics,"Multi-States, (Bihar, Jharkhand)",NHAI,1728.17,2023-03-01,2028-05-01,deteriorating,EXACT_NUMERIC_CODE,1.0
P_NUM_618733,618733,6L Greenfield Varanasi- Ranchi- Kolkata Highway from junction with NH-20 in,Ministry of Road Transport & Highways,Transport & Logistics,Jharkhand,NHAI,1525.52,2023-03-01,2028-07-01,deteriorating,EXACT_NUMERIC_CODE,1.0
P_NUM_618734,618734,6L Greenfield Varanasi- Ranchi- Kolkata Highway from junction with NH-320 in Lepo,Ministry of Road Transport & Highways,Transport & Logistics,"Multi-States, (Jharkhand, West, Bengal)",NHAI,1154.49,2023-03-01,2027-09-01,deteriorating,EXACT_NUMERIC_CODE,1.0
P_NUM_618735,618735,4L of Chandesara to Khedakhajuriya from Km. 0.000 to - 750 & Km 0.000 to km,Ministry of Road Transport & Highways,Transport & Logistics,Madhya Pradesh,NHAI,909.84,2021-12-01,2024-05-01,severely_delayed,EXACT_NUMERIC_CODE,1.0
P_NUM_618736,618736,4L Elevated corridor of Kalimandir-Dimna Chowk-Baliguma Jamshedpur Section of,Ministry of Road Transport & Highways,Transport & Logistics,Jharkhand,NHAI,936.26,2024-03-01,2027-03-01,healthy,EXACT_NUMERIC_CODE,1.0
P_NUM_618737,618737,Grade separated Interchanges at Km. 113.730 junction with Ranchi Hazaribagh Road,Ministry of Road Transport & Highways,Transport & Logistics,Jharkhand,NHAI,303.53,2025-01-01,2027-12-01,deteriorating,EXACT_NUMERIC_CODE,1.0
P_NUM_618738,618738,6L Bridge and its approaches across River Ganga as Part of Patna Ring Road NH-,Ministry of Road Transport & Highways,Transport & Logistics,Bihar,NHAI,6291.69,2022-09-01,2027-09-01,severely_delayed,EXACT_NUMERIC_CODE,1.0
P_NUM_618739,618739,4L Greenfield Alignment of Amas to Shivrampur from 0.000 Km. to 55.002 Km. of NH,Ministry of Road Transport & Highways,Transport & Logistics,Bihar,NHAI,1390.92,2022-02-01,2025-03-01,severely_delayed,EXACT_NUMERIC_CODE,1.0
P_NUM_618740,618740,4L Greenfield Alignment of Shivrampur to Ramnagar from Km. 55.002 to Km.,Ministry of Road Transport & Highways,Transport & Logistics,Bihar,NHAI,1494.31,2022-02-01,2025-07-01,severely_delayed,EXACT_NUMERIC_CODE,1.0
P_NUM_618741,618741,4L Greenfield Alignment from Kalyanapur to Tal Dashraha of NH-119D Pkg-III,Ministry of Road Transport & Highways,Transport & Logistics,Bihar,NHAI,1857.58,2022-03-01,2025-02-01,severely_delayed,EXACT_NUMERIC_CODE,1.0
P_NUM_618742,618742,Construction of 6-lane Greenfield corridor from Ramnagar to Kacchi Dargah NH-119D,Ministry of Road Transport & Highways,Transport & Logistics,Bihar,NHAI,1113.46,2025-01-01,2028-04-01,deteriorating,EXACT_NUMERIC_CODE,1.0
P_NUM_618743,618743,Trichy 135.800 to Karur 218.000 section of NH-67 - Trichy Bypass,Ministry of Road Transport & Highways,Transport & Logistics,Tamil Nadu,National Highways Authority of India [NHAI],876.88,2006-12-01,2024-10-01,healthy,EXACT_NUMERIC_CODE,1.0
P_NUM_618744,618744,4L of Thirumangalam to Vadugapatti section from km 0.000 to km 36.000 of NH-744,Ministry of Road Transport & Highways,Transport & Logistics,Tamil Nadu,NHAI,1076.97,2022-03-01,2025-02-01,severely_delayed,EXACT_NUMERIC_CODE,1.0
P_NUM_618745,618745,4L of Vadugapatti to Therkuvenganallur Rajapalyam section from km 36.000 to km,Ministry of Road Transport & Highways,Transport & Logistics,Tamil Nadu,National Highways Authority of India [NHAI],1317.6,2022-02-01,2025-04-01,severely_delayed,EXACT_NUMERIC_CODE,1.0
P_NUM_618746,618746,Khammam-Devarapalle Pkg I [4L Access Controlled Greenfield from Thallampadu,Ministry of Road Transport & Highways,Transport & Logistics,Telangana,NHAI,797.36,2021-01-01,2024-10-01,severely_delayed,EXACT_NUMERIC_CODE,1.0
P_NUM_618747,618747,Khammam-Devarapalle Pkg III [4L Access Controlled Greenfield from Chintagudem,Ministry of Road Transport & Highways,Transport & Logistics,"Multi-States, (Andhra Pradesh,, Telangana)",NHAI,829.5,2021-01-01,2024-09-01,severely_delayed,EXACT_NUMERIC_CODE,1.0
P_NUM_618748,618748,Khammam-Devarapalle Pkg IV [4L Access Controlled Greenfield from Recherla village,Ministry of Road Transport & Highways,Transport & Logistics,Andhra Pradesh,National Highways Authority of India [NHAI],569.37,2020-11-01,2024-09-01,severely_delayed,EXACT_NUMERIC_CODE,1.0
P_NUM_618749,618749,Khammam-Devarapalle Pkg V [4L Access Controlled Greenfield from Gurvaygudem,Ministry of Road Transport & Highways,Transport & Logistics,Andhra Pradesh,NHAI,711.94,2020-12-01,2024-09-01,severely_delayed,EXACT_NUMERIC_CODE,1.0
P_NUM_618751,618751,2L PS of Hinotiya-Mehulwa section of NH-346 from Km. 27.000 to Km 75.700 Vidisha,Ministry of Road Transport & Highways,Transport & Logistics,Madhya Pradesh,NHAI,581.65,2022-10-01,2025-09-01,severely_delayed,EXACT_NUMERIC_CODE,1.0
P_NUM_618754,618754,Upgradation of 2L/4L with Paved Shoulder of Shirwal-Lonand Section from KM,Ministry of Road Transport & Highways,Transport & Logistics,Maharashtra,NHAI,538.11,2025-03-01,2027-06-01,healthy,EXACT_NUMERIC_CODE,1.0
P_NUM_618755,618755,4L of left out existing road section from Lalgopalganj Km 161.450 to Nawabganj Km,Ministry of Road Transport & Highways,Transport & Logistics,"Multi-States, (Rajasthan, Uttar, Pradesh)",National Highways Authority of India [NHAI],159.53,2024-03-01,2026-03-01,healthy,EXACT_NUMERIC_CODE,1.0
P_NUM_618756,618756,Melur - Pilayarpatti - Karaikudi from km 99.920 of NH 38 to km 12.9 of NH 383 Ext.,Ministry of Road Transport & Highways,Transport & Logistics,Tamil Nadu,NHAI,1103.86,2018-12-01,2022-03-01,severely_delayed,EXACT_NUMERIC_CODE,1.0
P_NUM_618757,618757,6L access controlled Highway from Km 40080 to Km 86513 Mator to Barodameo,Ministry of Road Transport & Highways,Transport & Logistics,Rajasthan,NHAI,2010.2,2022-09-01,2026-03-01,severely_delayed,EXACT_NUMERIC_CODE,1.0
P_NUM_618758,618758,6L accesscontrolled highway from km 0000 to km 40080 Paniyala to Mator Section of,Ministry of Road Transport & Highways,Transport & Logistics,Rajasthan,NHAI,1764.86,2022-09-01,2026-09-01,healthy,EXACT_NUMERIC_CODE,1.0
P_NUM_618759,618759,4L PS Mydukur - Badvel from Km 585.820 to Km 630.960 of NH-67,Ministry of Road Transport & Highways,Transport & Logistics,Andhra Pradesh,NHAI,1063.57,2022-05-01,2025-09-01,severely_delayed,EXACT_NUMERIC_CODE,1.0
P_NUM_618760,618760,4L Greenfield a Malout bypass from ch. Km 44.500 to ch. Km 35.500 on NH-07 and,Ministry of Road Transport & Highways,Transport & Logistics,"Multi-States, (Haryana, Punjab)",National Highways Authority of India [NHAI],646.42,2021-11-01,2024-07-01,severely_delayed,EXACT_NUMERIC_CODE,1.0
P_NUM_618761,618761,4L Spur of Meerut-Garh-Mukteshwar section connecting NH-119 and NH-58,Ministry of Road Transport & Highways,Transport & Logistics,Uttar Pradesh,NHAI,991.89,2021-10-01,2025-02-01,severely_delayed,EXACT_NUMERIC_CODE,1.0
P_NUM_618762,618762,Itarsi Km. 63.000 to Betul Km. 137.000 of NH-69 in Madhya Pradesh,Ministry of Road Transport & Highways,Transport & Logistics,Madhya Pradesh,NHAI,950.27,2017-08-01,2020-02-01,severely_delayed,EXACT_NUMERIC_CODE,1.0
P_NUM_618764,618764,Moga - Bagha Purana - Bajakhana from km. 0.00 to km. 43.32,Ministry of Road Transport & Highways,Transport & Logistics,Punjab,NHAI,1032.59,2020-05-01,2024-12-01,severely_delayed,EXACT_NUMERIC_CODE,1.0
P_NUM_618765,618765,4L of Karimnagar-Warangal section from km 49.500 to km 117.820 of NH-563,Ministry of Road Transport & Highways,Transport & Logistics,Telangana,NHAI,2146.86,2022-03-01,2025-07-01,severely_delayed,EXACT_NUMERIC_CODE,1.0
P_NUM_618766,618766,Up-gradation to Four Lane with Paved Shoulder configuration of the highway starting,Ministry of Road Transport & Highways,Transport & Logistics,Maharashtra,NHAI,862.0,2024-10-01,2027-04-01,healthy,EXACT_NUMERIC_CODE,1.0
P_NUM_618768,618768,Four laning of Agra-Aligarh Section from Km. 0.000 Junction of NH-34 Aligarh Km,Ministry of Road Transport & Highways,Transport & Logistics,Uttar Pradesh,NHAI,1309.08,2024-06-01,2028-03-01,severely_delayed,EXACT_NUMERIC_CODE,1.0
P_NUM_618769,618769,Walajahpet/Ranipet to TN/AP Border Section of from Km.106.800 to Km.133.36 NH-4,Ministry of Road Transport & Highways,Transport & Logistics,"Multi-States, (Andhra Pradesh,, Tamil Nadu)",NHAI,1338.14,2024-12-01,2027-09-01,deteriorating,EXACT_NUMERIC_CODE,1.0
P_NUM_618770,618770,4L Spur of Panipat - Shamli connecting NH-709AD Panipat Shamli Muzaffarnagar,Ministry of Road Transport & Highways,Transport & Logistics,Uttar Pradesh,National Highways Authority of India [NHAI],516.16,2021-10-01,2024-10-01,healthy,EXACT_NUMERIC_CODE,1.0
P_NUM_618771,618771,6L of Varadharajula to Kumarajapet from km 0.000 to km 43.800 of NH-716B Pkg-I,Ministry of Road Transport & Highways,Transport & Logistics,"Multi-States, (Andhra Pradesh,, Tamil Nadu)",National Highways Authority of India [NHAI],1924.75,2021-02-01,2024-12-01,severely_delayed,EXACT_NUMERIC_CODE,1.0
P_NUM_618772,618772,6L of Kumarajapet to Veera Kaveri Raja Puram from km 43.800 to km 61.380 of NH-,Ministry of Road Transport & Highways,Transport & Logistics,"Multi-States, (Andhra Pradesh,, Tamil Nadu)",NHAI,702.52,2021-02-01,2025-10-01,severely_delayed,EXACT_NUMERIC_CODE,1.0
P_NUM_618773,618773,Tuticorin - Tirunelveli from km. 0.00 to km. 47.250,Ministry of Road Transport & Highways,Transport & Logistics,Tamil Nadu,National Highways Authority of India [NHAI],449.85,2009-11-01,2012-04-01,healthy,EXACT_NUMERIC_CODE,1.0
P_NUM_618774,618774,Ara - Mohania Pkg-II,Ministry of Road Transport & Highways,Transport & Logistics,Bihar,National Highways Authority of India [NHAI],984.63,2020-08-01,2023-07-01,severely_delayed,EXACT_NUMERIC_CODE,1.0
P_NUM_618775,618775,Ara Bypass,Ministry of Road Transport & Highways,Transport & Logistics,Bihar,NHAI,226.32,2025-03-01,2027-04-01,deteriorating,EXACT_NUMERIC_CODE,1.0
P_NUM_618776,618776,4L of Greenfield section from Sirhind to Mohali,Ministry of Road Transport & Highways,Transport & Logistics,Punjab,NHAI,1237.65,2022-03-01,2025-05-01,severely_delayed,EXACT_NUMERIC_CODE,1.0
P_NUM_618777,618777,4L of Pileru to Kalur Section from Km 55.900 to Km 92.800 & Km 94.500 to Km,Ministry of Road Transport & Highways,Transport & Logistics,Andhra Pradesh,NHAI,1877.47,2022-03-01,2025-11-01,severely_delayed,EXACT_NUMERIC_CODE,1.0
P_NUM_618778,618778,4L of Madanapalle to Pileru Section from Km 0.000 to Km 55.900 of NH-71Package-I,Ministry of Road Transport & Highways,Transport & Logistics,Andhra Pradesh,NHAI,1877.47,2022-02-01,2025-01-01,severely_delayed,EXACT_NUMERIC_CODE,1.0
P_NUM_618779,618779,4L of Aurangabad-Paithan,Ministry of Road Transport & Highways,Transport & Logistics,Bihar,NHAI,1505.0,2022-09-01,2024-07-01,severely_delayed,EXACT_NUMERIC_CODE,1.0
P_NUM_618782,618782,4L of Bareilly-Pilibhit-Sitarganj from Km. 0.000 to Km. 32.500 of NH-30 Pkg-1,Ministry of Road Transport & Highways,Transport & Logistics,Uttar Pradesh,NHAI,1394.14,2023-02-01,2026-03-01,severely_delayed,EXACT_NUMERIC_CODE,1.0
P_NUM_618783,618783,4-laning of Pilibhit - Sitarganj from Km. 32.500 to Km. 70.800 Pkg-2 of NH-30,Ministry of Road Transport & Highways,Transport & Logistics,"Multi-States (Uttar, Pradesh,, Uttarakhand)",NHAI,1471.19,2023-01-01,2026-03-01,severely_delayed,EXACT_NUMERIC_CODE,1.0
P_NUM_618784,618784,Balance works of 4 lane divided carriageway of Missing Link section of NH-39 Rewa,Ministry of Road Transport & Highways,Transport & Logistics,Madhya Pradesh,NHAI,355.36,2023-08-01,2026-04-01,severely_delayed,EXACT_NUMERIC_CODE,1.0
P_NUM_618785,618785,4/6L Greenfield LudhianaRupnagar highway from Jn. with NE-5 village near to,Ministry of Road Transport & Highways,Transport & Logistics,Punjab,NHAI,1501.02,2021-07-01,2025-02-01,severely_delayed,EXACT_NUMERIC_CODE,1.0
P_NUM_618786,618786,4L of Phagwara - Hoshiarpur,Ministry of Road Transport & Highways,Transport & Logistics,Punjab,NHAI,1196.38,2022-11-01,2027-03-01,cost_escalating,EXACT_NUMERIC_CODE,1.0
P_NUM_618787,618787,"Upgradation to 4L PS from Bhimasar, Junction of NH-41 to Anjar- Bhuj upto Airport",Ministry of Road Transport & Highways,Transport & Logistics,Gujarat,NHAI,1373.06,2022-03-01,2025-06-01,severely_delayed,EXACT_NUMERIC_CODE,1.0
P_NUM_618788,618788,4L Greenfield Jalbhera Shahbad section from km. 0.000 to km. 22.850 of NH-152G,Ministry of Road Transport & Highways,Transport & Logistics,Haryana,NHAI,927.22,2022-03-01,2025-05-01,severely_delayed,EXACT_NUMERIC_CODE,1.0
P_NUM_618789,618789,6L of IT City Chowk to Kurali Chandigarh Road,Ministry of Road Transport & Highways,Transport & Logistics,Punjab,National Highways Authority of India [NHAI],1525.31,2021-03-01,2024-10-01,severely_delayed,EXACT_NUMERIC_CODE,1.0
P_NUM_618790,618790,Construction of four laning of Bakarpur- Manikpur road section starting from village,Ministry of Road Transport & Highways,Transport & Logistics,Bihar,NHAI,1422.37,2023-03-01,2027-04-01,healthy,EXACT_NUMERIC_CODE,1.0
P_NUM_618791,618791,4L PS under NH configuration of Manikpur-Sahebganj of NH-139W,Ministry of Road Transport & Highways,Transport & Logistics,Bihar,NHAI,1538.76,2024-10-01,2027-12-01,deteriorating,EXACT_NUMERIC_CODE,1.0
P_NUM_618792,618792,4L Bhiwani-Hansi road section of NH-148B,Ministry of Road Transport & Highways,Transport & Logistics,Haryana,NHAI,1330.23,2022-11-01,2025-12-01,severely_delayed,EXACT_NUMERIC_CODE,1.0
P_NUM_618793,618793,4L of Fazilka to Abohar section of NH-07 including construction of Greenfield Abohar,Ministry of Road Transport & Highways,Transport & Logistics,Punjab,NHAI,1409.88,2023-03-01,2026-04-01,severely_delayed,EXACT_NUMERIC_CODE,1.0
P_NUM_618794,618794,Amritsarairport Junction - Ramdas from km. 100.835 to km. 139.813 Pkg - IV,Ministry of Road Transport & Highways,Transport & Logistics,Punjab,NHAI,524.88,2020-12-01,2023-09-01,severely_delayed,EXACT_NUMERIC_CODE,1.0
P_NUM_618795,618795,Amritsar Bypass Pkg III from km. 71.496 to km. 105.158,Ministry of Road Transport & Highways,Transport & Logistics,Punjab,NHAI,1474.77,2021-02-01,2024-08-01,severely_delayed,EXACT_NUMERIC_CODE,1.0
P_NUM_618796,618796,Tanot -Ramgarh-Bhadasar-Jaisalmer NH-68 and BhadasarMokal-Sarkaritala up to,Ministry of Road Transport & Highways,Transport & Logistics,Rajasthan,NHAI,828.58,2018-02-01,2021-04-01,severely_delayed,EXACT_NUMERIC_CODE,1.0
P_NUM_618797,618797,Widening Strengthening of 2-Lane with Paved Shoulder from MyajlarJaisalmer from,Ministry of Road Transport & Highways,Transport & Logistics,Rajasthan,NHAI,1237.71,2025-03-01,2027-12-01,deteriorating,EXACT_NUMERIC_CODE,1.0
P_NUM_618798,618798,4L of Sonauli - Gorakhpur,Ministry of Road Transport & Highways,Transport & Logistics,Uttar Pradesh,NHAI,2555.5,2021-12-01,2025-03-01,severely_delayed,EXACT_NUMERIC_CODE,1.0
P_NUM_618799,618799,Belakeri Port to Kumta - Sirsi road from km 0.00 - km 4.265 of Belekeri Port Road Link,Ministry of Road Transport & Highways,Transport & Logistics,Karnataka,NHAI,440.16,2018-03-01,2022-12-01,severely_delayed,EXACT_NUMERIC_CODE,1.0
P_NUM_618800,618800,Construction of New Double Tier 4L Elevated Corridor from Chennai Port to,Ministry of Road Transport & Highways,Transport & Logistics,Tamil Nadu,NHAI,1616.97,2023-03-01,2026-05-01,severely_delayed,EXACT_NUMERIC_CODE,1.0
P_NUM_618801,618801,Construction of New Double Tier 4-lane Elevated Corridor from Chennai Port to,Ministry of Road Transport & Highways,Transport & Logistics,Tamil Nadu,NHAI,1388.59,2023-03-01,2026-05-01,severely_delayed,EXACT_NUMERIC_CODE,1.0
P_NUM_618803,618803,Development of 4L Road from Samarlakota to Achampeta Junction as part of,Ministry of Road Transport & Highways,Transport & Logistics,Andhra Pradesh,NHAI,645.63,2022-09-01,2025-08-01,severely_delayed,EXACT_NUMERIC_CODE,1.0
P_NUM_618804,618804,Dedicated Port road to Krishnapatnam Port Package-I from Km. 0.000 to Km. 18.000,Ministry of Road Transport & Highways,Transport & Logistics,Andhra Pradesh,NHAI,348.72,2018-03-01,2020-12-01,severely_delayed,EXACT_NUMERIC_CODE,1.0
P_NUM_618805,618805,6L Connectivity to Port Road from Sabbavaram Sheelanagar-NH516C,Ministry of Road Transport & Highways,Transport & Logistics,Andhra Pradesh,NHAI,977.33,2024-12-01,2028-02-01,deteriorating,EXACT_NUMERIC_CODE,1.0
P_NUM_618806,618806,Improvement of 4L road to 6L road and 4L dedicated Port Roads for the Port,Ministry of Road Transport & Highways,Transport & Logistics,Andhra Pradesh,NHAI,685.99,2023-01-01,2026-02-01,severely_delayed,EXACT_NUMERIC_CODE,1.0
P_NUM_618807,618807,4L Greenfield Road connecting North and South industrial cluster of Khandaleru Creek,Ministry of Road Transport & Highways,Transport & Logistics,Andhra Pradesh,NHAI,609.43,2022-08-01,2025-09-01,severely_delayed,EXACT_NUMERIC_CODE,1.0
P_NUM_618808,618808,6L Elevated Kona Expressway from Km. 0.145 to Km. 7.337 of NH-117,Ministry of Road Transport & Highways,Transport & Logistics,West Bengal,NHAI,1212.56,2023-03-01,2026-12-01,severely_delayed,EXACT_NUMERIC_CODE,1.0
P_NUM_618809,618809,4L of Beas-Mehta-Batala-Dera Baba Nanak from intersection with Jalandhar-Amritsar,Ministry of Road Transport & Highways,Transport & Logistics,Punjab,NHAI,809.51,2021-08-01,2025-06-01,severely_delayed,EXACT_NUMERIC_CODE,1.0
P_NUM_618810,618810,4L of existing Beas Baba Bakala - Dera Baba Nanak Section from start of Batala,Ministry of Road Transport & Highways,Transport & Logistics,Punjab,NHAI,1003.38,2021-10-01,2025-06-01,severely_delayed,EXACT_NUMERIC_CODE,1.0
P_NUM_618811,618811,4L Access Controlled Greenfield Highway Section Mancherial Warangal from,Ministry of Road Transport & Highways,Transport & Logistics,Telangana,NHAI,1183.71,2023-03-01,2027-10-01,deteriorating,EXACT_NUMERIC_CODE,1.0
P_NUM_618812,618812,4L Access Controlled Greenfield Section Mancherial Warangal from Puttapaka village,Ministry of Road Transport & Highways,Transport & Logistics,Telangana,NHAI,1129.33,2023-01-01,2027-06-01,deteriorating,EXACT_NUMERIC_CODE,1.0
P_NUM_618813,618813,4L Access Controlled Greenfield Section Mancherial Warangal from Narva village at,Ministry of Road Transport & Highways,Transport & Logistics,Telangana,NHAI,1127.9,2023-03-01,2026-12-01,severely_delayed,EXACT_NUMERIC_CODE,1.0
P_NUM_618814,618814,4L Access Controlled Greenfield Highway section on NH163G Warangal-Khammam,Ministry of Road Transport & Highways,Transport & Logistics,Telangana,NHAI,1142.6,2023-03-01,2027-06-01,severely_delayed,EXACT_NUMERIC_CODE,1.0
P_NUM_618815,618815,4L Access Controlled Greenfield Highway section on NH-163G Warangal-Khammam,Ministry of Road Transport & Highways,Transport & Logistics,Telangana,NHAI,1092.88,2023-03-01,2026-04-01,severely_delayed,EXACT_NUMERIC_CODE,1.0
P_NUM_618816,618816,4L Access Controlled Greenfield Highway section on NH-163G Warangal-Khammam,Ministry of Road Transport & Highways,Transport & Logistics,Telangana,NHAI,1105.25,2023-03-01,2027-07-01,deteriorating,EXACT_NUMERIC_CODE,1.0
P_NUM_618817,618817,4L Access Controlled Greenfield Highway section on NH-163G Khammam Vijayawada,Ministry of Road Transport & Highways,Transport & Logistics,Telangana,NHAI,973.45,2023-03-01,2027-03-01,healthy,EXACT_NUMERIC_CODE,1.0
P_NUM_618818,618818,4L Access Controlled Greenfield Highway section on NH-163G Khammam Vijayawada,Ministry of Road Transport & Highways,Transport & Logistics,"Multi-States, (Andhra Pradesh,, Telangana)",NHAI,1183.23,2023-03-01,2027-05-01,severely_delayed,EXACT_NUMERIC_CODE,1.0
P_NUM_618819,618819,Balance work of Panikoili Rimoli Section of new NH-20 from Km 0.00 to Km. 163.000,Ministry of Road Transport & Highways,Transport & Logistics,Odisha,National Highways Authority of India [NHAI],183.03,2020-09-01,2022-03-01,healthy,EXACT_NUMERIC_CODE,1.0
P_NUM_618820,618820,Rehabilitation and Up gradation from 4 to 8 laning of Chandikhole Paradip Section of,Ministry of Road Transport & Highways,Transport & Logistics,Odisha,NHAI,861.84,2023-03-01,2025-12-01,severely_delayed,EXACT_NUMERIC_CODE,1.0
P_NUM_618821,618821,Rehabilitation and Up gradation from 4 to 8 laning of Chandikhole Paradip Section of,Ministry of Road Transport & Highways,Transport & Logistics,Odisha,NHAI,920.47,2023-03-01,2025-12-01,severely_delayed,EXACT_NUMERIC_CODE,1.0
P_NUM_618822,618822,Rehabilitation and Up gradation from 4 to 8 laning of Chandikhole Paradip Section of,Ministry of Road Transport & Highways,Transport & Logistics,Odisha,NHAI,929.91,2023-03-01,2025-12-01,severely_delayed,EXACT_NUMERIC_CODE,1.0
P_NUM_618823,618823,4 laning of Barasat - Barajaguli Section of NH-12 from Km. 31.000 to Km. 48.679 in,Ministry of Road Transport & Highways,Transport & Logistics,West Bengal,NHAI,352.01,2024-02-01,2026-02-01,severely_delayed,EXACT_NUMERIC_CODE,1.0
P_NUM_618824,618824,Development to 4-laning of the de-scoped stretches from Km 115.342 to Km 191.700,Ministry of Road Transport & Highways,Transport & Logistics,West Bengal,NHAI,201.1,2024-03-01,2026-01-01,severely_delayed,EXACT_NUMERIC_CODE,1.0
P_NUM_618825,618825,Bridge over Ganga River at d/s of Farraka Barrage including Approaches connecting,Ministry of Road Transport & Highways,Transport & Logistics,West Bengal,NHAI,622.04,2018-08-01,2021-12-01,severely_delayed,EXACT_NUMERIC_CODE,1.0
P_NUM_618826,618826,4 Laning of NH-544D from Km 0.000 to km 37.000 of Anantapur- Muchukota section,Ministry of Road Transport & Highways,Transport & Logistics,Andhra Pradesh,NHAI,907.76,2022-10-01,2025-07-01,severely_delayed,EXACT_NUMERIC_CODE,1.0
P_NUM_618827,618827,4 Laning of NH-544D from Km 37.000 to km 69.000 of Muchukota- Bugga section,Ministry of Road Transport & Highways,Transport & Logistics,Andhra Pradesh,NHAI,1097.57,2022-10-01,2025-08-01,severely_delayed,EXACT_NUMERIC_CODE,1.0
P_NUM_618828,618828,4L from Km 219.600 Khajuri to Km 260.483 Wyndhamganj on NH-75 Sec-V,Ministry of Road Transport & Highways,Transport & Logistics,"Multi-States, (Jharkhand, Uttar, Pradesh)",National Highways Authority of India [NHAI],1436.49,2022-03-01,2025-09-01,severely_delayed,EXACT_NUMERIC_CODE,1.0
P_NUM_618829,618829,4L from km 196.87 Sankha to km 219.6 Khajuri on NH-75 [Rehla / Garhwa Bypass],Ministry of Road Transport & Highways,Transport & Logistics,Jharkhand,National Highways Authority of India [NHAI],1129.48,2020-09-01,2023-10-01,healthy,EXACT_NUMERIC_CODE,1.0
P_NUM_618830,618830,4L from Km 147.450 Bhogu to Km 196.870 Sankha on NH-75 Sec-III,Ministry of Road Transport & Highways,Transport & Logistics,Jharkhand,NHAI,1517.87,2022-10-01,2025-11-01,severely_delayed,EXACT_NUMERIC_CODE,1.0
P_NUM_618831,618831,4L from Km 95.400 Udaipura to Km 147.450 Bhogu on NH-75 Sec-II,Ministry of Road Transport & Highways,Transport & Logistics,Jharkhand,NHAI,1436.8,2023-03-01,2026-10-01,deteriorating,EXACT_NUMERIC_CODE,1.0
P_NUM_618832,618832,4L from Km 55.00 Kuru to Km 95.400 Udaipura on NH-75 Sec-I,Ministry of Road Transport & Highways,Transport & Logistics,Jharkhand,NHAI,1274.82,2024-02-01,2028-01-01,deteriorating,EXACT_NUMERIC_CODE,1.0
P_NUM_618833,618833,Kodinar - Veraval Package VI from km. 221.610 to km. 263.00 of NH-8E & km.,Ministry of Road Transport & Highways,Transport & Logistics,Gujarat,NHAI,894.01,2016-02-01,2020-07-01,severely_delayed,EXACT_NUMERIC_CODE,1.0
P_NUM_618834,618834,4L Kodinar - Veraval Package VI from km. 222.400 to km. 230.00 Kodinar Bypass of,Ministry of Road Transport & Highways,Transport & Logistics,Gujarat,National Highways Authority of India [NHAI],162.73,2022-03-01,2023-09-01,severely_delayed,EXACT_NUMERIC_CODE,1.0
P_NUM_618835,618835,4L of Bal Works of Talaja - Mahuva from 54.990 km. to 100.450 km. of Old NH-8E,Ministry of Road Transport & Highways,Transport & Logistics,Gujarat,National Highways Authority of India [NHAI],698.4,2020-08-01,2022-09-01,healthy,EXACT_NUMERIC_CODE,1.0
P_NUM_618836,618836,4L of Ratnagiri - Kolhapur section from km 67.140 to km 112.340 of NH-166 Pkg II,Ministry of Road Transport & Highways,Transport & Logistics,Maharashtra,NHAI,1985.38,2022-02-01,2025-05-01,severely_delayed,EXACT_NUMERIC_CODE,1.0
P_NUM_618837,618837,4L of Ratnagiri - Kolhapur section from km 112.340 to km 145.300 of NH-166 PkgIII,Ministry of Road Transport & Highways,Transport & Logistics,Maharashtra,NHAI,1939.23,2022-02-01,2025-05-01,severely_delayed,EXACT_NUMERIC_CODE,1.0
P_NUM_618838,618838,4L of Karwar Km. 281.980 of NH-62 Nagaur road to Dangiyavas of Jodhpur Ring,Ministry of Road Transport & Highways,Transport & Logistics,Rajasthan,NHAI,736.75,2021-11-01,2024-08-01,severely_delayed,EXACT_NUMERIC_CODE,1.0
P_NUM_618839,618839,Aunta - Simaria including Ganga Bridge,Ministry of Road Transport & Highways,Transport & Logistics,Bihar,National Highways Authority of India [NHAI],1309.47,2017-01-01,2022-02-01,severely_delayed,EXACT_NUMERIC_CODE,1.0
P_NUM_618840,618840,Simaria Km. 206.050 to Khagaria Km. 266.282,Ministry of Road Transport & Highways,Transport & Logistics,Bihar,NHAI,664.02,2015-12-01,2019-04-01,severely_delayed,EXACT_NUMERIC_CODE,1.0
P_NUM_618841,618841,4L Elevated Section and at-grade improvements at Begusarai town Simaria - Khagaria,Ministry of Road Transport & Highways,Transport & Logistics,Bihar,NHAI,491.04,2021-10-01,2024-12-01,severely_delayed,EXACT_NUMERIC_CODE,1.0
P_NUM_618842,618842,"2L PS Greenfield bypass lalganj ajhara, mohanganj and Raniganj on Raebareli -",Ministry of Road Transport & Highways,Transport & Logistics,Uttar Pradesh,NHAI,1280.68,2024-12-01,2028-06-01,deteriorating,EXACT_NUMERIC_CODE,1.0
P_NUM_618843,618843,Construction of two lane with paved shoulders bypass to Mungrabadshapur town,Ministry of Road Transport & Highways,Transport & Logistics,Uttar Pradesh,NHAI,197.6,2025-02-01,2027-03-01,deteriorating,EXACT_NUMERIC_CODE,1.0
P_NUM_618844,618844,Viluppuram Km.0.000 to Puducherry Km.29.000,Ministry of Road Transport & Highways,Transport & Logistics,"Multi-States, (Puducherry, Tamil, Nadu)",NHAI,1358.31,2018-03-01,2023-11-01,severely_delayed,EXACT_NUMERIC_CODE,1.0
P_NUM_618845,618845,Puducherry Km.29.000 to Poondiyankuppam Km.67.000,Ministry of Road Transport & Highways,Transport & Logistics,"Multi-States, (Puducherry, Tamil, Nadu)",NHAI,1588.4,2018-03-01,2023-11-01,severely_delayed,EXACT_NUMERIC_CODE,1.0
P_NUM_618846,618846,Poondiyankuppam Km.67.000 to Sattanathapuram Km.123.800,Ministry of Road Transport & Highways,Transport & Logistics,Tamil Nadu,NHAI,2565.63,2018-03-01,2024-01-01,severely_delayed,EXACT_NUMERIC_CODE,1.0
P_NUM_618847,618847,Sattanathapuram to Nagapattinam from Km 123.800 to Km 179.555,Ministry of Road Transport & Highways,Transport & Logistics,"Multi-States, (Puducherry, Tamil, Nadu)",NHAI,2899.77,2018-03-01,2022-10-01,severely_delayed,EXACT_NUMERIC_CODE,1.0
P_NUM_618848,618848,Construction of Underpass beneath airport runway on NH-31 old NH-56 for proposed,Ministry of Road Transport & Highways,Transport & Logistics,Uttar Pradesh,NHAI,649.44,2025-02-01,2027-09-01,deteriorating,EXACT_NUMERIC_CODE,1.0
P_NUM_618849,618849,Conversion of Partially Excavated Escape Tunnel to Uni-Directional 2L,Ministry of Road Transport & Highways,Transport & Logistics,Chhattisgarh,National Highways Authority of India [NHAI],444.21,2022-05-01,2024-03-01,severely_delayed,EXACT_NUMERIC_CODE,1.0
P_NUM_618850,618850,Nerchowk km 190.000 to Pandoh including Pandoh bypass km221.305,Ministry of Road Transport & Highways,Transport & Logistics,Himachal Pradesh,NHAI,1464.12,2016-03-01,2020-07-01,severely_delayed,EXACT_NUMERIC_CODE,1.0
P_NUM_618851,618851,Pandoh bypass 221.305 to Takoli 242.000 of NH-21 in the state of Himachal Pradesh,Ministry of Road Transport & Highways,Transport & Logistics,Himachal Pradesh,NHAI,3419.95,2017-06-01,2021-09-01,severely_delayed,EXACT_NUMERIC_CODE,1.0
P_NUM_618852,618852,4L Sundar Nagar Bypass from Km.173.900 to Km.179.600 of NH-21,Ministry of Road Transport & Highways,Transport & Logistics,Himachal Pradesh,NHAI,191.11,2022-02-01,2024-06-01,severely_delayed,EXACT_NUMERIC_CODE,1.0
P_NUM_618853,618853,Construction of Four lane Elevated Structure at Raniwada Circle in Sanchore City on,Ministry of Road Transport & Highways,Transport & Logistics,Rajasthan,NHAI,353.3,2024-01-01,2026-07-01,healthy,EXACT_NUMERIC_CODE,1.0
P_NUM_618854,618854,2L PS of Raebareli - Jagdishpur with 4L Jagdishpur Bypass Spur,Ministry of Road Transport & Highways,Transport & Logistics,Uttar Pradesh,National Highways Authority of India [NHAI],706.41,2021-02-01,2024-01-01,severely_delayed,EXACT_NUMERIC_CODE,1.0
P_NUM_618855,618855,Improvement and Up-Gradation of Existing Road to 2/4L PS from Km 40.000 to,Ministry of Road Transport & Highways,Transport & Logistics,Uttar Pradesh,National Highways Authority of India [NHAI],838.68,2022-03-01,2025-02-01,severely_delayed,EXACT_NUMERIC_CODE,1.0
P_NUM_618856,618856,Improvement and Up-Gradation of Existing Road to 4L PS from Km 123.650 to,Ministry of Road Transport & Highways,Transport & Logistics,Uttar Pradesh,NHAI,1101.79,2022-09-01,2025-11-01,severely_delayed,EXACT_NUMERIC_CODE,1.0
P_NUM_618858,618858,Improvement and Up-Gradation of Existing Road to 4L PS from Km 88.750 to,Ministry of Road Transport & Highways,Transport & Logistics,Uttar Pradesh,NHAI,955.34,2022-09-01,2026-01-01,severely_delayed,EXACT_NUMERIC_CODE,1.0
P_NUM_618859,618859,Improvement and Up-Gradation of Existing Road to 4L PS from Km 229.070 to,Ministry of Road Transport & Highways,Transport & Logistics,Uttar Pradesh,NHAI,575.66,2021-09-01,2024-10-01,severely_delayed,EXACT_NUMERIC_CODE,1.0
P_NUM_618861,618861,Bakhtiyarpur-Rajauli Pkg-II from km. 54.405 to km.101.630,Ministry of Road Transport & Highways,Transport & Logistics,Bihar,NHAI,897.45,2020-09-01,2023-07-01,severely_delayed,EXACT_NUMERIC_CODE,1.0
P_NUM_618862,618862,Bakhtiyarpur-Rajauli Pkg-III from km. 101.630 to km.152.520,Ministry of Road Transport & Highways,Transport & Logistics,Bihar,NHAI,2156.22,2020-09-01,2024-06-01,severely_delayed,EXACT_NUMERIC_CODE,1.0
P_NUM_618863,618863,Barhi-Koderma Section of NH31 km 0.00 - km 27.5,Ministry of Road Transport & Highways,Transport & Logistics,Jharkhand,NHAI,662.44,2017-02-01,2024-08-01,severely_delayed,EXACT_NUMERIC_CODE,1.0
P_NUM_618864,618864,4L from Mathura Bypass Start at Existing Km. 154.20 of NH-44 to Gaju Village at Km,Ministry of Road Transport & Highways,Transport & Logistics,Uttar Pradesh,National Highways Authority of India [NHAI],1722.11,2022-01-01,2025-03-01,severely_delayed,EXACT_NUMERIC_CODE,1.0
P_NUM_618865,618865,4L from Gaju Village at Km. 32.982 to Devinagar Bypass End at Km. 208.000 of NH-,Ministry of Road Transport & Highways,Transport & Logistics,Uttar Pradesh,National Highways Authority of India [NHAI],1384.79,2021-12-01,2025-01-01,healthy,EXACT_NUMERIC_CODE,1.0
P_NUM_618866,618866,Four Lane Highway from Chandan Nagar Existing Km. 59.025 of NH 530B/Design,Ministry of Road Transport & Highways,Transport & Logistics,Uttar Pradesh,NHAI,2077.0,2024-12-01,2027-11-01,healthy,EXACT_NUMERIC_CODE,1.0
P_NUM_618867,618867,4L Kasganj-Badaun Section from Km. 123.100 to Km. 179.500 Pkg-III of NH530B,Ministry of Road Transport & Highways,Transport & Logistics,Uttar Pradesh,NHAI,2009.11,2023-03-01,2027-05-01,severely_delayed,EXACT_NUMERIC_CODE,1.0
P_NUM_618868,618868,4L from Devinagar Bypass End Existing Km. 208.000 of NH 530B/Design Km. 66.000,Ministry of Road Transport & Highways,Transport & Logistics,Uttar Pradesh,NHAI,2289.52,2023-03-01,2026-06-01,healthy,EXACT_NUMERIC_CODE,1.0
P_NUM_618869,618869,"Construction of 4/6 lane Highway of Southern Bareilly Bypass, starting at Ch. 237000",Ministry of Road Transport & Highways,Transport & Logistics,Uttar Pradesh,NHAI,1122.02,2024-12-01,2028-06-01,cost_escalating,EXACT_NUMERIC_CODE,1.0
P_NUM_618870,618870,4L PS from near Hemmige Village Periyapatna - Hassan Road Jn. to near Hunsur -,Ministry of Road Transport & Highways,Transport & Logistics,Karnataka,NHAI,883.62,2023-02-01,2027-04-01,severely_delayed,EXACT_NUMERIC_CODE,1.0
P_NUM_618871,618871,4L PS from Near Guddehosur to Start of Kushalnagara Bypass to near Hemmige,Ministry of Road Transport & Highways,Transport & Logistics,Karnataka,NHAI,909.86,2023-02-01,2027-12-01,deteriorating,EXACT_NUMERIC_CODE,1.0
P_NUM_618872,618872,4L PS from near Hunsur - KR Nagar Junction to near Yalachahalli village KR Nagara -,Ministry of Road Transport & Highways,Transport & Logistics,Karnataka,NHAI,1062.76,2023-02-01,2027-04-01,severely_delayed,EXACT_NUMERIC_CODE,1.0
P_NUM_618873,618873,4L PS from near Yalachahalli village KR Nagara - Yelawala Road junction to,Ministry of Road Transport & Highways,Transport & Logistics,Karnataka,NHAI,1272.71,2023-01-01,2027-04-01,severely_delayed,EXACT_NUMERIC_CODE,1.0
P_NUM_618874,618874,Four Laning of Trichy - Dindigul from km. 333.00 to km. 421.273 of NH-45,Ministry of Road Transport & Highways,Transport & Logistics,Tamil Nadu,National Highways Authority of India [NHAI],1003.11,2006-12-01,2010-07-01,severely_delayed,EXACT_NUMERIC_CODE,1.0
P_NUM_618875,618875,4L of Haridwar Nagina section Design Ch. LME from km 13.829 to km 17.110 & km,Ministry of Road Transport & Highways,Transport & Logistics,Uttarakhand,NHAI,183.92,2021-11-01,2024-02-01,severely_delayed,EXACT_NUMERIC_CODE,1.0
P_NUM_618876,618876,4L of Nagina-Kashipur section from km. 73.00 to km. 175.00 of NH-74,Ministry of Road Transport & Highways,Transport & Logistics,"Multi-States (Uttar, Pradesh,, Uttarakhand)",National Highways Authority of India [NHAI],2125.03,2015-01-01,2020-04-01,severely_delayed,EXACT_NUMERIC_CODE,1.0
P_NUM_618878,618878,Rehabilitation and Upgradation to 4L configuration & Strengthening of Sihuni to Rajol,Ministry of Road Transport & Highways,Transport & Logistics,Himachal Pradesh,NHAI,696.65,2022-03-01,2025-09-01,severely_delayed,EXACT_NUMERIC_CODE,1.0
P_NUM_618879,618879,Rehabilitation and Upgradation to 2L PS configuration & Strengthening of Padhar to,Ministry of Road Transport & Highways,Transport & Logistics,Himachal Pradesh,NHAI,930.86,2022-06-01,2026-11-01,healthy,EXACT_NUMERIC_CODE,1.0
P_NUM_618880,618880,Rehabilitation and Up-gradation to 4L configuration & Strengthening of Thanpuri to,Ministry of Road Transport & Highways,Transport & Logistics,Himachal Pradesh,NHAI,815.68,2022-07-01,2025-12-01,severely_delayed,EXACT_NUMERIC_CODE,1.0
P_NUM_618881,618881,4L PS bijni to mandi section from Km 202.815 to Km 208.000 of NH-20 New NH-154,Ministry of Road Transport & Highways,Transport & Logistics,Himachal Pradesh,NHAI,1113.02,2023-02-01,2027-09-01,healthy,EXACT_NUMERIC_CODE,1.0
P_NUM_618882,618882,Construction of additional 3-Lane Bridge over River Ganga for connection between,Ministry of Road Transport & Highways,Transport & Logistics,"Multi-States, (Bihar, Uttar, Pradesh)",NHAI,531.61,2024-03-01,2028-02-01,deteriorating,EXACT_NUMERIC_CODE,1.0
P_NUM_618883,618883,Construction of Four Lane Highway form Ghazipur- Ballia-UP/Bihar State Border,Ministry of Road Transport & Highways,Transport & Logistics,Uttar Pradesh,NHAI,1706.47,2022-10-01,2025-07-01,severely_delayed,EXACT_NUMERIC_CODE,1.0
P_NUM_618884,618884,Construction of Four Lane Highway from Ghazipur- Ballia-UP/Bihar State Border,Ministry of Road Transport & Highways,Transport & Logistics,Uttar Pradesh,NHAI,1493.65,2022-10-01,2025-10-01,severely_delayed,EXACT_NUMERIC_CODE,1.0
P_NUM_618885,618885,Construction of Four Lane Highway from Ghazipur- Ballia-UP/Bihar State Border,Ministry of Road Transport & Highways,Transport & Logistics,Uttar Pradesh,NHAI,617.88,2022-10-01,2025-06-01,severely_delayed,EXACT_NUMERIC_CODE,1.0
P_NUM_618886,618886,Road Safety Improvement of Critical Junctions on MuzaffarnagarHaridwar Section of,Ministry of Road Transport & Highways,Transport & Logistics,"Multi-States (Uttar, Pradesh,, Uttarakhand)",NHAI,238.66,2025-04-01,2027-10-01,deteriorating,EXACT_NUMERIC_CODE,1.0
P_NUM_618887,618887,4L of Bettadahalli- Shivamogga section from Km.170.415 to km. 226.750 of NH-206,Ministry of Road Transport & Highways,Transport & Logistics,Karnataka,NHAI,2082.98,2019-01-01,2023-10-01,severely_delayed,EXACT_NUMERIC_CODE,1.0
P_NUM_618888,618888,Rehabilitation and Up-gradation of existing road to 2L PS from End of Hamirpur,Ministry of Road Transport & Highways,Transport & Logistics,Himachal Pradesh,NHAI,1146.19,2022-03-01,2025-04-01,severely_delayed,EXACT_NUMERIC_CODE,1.0
P_NUM_618889,618889,4L of Bhangbar Near Ranital to Kangra Bypass Section of Old NH-88 New NH-,Ministry of Road Transport & Highways,Transport & Logistics,Himachal Pradesh,NHAI,1322.95,2021-03-01,2024-12-01,severely_delayed,EXACT_NUMERIC_CODE,1.0
P_NUM_618890,618890,2L PS of Hamirpur Bypass from Km 121.175 to Km.138.295 of NH-103&3,Ministry of Road Transport & Highways,Transport & Logistics,Himachal Pradesh,NHAI,739.39,2022-08-01,2025-10-01,severely_delayed,EXACT_NUMERIC_CODE,1.0
P_NUM_618891,618891,4L PS from Kalar Bala Village to Nauni Chowk of NH 205 from Km 41.000 to Km,Ministry of Road Transport & Highways,Transport & Logistics,Himachal Pradesh,NHAI,1244.43,2024-01-01,2027-05-01,healthy,EXACT_NUMERIC_CODE,1.0
P_NUM_618892,618892,"4 Lane with Paved Shoulder from Dareota Village to Kalar Bala NH 205, Design",Ministry of Road Transport & Highways,Transport & Logistics,Himachal Pradesh,NHAI,992.85,2025-06-01,2028-06-01,deteriorating,EXACT_NUMERIC_CODE,1.0
P_NUM_618893,618893,Varanasi Gorakhpur Section Packege IV from km. 149.540 to km. 215.160 Mau-,Ministry of Road Transport & Highways,Transport & Logistics,Uttar Pradesh,NHAI,2966.63,2015-04-01,2019-10-01,severely_delayed,EXACT_NUMERIC_CODE,1.0
P_NUM_618894,618894,4L of Madathukulam - Pollachi from km. 74.38 to km. 116.95 of old NH-209 New NH-,Ministry of Road Transport & Highways,Transport & Logistics,Tamil Nadu,NHAI,1772.13,2019-01-01,2022-12-01,severely_delayed,EXACT_NUMERIC_CODE,1.0
P_NUM_618895,618895,Kamalapuram to Oddanchatram from km. 0.00 to km. 35.822,Ministry of Road Transport & Highways,Transport & Logistics,Tamil Nadu,NHAI,1319.42,2019-01-01,2023-01-01,severely_delayed,EXACT_NUMERIC_CODE,1.0
P_NUM_618896,618896,4L of Sannur to Bikarnakatte section from Km 691.350 to Km 736.362 of NH-169,Ministry of Road Transport & Highways,Transport & Logistics,Karnataka,NHAI,1386.41,2021-03-01,2024-10-01,severely_delayed,EXACT_NUMERIC_CODE,1.0
P_NUM_618897,618897,4L of Sethiyathope -Cholapuram section from Km. 65.960 to Km. 116.440 section of,Ministry of Road Transport & Highways,Transport & Logistics,Tamil Nadu,National Highways Authority of India [NHAI],2356.19,2017-03-01,2020-08-01,severely_delayed,EXACT_NUMERIC_CODE,1.0
P_NUM_618898,618898,Balance Works for Four laning of Vikravandi to Sethiyathope section from Km 0.0 to,Ministry of Road Transport & Highways,Transport & Logistics,Tamil Nadu,NHAI,1163.17,2025-01-01,2027-06-01,healthy,EXACT_NUMERIC_CODE,1.0
P_NUM_618899,618899,Kallagam km.38.700 to Meensurutti Km.98.433 of NH-227 in Tamil Nadu,Ministry of Road Transport & Highways,Transport & Logistics,Tamil Nadu,NHAI,1499.12,2018-02-01,2021-04-01,severely_delayed,EXACT_NUMERIC_CODE,1.0
P_NUM_618901,618901,4L PS Divided Carriageway from Patan Near Rajpur to Gojariya From Km 52.000 to,Ministry of Road Transport & Highways,Transport & Logistics,Gujarat,NHAI,1181.34,2021-12-01,2025-03-01,severely_delayed,EXACT_NUMERIC_CODE,1.0
P_NUM_618902,618902,Maheshkunt-Saharsa-Purnea Pkg I km 0.00 to km. 90.00 of NH-107,Ministry of Road Transport & Highways,Transport & Logistics,Bihar,NHAI,662.44,2017-02-01,2021-12-01,severely_delayed,EXACT_NUMERIC_CODE,1.0
P_NUM_618903,618903,Maheshkunt -Saharsa-Purnea Pkg II,Ministry of Road Transport & Highways,Transport & Logistics,Bihar,NHAI,1245.33,2017-03-01,2020-12-01,severely_delayed,EXACT_NUMERIC_CODE,1.0
P_NUM_618904,618904,Chhapra - Hajipur from km. 143.200 to km. 209.200,Ministry of Road Transport & Highways,Transport & Logistics,Bihar,NHAI,2127.86,2010-07-01,2013-07-01,severely_delayed,EXACT_NUMERIC_CODE,1.0
P_NUM_618905,618905,Widening with additional 3L abetting Chhapra Bypass Section of NH-19 from Km.,Ministry of Road Transport & Highways,Transport & Logistics,Bihar,NHAI,470.5,2024-02-01,2026-08-01,healthy,EXACT_NUMERIC_CODE,1.0
P_NUM_618906,618906,4L of Amritsar-Ghoman - Tanda - Una Section from Km 8.270 to Km 54.000 of NH-,Ministry of Road Transport & Highways,Transport & Logistics,Punjab,NHAI,857.91,2020-12-01,2024-06-01,severely_delayed,EXACT_NUMERIC_CODE,1.0
P_NUM_618907,618907,2L/4L of Hoshiarpur to Una section including Hoshiarpur Bypass of NH 503A,Ministry of Road Transport & Highways,Transport & Logistics,"Multi-States, (Himachal, Pradesh, Punjab)",NHAI,571.34,2023-03-01,2027-05-01,deteriorating,EXACT_NUMERIC_CODE,1.0
P_NUM_618908,618908,3L Major Bridge over River Brahmani at Km. 401.250 Duburi - Chandikhole Section of,Ministry of Road Transport & Highways,Transport & Logistics,Odisha,NHAI,153.61,2022-04-01,2025-01-01,severely_delayed,EXACT_NUMERIC_CODE,1.0
P_NUM_618909,618909,2L PS of JH / WB Border km. 70.524 - Purulia km.84.400 & Purulia km. 94.30 -,Ministry of Road Transport & Highways,Transport & Logistics,"Multi-States, (Jharkhand, West, Bengal)",NHAI,1652.4,2018-03-01,2022-08-01,severely_delayed,EXACT_NUMERIC_CODE,1.0
P_NUM_618910,618910,4L of Purulia Bypass section from Km 84.030 to Km 94.345 of NH-32,Ministry of Road Transport & Highways,Transport & Logistics,West Bengal,NHAI,557.55,2021-01-01,2023-08-01,severely_delayed,EXACT_NUMERIC_CODE,1.0
P_NUM_618911,618911,4L Greenfield Western Side spur of Rampur-Rudrapur Section from Km 0.000 to Km,Ministry of Road Transport & Highways,Transport & Logistics,Uttar Pradesh,NHAI,646.27,2021-12-01,2024-11-01,severely_delayed,EXACT_NUMERIC_CODE,1.0
P_NUM_618912,618912,Construction of Rudrapur Bypass Section from Km. 0.000 to 20.640 in the state of,Ministry of Road Transport & Highways,Transport & Logistics,"Multi-States (Uttar, Pradesh,, Uttarakhand)",National Highways Authority of India [NHAI],1051.73,2023-03-01,2026-01-01,healthy,EXACT_NUMERIC_CODE,1.0
P_NUM_618913,618913,4-L of Rajamunda to Barkote Section of NH-23 from km. 287.200 to km. 337.185,Ministry of Road Transport & Highways,Transport & Logistics,Odisha,National Highways Authority of India [NHAI],609.63,2017-10-01,2021-06-01,severely_delayed,EXACT_NUMERIC_CODE,1.0
P_NUM_618914,618914,4L Elevated Corridor and at-grade improvements from Design Ch0000 to Design Ch,Ministry of Road Transport & Highways,Transport & Logistics,Bihar,NHAI,4432.97,2022-10-01,2026-09-01,severely_delayed,EXACT_NUMERIC_CODE,1.0
P_NUM_618915,618915,4L of Bal. works of Patna - Gaya -Dobhi Pkg-II from km. 39.00 to km. 83.00 of Old NH-,Ministry of Road Transport & Highways,Transport & Logistics,Bihar,National Highways Authority of India [NHAI],1637.29,2019-09-01,2022-11-01,severely_delayed,EXACT_NUMERIC_CODE,1.0
P_NUM_618916,618916,4L of Bal. works of Patna - Gaya -Dobhi Pkg-III from km. 83.00 to km. 127.217 of Old,Ministry of Road Transport & Highways,Transport & Logistics,Bihar,National Highways Authority of India [NHAI],1077.46,2019-09-01,2022-11-01,severely_delayed,EXACT_NUMERIC_CODE,1.0
P_NUM_618917,618917,4L Greenfield starting from NH-30 near Saristabad Patna to Nathupur Project end,Ministry of Road Transport & Highways,Transport & Logistics,Bihar,NHAI,488.24,2023-07-01,2025-08-01,severely_delayed,EXACT_NUMERIC_CODE,1.0
P_NUM_618919,618919,4L PS from Mandlem Existing Km. 38.000/Design Km.30.600 to Atmakur Existing,Ministry of Road Transport & Highways,Transport & Logistics,Andhra Pradesh,National Highways Authority of India [NHAI],887.28,2023-03-01,2025-11-01,healthy,EXACT_NUMERIC_CODE,1.0
P_NUM_618920,618920,Access Controlled Highway of 4 Lane with Paved Shoulders from TN/AP Border,Ministry of Road Transport & Highways,Transport & Logistics,Andhra Pradesh,NHAI,1346.82,2024-03-01,2026-12-01,healthy,EXACT_NUMERIC_CODE,1.0
P_NUM_618921,618921,4L of Kathlighat to Shakral Village from Km 128.835 to Km 146.300 of NH- 5 Shimla,Ministry of Road Transport & Highways,Transport & Logistics,Himachal Pradesh,NHAI,1703.48,2022-03-01,2026-04-01,severely_delayed,EXACT_NUMERIC_CODE,1.0
P_NUM_618922,618922,4L of Shakral Village to Dhalli Section from Km 146.300 to Km 156.560 Shimla,Ministry of Road Transport & Highways,Transport & Logistics,Himachal Pradesh,NHAI,1956.26,2022-04-01,2027-03-01,severely_delayed,EXACT_NUMERIC_CODE,1.0
P_NUM_618923,618923,4L Behsuma at Km 39.250 Ex. Km 39240 To Bijnor at Km 78.810 Ex. Km 86590,Ministry of Road Transport & Highways,Transport & Logistics,Uttar Pradesh,NHAI,2158.2,2023-03-01,2026-05-01,severely_delayed,EXACT_NUMERIC_CODE,1.0
P_NUM_618924,618924,2L PS of Najibabad Kotdwar section from 112.575 to Km. 138.635 of NH 119,Ministry of Road Transport & Highways,Transport & Logistics,Uttar Pradesh,NHAI,188.87,2021-10-01,2025-09-01,severely_delayed,EXACT_NUMERIC_CODE,1.0
P_NUM_618925,618925,Bijnor-Kotawali,Ministry of Road Transport & Highways,Transport & Logistics,Uttar Pradesh,NHAI,300.58,2021-02-01,2023-05-01,severely_delayed,EXACT_NUMERIC_CODE,1.0
P_NUM_618926,618926,4L of Siwan- Masrakh section of Ram Janki Marg from Km 230.385 to Km 281.391 of,Ministry of Road Transport & Highways,Transport & Logistics,Bihar,NHAI,1431.36,2022-08-01,2026-11-01,severely_delayed,EXACT_NUMERIC_CODE,1.0
P_NUM_618927,618927,4L of Moradabad-Thakurdwara-Kashipur Section from Km. 0.000 to Km. 38.77 of NH-,Ministry of Road Transport & Highways,Transport & Logistics,Uttar Pradesh,NHAI,2006.82,2022-10-01,2026-03-01,severely_delayed,EXACT_NUMERIC_CODE,1.0
P_NUM_618928,618928,Improvement & Up-gradation of NH-734 Section of Moradabad-Thakurdwara Kashipur,Ministry of Road Transport & Highways,Transport & Logistics,"Multi-States (Uttar, Pradesh,, Uttarakhand)",NHAI,936.12,2023-02-01,2025-09-01,severely_delayed,EXACT_NUMERIC_CODE,1.0
P_NUM_618929,618929,4L of Moradabad western side spur connecting NH-734 & NH-24 from Km. 0.000 to,Ministry of Road Transport & Highways,Transport & Logistics,Uttar Pradesh,NHAI,1841.92,2022-11-01,2025-09-01,severely_delayed,EXACT_NUMERIC_CODE,1.0
P_NUM_618930,618930,4L PS from Ch. 94.030 in Jabugam Village to Ch. 132.320 in Dhamasiya Village of,Ministry of Road Transport & Highways,Transport & Logistics,Gujarat,NHAI,1188.46,2023-03-01,2027-11-01,deteriorating,EXACT_NUMERIC_CODE,1.0
P_NUM_618931,618931,4L PS from Ch. 179.780 in Bitada/Movi Village to Ch. 208.900 in Nasarpore Village of,Ministry of Road Transport & Highways,Transport & Logistics,Gujarat,NHAI,764.02,2023-03-01,2027-11-01,deteriorating,EXACT_NUMERIC_CODE,1.0
P_NUM_618932,618932,Construction of 6 lane Indore western bypass from km 0000 to Km 34000 Pkg -l in the,Ministry of Road Transport & Highways,Transport & Logistics,Madhya Pradesh,NHAI,1534.7,2024-02-01,2027-12-01,deteriorating,EXACT_NUMERIC_CODE,1.0
P_NUM_618933,618933,Construction of 6 lane Indore western bypass from km 34000 to Km 64000 Pkg-II in,Ministry of Road Transport & Highways,Transport & Logistics,Madhya Pradesh,NHAI,1430.56,2024-03-01,2028-02-01,deteriorating,EXACT_NUMERIC_CODE,1.0
P_NUM_618934,618934,Guwahati Ring Road in the State of Assam,Ministry of Road Transport & Highways,Transport & Logistics,Assam,NHAI,5729.47,2024-08-01,2030-01-01,deteriorating,EXACT_NUMERIC_CODE,1.0
P_NUM_618935,618935,4L Ambala - Kalaamb from Km. -0.800 to Km. 33.015 of old NH-72,Ministry of Road Transport & Highways,Transport & Logistics,"Multi-States, (Haryana, Punjab)",National Highways Authority of India [NHAI],1183.7,2022-10-01,2025-06-01,severely_delayed,EXACT_NUMERIC_CODE,1.0
P_NUM_618936,618936,Jagadhari - Tajewala from Km -0.175 to 32.337 km of NH-344,Ministry of Road Transport & Highways,Transport & Logistics,Haryana,NHAI,1269.5,2022-03-01,2025-02-01,severely_delayed,EXACT_NUMERIC_CODE,1.0
P_NUM_618937,618937,4L of Nagpur-Katol Section from Km. 13.00 to Km. 62.900 of NH-353J,Ministry of Road Transport & Highways,Transport & Logistics,Maharashtra,NHAI,1166.96,2021-02-01,2023-10-01,severely_delayed,EXACT_NUMERIC_CODE,1.0
P_NUM_618938,618938,4L of Rajura-Korpana-Adilabad Road upto M.S. Border from km 32.910 to km 89.090,Ministry of Road Transport & Highways,Transport & Logistics,"Multi-States, (Maharashtra,, Telangana)",National Highways Authority of India [NHAI],1013.33,2022-03-01,2024-10-01,severely_delayed,EXACT_NUMERIC_CODE,1.0
P_NUM_618939,618939,Construction of Standalone Flyover cum ROB from Design Ch.66.600 to Design,Ministry of Road Transport & Highways,Transport & Logistics,Maharashtra,NHAI,191.31,2025-02-01,2027-07-01,healthy,EXACT_NUMERIC_CODE,1.0
P_NUM_618941,618941,4L of Bamni - Rajura - Warur - Devada upto M.S. Border of NH - 930D from km,Ministry of Road Transport & Highways,Transport & Logistics,"Multi-States, (Maharashtra,, Telangana)",NHAI,968.05,2022-03-01,2026-03-01,severely_delayed,EXACT_NUMERIC_CODE,1.0
P_NUM_618942,618942,Balance work of 2L PS from Km 30.800 to Km 70.800 and 2L with Rigid Carriageway,Ministry of Road Transport & Highways,Transport & Logistics,"Multi-States (Goa,, Karnataka)",NHAI,226.76,2022-01-01,2024-05-01,severely_delayed,EXACT_NUMERIC_CODE,1.0
P_NUM_618943,618943,Salem - Ulundurpet section from km 0.313 to km 136.670 of NH-68,Ministry of Road Transport & Highways,Transport & Logistics,Tamil Nadu,National Highways Authority of India [NHAI],861.23,2006-12-01,2011-01-01,severely_delayed,EXACT_NUMERIC_CODE,1.0
P_NUM_618944,618944,Hyderabad - Maneguda,Ministry of Road Transport & Highways,Transport & Logistics,Telangana,NHAI,958.86,2021-10-01,2026-11-01,cost_escalating,EXACT_NUMERIC_CODE,1.0
P_NUM_618945,618945,4L of Kodad Design Km 0.00/Existing Km 185.00 of NH-65 to Khammam Design Km,Ministry of Road Transport & Highways,Transport & Logistics,Telangana,NHAI,1149.17,2021-01-01,2024-05-01,severely_delayed,EXACT_NUMERIC_CODE,1.0
P_NUM_618946,618946,4L of Mehgama - Hansdiha from km. 41.900 to km. 93.000 of NH -133A Pkg-II,Ministry of Road Transport & Highways,Transport & Logistics,Jharkhand,National Highways Authority of India [NHAI],1479.72,2022-03-01,2025-05-01,severely_delayed,EXACT_NUMERIC_CODE,1.0
P_NUM_618947,618947,4L of NH-80 from km 215.00 to km 260.00 Mirza Chauki to Farkka Pkg-I,Ministry of Road Transport & Highways,Transport & Logistics,Jharkhand,NHAI,1504.8,2018-03-01,2023-07-01,severely_delayed,EXACT_NUMERIC_CODE,1.0
P_NUM_618948,618948,4L of NH-80 section of Mirza Chauki to Farakka section from existing km 190.00 to,Ministry of Road Transport & Highways,Transport & Logistics,"Multi-States, (Jharkhand, West, Bengal)",NHAI,782.18,2025-02-01,2028-01-01,deteriorating,EXACT_NUMERIC_CODE,1.0
P_NUM_618949,618949,4L of Basukinath- Deoghar Section of NH-114A,Ministry of Road Transport & Highways,Transport & Logistics,Jharkhand,NHAI,1444.94,2022-09-01,2025-12-01,severely_delayed,EXACT_NUMERIC_CODE,1.0
P_NUM_618950,618950,Construction of Bypass to NH-114A Connecting NH-333 and NH-133 Deoghar,Ministry of Road Transport & Highways,Transport & Logistics,Jharkhand,NHAI,1565.47,2024-11-01,2028-01-01,deteriorating,EXACT_NUMERIC_CODE,1.0
P_NUM_618951,618951,Hariharganj to Parwa Mode section from km 23.284 to km 57.049 of NH-98,Ministry of Road Transport & Highways,Transport & Logistics,"Multi-States, (Bihar, Jharkhand)",NHAI,1125.78,2020-09-01,2024-02-01,severely_delayed,EXACT_NUMERIC_CODE,1.0
P_NUM_618952,618952,4L of Sahibganj - Manihari Ganga Bridge including Manihari Bypass,Ministry of Road Transport & Highways,Transport & Logistics,"Multi-States, (Bihar, Jharkhand)",NHAI,1954.77,2016-10-01,2024-10-01,severely_delayed,EXACT_NUMERIC_CODE,1.0
P_NUM_618953,618953,Umagaon-Saharsa Package-IV Koshi Bridge & approach Road - Bheja-Bakaur,Ministry of Road Transport & Highways,Transport & Logistics,Bihar,NHAI,1199.58,2019-02-01,2023-08-01,severely_delayed,EXACT_NUMERIC_CODE,1.0
P_NUM_618954,618954,Umagaon - Saharsa Package - I Combined Umagaon-Kaluahi0.000KM to 21.609Km,Ministry of Road Transport & Highways,Transport & Logistics,Bihar,NHAI,1473.2,2022-08-01,2027-07-01,cost_escalating,EXACT_NUMERIC_CODE,1.0
P_NUM_618955,618955,2L PS of Majhauli to Charout section from km. 0.00 to km. 63.655,Ministry of Road Transport & Highways,Transport & Logistics,Bihar,NHAI,638.29,2018-01-01,2021-11-01,severely_delayed,EXACT_NUMERIC_CODE,1.0
P_NUM_618956,618956,Construction of Major Bridge over Baghmati and Lakhandei River along with,Ministry of Road Transport & Highways,Transport & Logistics,Bihar,NHAI,498.97,2024-02-01,2027-04-01,severely_delayed,EXACT_NUMERIC_CODE,1.0
P_NUM_618957,618957,4 laning of Champa - Korba from km 0.00 to km 38.2,Ministry of Road Transport & Highways,Transport & Logistics,Chhattisgarh,NHAI,1002.33,2021-02-01,2024-01-01,severely_delayed,EXACT_NUMERIC_CODE,1.0
P_NUM_618958,618958,2L with ES of Yagyi - Kalewa section from Milepost 40/0 to Milepost 115/5 in Myanmar,Ministry of Road Transport & Highways,Transport & Logistics,Assam,NHAI,1200.14,2017-12-01,2023-06-01,severely_delayed,EXACT_NUMERIC_CODE,1.0
P_NUM_618959,618959,4L Prayagraj Greenfield By-pass from design Km 50860 near Nibi Kala Uperhar to,Ministry of Road Transport & Highways,Transport & Logistics,Uttar Pradesh,National Highways Authority of India [NHAI],1017.99,2023-08-01,2025-03-01,healthy,EXACT_NUMERIC_CODE,1.0
P_NUM_618960,618960,4 Lane Inner Ring Road around Allahabad City Pkg-2 Prayagraj Southern Bypass,Ministry of Road Transport & Highways,Transport & Logistics,Uttar Pradesh,NHAI,1377.51,2023-08-01,2026-06-01,severely_delayed,EXACT_NUMERIC_CODE,1.0
P_NUM_618961,618961,4 Lane Inner Ring Road around Allahabad City Pkg-1 Prayagraj Southern Bypass,Ministry of Road Transport & Highways,Transport & Logistics,Uttar Pradesh,NHAI,775.94,2025-02-01,2027-12-01,deteriorating,EXACT_NUMERIC_CODE,1.0
P_NUM_618962,618962,4L of Budhni to Shahganj Bypass End Package-III of NH-146B from Km. 73.750 to,Ministry of Road Transport & Highways,Transport & Logistics,Madhya Pradesh,NHAI,1102.97,2024-03-01,2027-08-01,deteriorating,EXACT_NUMERIC_CODE,1.0
P_NUM_618963,618963,Construction work of 4-laning of Shahganj bypass end to Badi Package-IV of NH-146B,Ministry of Road Transport & Highways,Transport & Logistics,Madhya Pradesh,NHAI,784.14,2024-02-01,2027-03-01,healthy,EXACT_NUMERIC_CODE,1.0
P_NUM_618964,618964,4 Laning of Sandalpur to Nasrullaganj Pkg-1 section of NH-146B Length 43.2 Km.,Ministry of Road Transport & Highways,Transport & Logistics,Madhya Pradesh,NHAI,1425.98,2025-03-01,2028-01-01,deteriorating,EXACT_NUMERIC_CODE,1.0
P_NUM_618966,618966,Six laning with both sides Service Road of Ayodhya Bypass from Design Km 0000,Ministry of Road Transport & Highways,Transport & Logistics,Madhya Pradesh,NHAI,1123.17,2024-02-01,2027-08-01,deteriorating,EXACT_NUMERIC_CODE,1.0
P_NUM_618967,618967,Upgradation and Strengthening of Chenani to Nashri Section via Patnitop of NH244,Ministry of Road Transport & Highways,Transport & Logistics,"Jammu and, Kashmir",NHAI,295.06,2024-03-01,2026-08-01,severely_delayed,EXACT_NUMERIC_CODE,1.0
P_NUM_618968,618968,6L access control Greenfield highway of Vill-Khyawari to Vill-Latifpur at Saharanpur,Ministry of Road Transport & Highways,Transport & Logistics,Uttar Pradesh,NHAI,1428.19,2021-03-01,2024-09-01,severely_delayed,EXACT_NUMERIC_CODE,1.0
P_NUM_618969,618969,4/6L of Spur to Haridwar Greenfield from Km. 0.000 to Km. 50.70,Ministry of Road Transport & Highways,Transport & Logistics,"Multi-States (Uttar, Pradesh,, Uttarakhand)",NHAI,2155.95,2021-11-01,2025-02-01,severely_delayed,EXACT_NUMERIC_CODE,1.0
P_NUM_618970,618970,6L access control Greenfield highway of Vill-Lohadda to Vill-Karaunda Mahajan from,Ministry of Road Transport & Highways,Transport & Logistics,Uttar Pradesh,NHAI,1335.45,2021-03-01,2024-09-01,severely_delayed,EXACT_NUMERIC_CODE,1.0
P_NUM_618971,618971,Pune Metro Rail Project Phase-2 Corridor 2A Vanaz to Chandani Chowk and Corridor,Ministry of Housing & Urban Affairs,Transport & Logistics,Maharashtra,Maharashtra Metro Rail Corporation Limited [MMRCL],3626.24,2025-07-01,2029-07-01,deteriorating,EXACT_NUMERIC_CODE,1.0
P_NUM_618972,618972,Devbhumi Dwarka [Okha] - Kanalus Doubling,Ministry of Railways,Transport & Logistics,Gujarat,Western Railway [WR] - II,1456.77,2025-12-01,2028-12-01,deteriorating,EXACT_NUMERIC_CODE,1.0
P_NUM_618976,618976,"Gadarwara Super Thermal Power Project, Stage-II [2x800 MW]",Ministry of Power,Energy,Madhya Pradesh,National Thermal Power Corporation [NTPC],20446.0,2024-11-01,2030-03-01,deteriorating,EXACT_NUMERIC_CODE,1.0
P_NUM_618977,618977,"Development of New Greenfield Airport at Bundi, Kota Rajasthan.",Ministry of Civil Aviation,Transport & Logistics,Rajasthan,Airport Authority of India [AAI],1507.0,2025-08-01,2027-10-01,deteriorating,EXACT_NUMERIC_CODE,1.0
P_NUM_618978,618978,Gondia - Dongargarh 4th line [84 Km],Ministry of Railways,Transport & Logistics,"Multi-States, (Chhattisgarh,, Maharashtra)",South Eastern Central Railway,2222.53,2025-10-01,2030-10-01,deteriorating,EXACT_NUMERIC_CODE,1.0
P_NUM_618981,618981,810 MW Solar Power Project - Rajasthan,Ministry of Power,Energy,Rajasthan,NLC India Limited [NLCIL],4147.07,2024-10-01,2028-03-01,deteriorating,EXACT_NUMERIC_CODE,1.0
P_NUM_618982,618982,Talabira II & III OCP - FMC,Ministry of Power,Energy,Odisha,NLC India Limited [NLCIL],522.45,2022-10-01,2026-06-01,healthy,EXACT_NUMERIC_CODE,1.0
P_NUM_618985,618985,Pune Metro Rail Project Phase-2 Line-4 Kharadi to Khadakwasla with Spur Line 4A,Ministry of Housing & Urban Affairs,Transport & Logistics,Maharashtra,Maharashtra Metro Rail Corporation Limited [MMRCL],9857.85,2025-12-01,2030-12-01,deteriorating,EXACT_NUMERIC_CODE,1.0
P_NUM_618986,618986,Furkating-New Tinsukia[194 Km],Ministry of Railways,Transport & Logistics,Assam,Northeast Frontier Railway [NFR],3633.58,2025-09-01,2029-06-01,deteriorating,EXACT_NUMERIC_CODE,1.0
P_NUM_618991,618991,200 MW SPP part of 510 MW CPSU scheme,Ministry of Power,Energy,Gujarat,NLC India Limited [NLCIL],1221.41,2022-07-01,2026-12-01,deteriorating,EXACT_NUMERIC_CODE,1.0
P_NUM_618992,618992,100 MW SPP part of SECI 150 MW Hybrid,Ministry of Power,Energy,Gujarat,NLC India Limited [NLCIL],480.68,2022-07-01,2026-12-01,deteriorating,EXACT_NUMERIC_CODE,1.0
P_NUM_618995,618995,New Line between Junagarh - Nabarangpur [116.21 Km],Ministry of Railways,Transport & Logistics,Odisha,Indian Railway,2864.51,2024-08-01,2030-08-01,deteriorating,EXACT_NUMERIC_CODE,1.0
P_NUM_619003,619003,Solan - Kaithlighat Section of NH-22 Now NH-5 from Km. 106.139 to Km.129.05,Ministry of Road Transport & Highways,Transport & Logistics,Himachal Pradesh,NHAI,881.74,2018-03-01,2021-05-01,severely_delayed,EXACT_NUMERIC_CODE,1.0
P_NUM_619004,619004,Construction of Dubrajpur Bypass with 4-lane configuration of length 5.676 km on NH-,Ministry of Road Transport & Highways,Transport & Logistics,West Bengal,MoRTH,560.79,2023-03-01,2027-12-01,deteriorating,EXACT_NUMERIC_CODE,1.0
P_NUM_619005,619005,Construction of bypass around Chatra Town on NH-22 old NH-99 in the state of,Ministry of Road Transport & Highways,Transport & Logistics,Jharkhand,MoRTH,235.42,2023-03-01,2028-01-01,deteriorating,EXACT_NUMERIC_CODE,1.0
P_NUM_619007,619007,Upgradation of Sarvardewla to Pal MP/MH Border Road section of NH-347 C from,Ministry of Road Transport & Highways,Transport & Logistics,Madhya Pradesh,MoRTH,461.23,2023-03-01,2028-01-01,deteriorating,EXACT_NUMERIC_CODE,1.0
P_NUM_619008,619008,Rehabilitation and Up gradation of Charthana Jintur Section of NH 752 I Km 25100 to,Ministry of Road Transport & Highways,Transport & Logistics,Maharashtra,MoRTH,157.69,2025-03-01,2027-07-01,healthy,EXACT_NUMERIC_CODE,1.0
P_NUM_619009,619009,Upgradation to Two Lane with Paved Shoulders from Km 0.000 to Km 41.920 Green,Ministry of Road Transport & Highways,Transport & Logistics,Telangana,MoRTH,690.33,2022-11-01,2028-04-01,deteriorating,EXACT_NUMERIC_CODE,1.0
P_NUM_619010,619010,Up-gradation to 2 lane with paved shoutders of Pawlrang - Rulchawm section- of NH-,Ministry of Road Transport & Highways,Transport & Logistics,Mizoram,NHIDCL,500.88,2021-12-01,2025-05-01,severely_delayed,EXACT_NUMERIC_CODE,1.0
P_NUM_619013,619013,Construction of Balance Work of 4-Laning of the Section from Jhanji to Demow of NH-,Ministry of Road Transport & Highways,Transport & Logistics,Assam,NHIDCL,508.76,2014-10-01,2026-01-01,severely_delayed,EXACT_NUMERIC_CODE,1.0
P_NUM_619014,619014,lmprovement and Widening to 2 lane with paved Shoulder of NH-15 old NH-52 from,Ministry of Road Transport & Highways,Transport & Logistics,Arunachal Pradesh,NHIDCL,316.73,2023-12-01,2028-02-01,deteriorating,EXACT_NUMERIC_CODE,1.0
P_NUM_619022,619022,Metro connectivity from Millennium City Centre to Cyber City with Spur to Dwarka,Ministry of Housing & Urban Affairs,Transport & Logistics,Haryana,Gurugram Metro Rail Limited [GMRL],5452.72,2023-07-01,2027-07-01,deteriorating,EXACT_NUMERIC_CODE,1.0
P_NUM_619024,619024,Mahan Transmission Limited,Ministry of Power,Energy,Madhya Pradesh,Adani Transmission Limited,3125.32,2025-03-01,2027-04-01,healthy,EXACT_NUMERIC_CODE,1.0
P_NUM_619025,619025,RAJASTHAN PART I POWER TRANSMISSION LIMITED,Ministry of Power,Energy,"Multi-States, (Madhya Pradesh,, Rajasthan, Uttar, Pradesh)",Adani Transmission Limited,25000.0,2025-01-01,2029-07-01,deteriorating,EXACT_NUMERIC_CODE,1.0
P_NUM_619026,619026,KPSIII HVDC Transmission Limited,Ministry of Power,Energy,Gujarat,Adani Transmission Limited,19000.0,2025-12-01,2029-12-01,deteriorating,EXACT_NUMERIC_CODE,1.0
P_NUM_619027,619027,WRNES Talegaon Power Transmission Limited,Ministry of Power,Energy,Maharashtra,Adani Transmission Limited,2000.0,2025-05-01,2028-01-01,deteriorating,EXACT_NUMERIC_CODE,1.0
P_NUM_619028,619028,Augmentation of 1x500 MVA 400/220kV ICT [3rd] at Thrissur VSC HVDC Station in,Ministry of Power,Energy,Kerala,Power Grid Corporation of India Limited [POWERGRID],173.14,2025-08-01,2027-08-01,deteriorating,EXACT_NUMERIC_CODE,1.0
P_NUM_619029,619029,Transmission System for Reliable Power Supply to Dholera,Ministry of Power,Energy,Gujarat,Power Grid Corporation of India Limited [POWERGRID],319.42,2024-09-01,2026-03-01,severely_delayed,EXACT_NUMERIC_CODE,1.0
P_NUM_619030,619030,Inter-Regional Strengthening between SR Grid and ER Grid,Ministry of Power,Energy,"Multi-States, (Andhra Pradesh,, Odisha)",Power Grid Corporation of India Limited [POWERGRID],2722.5,2026-02-01,2028-08-01,deteriorating,EXACT_NUMERIC_CODE,1.0
P_NUM_619031,619031,Delhi Metro Rail Phase V A,Ministry of Housing & Urban Affairs,Transport & Logistics,Delhi,Delhi Metro Rail Corporation Limited [DMRC],12014.91,2026-01-01,2028-12-01,deteriorating,EXACT_NUMERIC_CODE,1.0
P_NUM_619032,619032,JAYANT EXPN. [20 TO 38 MTPA],Ministry of Coal,Others,Madhya Pradesh,NCL - CIL,25560.48,2025-02-01,2032-03-01,deteriorating,EXACT_NUMERIC_CODE,1.0
P_NUM_619033,619033,"1000 seater Boys hostel, 500 seater Girls hostel, 1.5 MLD Sewage Treatment Plant",Ministry of Higher Education,Social & Commercial,Odisha,NIT Rourkela,198.97,2023-09-01,2026-06-01,severely_delayed,EXACT_NUMERIC_CODE,1.0
P_NUM_619038,619038,Construction/upgradation to 2-lane with paved shoulder from Design Km 95.55,Ministry of Road Transport & Highways,Transport & Logistics,"Jammu and, Kashmir",NHIDCL,497.09,2021-03-01,2023-02-01,severely_delayed,EXACT_NUMERIC_CODE,1.0
P_NUM_619039,619039,Balance Works of Rehabilitation and Up gradation of NH-43 New NH-30 from Krn,Ministry of Road Transport & Highways,Transport & Logistics,Chhattisgarh,MoRTH,307.96,2025-06-01,2028-06-01,deteriorating,EXACT_NUMERIC_CODE,1.0
P_NUM_619042,619042,"Construction of six lane Flyover at Katraj junction at Km, 3/880 of NH 548-DD",Ministry of Road Transport & Highways,Transport & Logistics,Maharashtra,MoRTH,163.51,2021-02-01,2026-02-01,healthy,EXACT_NUMERIC_CODE,1.0
P_NUM_619043,619043,Capacity Augmentation in the stretch of DhulePimpalgaon section of NH60 Km.,Ministry of Road Transport & Highways,Transport & Logistics,Maharashtra,NHAI,341.63,2025-12-01,2026-10-01,severely_delayed,EXACT_NUMERIC_CODE,1.0
P_NUM_619045,619045,Construction of New Double Tier 4L Elevated Corridor from Chennai Port to,Ministry of Road Transport & Highways,Transport & Logistics,Tamil Nadu,NHAI,1205.4,2023-03-01,2026-05-01,severely_delayed,EXACT_NUMERIC_CODE,1.0
P_NUM_619049,619049,Khavda IVA Power Transmission Limited,Ministry of Power,Energy,Gujarat,Adani Transmission Limited,4500.0,2024-08-01,2026-08-01,severely_delayed,EXACT_NUMERIC_CODE,1.0
P_NUM_619051,619051,"Nabinagar Super Thermal Power Project, Stage-II [3x800 MW]",Ministry of Power,Energy,Bihar,National Thermal Power Corporation [NTPC],29948.0,2024-11-01,2030-07-01,deteriorating,EXACT_NUMERIC_CODE,1.0
P_NUM_619052,619052,LUCKNOW METRO RAIL PROJECT PHASE-1B EAST WEST CORRIDOR,Ministry of Housing & Urban Affairs,Transport & Logistics,Uttar Pradesh,Uttar Pradesh metro rail corporation [UPMRC],5801.05,2025-09-01,2031-04-01,deteriorating,EXACT_NUMERIC_CODE,1.0
P_NUM_619053,619053,RPR FOR RAMPUR BATURA OCP,Ministry of Coal,Others,Madhya Pradesh,SECL - CIL,1604.69,2025-05-01,2030-03-01,deteriorating,EXACT_NUMERIC_CODE,1.0
P_NUM_619054,619054,Development of Keshod Airport.,Ministry of Civil Aviation,Transport & Logistics,Gujarat,Airport Authority of India [AAI],363.1,2024-01-01,2027-01-01,healthy,EXACT_NUMERIC_CODE,1.0
P_NUM_619055,619055,SAONER-III EXPN UG MINE 1.54,Ministry of Coal,Others,Maharashtra,WCL - CIL,444.42,2025-08-01,2032-03-01,deteriorating,EXACT_NUMERIC_CODE,1.0
P_NUM_619056,619056,"Darlipali Super Thermal Power Project, Stage-II [1x800 MW]",Ministry of Power,Energy,Odisha,National Thermal Power Corporation [NTPC],11131.0,2025-11-01,2031-01-01,deteriorating,EXACT_NUMERIC_CODE,1.0
P_NUM_619057,619057,Construction of 4-Lane Badarpur Bypass from Design Chainage km 27300 at crossing,Ministry of Road Transport & Highways,Transport & Logistics,Assam,NHIDCL,574.26,2023-02-01,2026-08-01,severely_delayed,EXACT_NUMERIC_CODE,1.0
P_NUM_619059,619059,Construction of 2-Lane with hard shoulders of Merangkong-Tamlu-Mon Road on EPC,Ministry of Road Transport & Highways,Transport & Logistics,Nagaland,NHIDCL,323.98,2018-03-01,2025-09-01,severely_delayed,EXACT_NUMERIC_CODE,1.0
P_NUM_619060,619060,Construction of Balance Work of 4-Laning of the Section from Jhanji to Demow of NH-,Ministry of Road Transport & Highways,Transport & Logistics,Assam,NHIDCL,344.71,2014-10-01,2025-09-01,severely_delayed,EXACT_NUMERIC_CODE,1.0
P_NUM_619061,619061,Construction of 4 lane with PS Idar-Badoli bypass section from design km 81/300 to,Ministry of Road Transport & Highways,Transport & Logistics,Gujarat,MoRTH,705.09,2025-03-01,2028-05-01,deteriorating,EXACT_NUMERIC_CODE,1.0
P_NUM_619063,619063,4L Greenfield spur from Delhi-Vadodara Greenfield expressway near Bandikui to,Ministry of Road Transport & Highways,Transport & Logistics,Rajasthan,National Highways Authority of India [NHAI],1636.15,2022-03-01,2024-11-01,severely_delayed,EXACT_NUMERIC_CODE,1.0
P_NUM_619064,619064,Vadodara Mumbai Expressway Talsari to Karvad Phase IB - Pkg X [Km 103.400 to,Ministry of Road Transport & Highways,Transport & Logistics,"Multi-States, (Dadra & Nagar, Haveli and Daman, & Diu, Gujarat,, Maharashtra)",NHAI,1909.74,2020-10-01,2024-03-01,severely_delayed,EXACT_NUMERIC_CODE,1.0
P_NUM_619065,619065,4L Expressway from Km 26.400 to km 53.500 of Malur to Bangarpet section of,Ministry of Road Transport & Highways,Transport & Logistics,Karnataka,NHAI,1745.0,2020-12-01,2023-09-01,severely_delayed,EXACT_NUMERIC_CODE,1.0
P_NUM_619066,619066,Delhi-Amritsar-Katra Expressway Phase-II Pkg-XIV from Junction with Pathankot-,Ministry of Road Transport & Highways,Transport & Logistics,"Multi-States, (Jammu and, Kashmir, Punjab)",NHAI,3044.02,2021-10-01,2024-09-01,severely_delayed,EXACT_NUMERIC_CODE,1.0
P_NUM_619067,619067,6L of Chiloda-Naroda section from Km. 540.595 to Km. 555.595 of NH-8Package-VII,Ministry of Road Transport & Highways,Transport & Logistics,Gujarat,National Highways Authority of India [NHAI],356.6,2016-11-01,2019-05-01,severely_delayed,EXACT_NUMERIC_CODE,1.0
P_NUM_619068,619068,Construction of Greenfield Connectivity to Jewar International Airport from DND-,Ministry of Road Transport & Highways,Transport & Logistics,"Multi-States, (Haryana, Uttar, Pradesh)",NHAI,2920.69,2022-07-01,2025-06-01,severely_delayed,EXACT_NUMERIC_CODE,1.0
P_NUM_619069,619069,Satara Km 725.000 to Pune Km 865.350 of NH - 4 New NH - 48 in Maharashtra,Ministry of Road Transport & Highways,Transport & Logistics,Maharashtra,NHAI,361.72,2009-09-01,2022-05-01,severely_delayed,EXACT_NUMERIC_CODE,1.0
P_NUM_619070,619070,Tumkur-Chitradurga,Ministry of Road Transport & Highways,Transport & Logistics,Karnataka,National Highways Authority of India [NHAI],839.0,2010-04-01,2013-12-01,severely_delayed,EXACT_NUMERIC_CODE,1.0
P_NUM_619071,619071,Tumkur - Nelamangala 6L,Ministry of Road Transport & Highways,Transport & Logistics,Karnataka,NHAI,2032.15,2021-03-01,2025-08-01,severely_delayed,EXACT_NUMERIC_CODE,1.0
P_NUM_619072,619072,Bangalore/TN border to Hoskote,Ministry of Road Transport & Highways,Transport & Logistics,Karnataka,NHAI,1181.68,2022-02-01,2025-02-01,severely_delayed,EXACT_NUMERIC_CODE,1.0
P_NUM_619073,619073,4L of 42.000 to km 80.00 of Dodaballapur Bypass to Hoskote section of NH-648 Old,Ministry of Road Transport & Highways,Transport & Logistics,Karnataka,NHAI,1317.74,2020-02-01,2023-02-01,severely_delayed,EXACT_NUMERIC_CODE,1.0
P_NUM_619074,619074,6-laning of Krishnagiri Km.0.000 to Walajahpet Km.148.300 section on NH-46 under,Ministry of Road Transport & Highways,Transport & Logistics,Tamil Nadu,NHAI,1673.17,2009-12-01,2013-12-01,severely_delayed,EXACT_NUMERIC_CODE,1.0
P_NUM_619075,619075,6L of Bhubaneswar - Jagatpur - Chandikhole Section of NH-16,Ministry of Road Transport & Highways,Transport & Logistics,Odisha,National Highways Authority of India [NHAI],639.3,2009-01-01,2014-06-01,severely_delayed,EXACT_NUMERIC_CODE,1.0
P_NUM_619076,619076,Six Laning of Vijayawada Bypass from Chinna Avutapalli to Gollapudi in Vijayawada -,Ministry of Road Transport & Highways,Transport & Logistics,Andhra Pradesh,NHAI,1581.24,2020-01-01,2023-02-01,severely_delayed,EXACT_NUMERIC_CODE,1.0
P_NUM_619077,619077,6 laning of Balance Work of Chennai - Tada from km. 21.40 to km. 54.40,Ministry of Road Transport & Highways,Transport & Logistics,"Multi-States, (Andhra Pradesh,, Tamil Nadu)",NHAI,464.62,2017-12-01,2020-03-01,severely_delayed,EXACT_NUMERIC_CODE,1.0
P_NUM_619078,619078,Six Laning of Bihar - Jharkhand Border Chordaha - Gorhar section of NH-2 from km,Ministry of Road Transport & Highways,Transport & Logistics,"Multi-States, (Bihar, Jharkhand)",NHAI,1772.7,2017-12-01,2021-11-01,severely_delayed,EXACT_NUMERIC_CODE,1.0
P_NUM_619080,619080,4L PS of Ambala Ring Road of New NH-44,Ministry of Road Transport & Highways,Transport & Logistics,Haryana,NHAI,1093.35,2023-02-01,2025-10-01,severely_delayed,EXACT_NUMERIC_CODE,1.0
P_NUM_619083,619083,Thumbipadi-Namakkal from km. 180.00 to km. 248.625 Package No. NS-2/BOT/TN-,Ministry of Road Transport & Highways,Transport & Logistics,Tamil Nadu,National Highways Authority of India [NHAI],255.53,2005-06-01,2009-02-01,severely_delayed,EXACT_NUMERIC_CODE,1.0
P_NUM_619084,619084,Start of Karur Bypass - Dindigul from km. 292.600 to km. 305.600 Contract Package,Ministry of Road Transport & Highways,Transport & Logistics,Tamil Nadu,National Highways Authority of India [NHAI],461.54,2005-08-01,2009-04-01,severely_delayed,EXACT_NUMERIC_CODE,1.0
P_NUM_619086,619086,Chengapalli km 102.035 to Neelambur Km144.680 and Madukkarai Km 170.880 to,Ministry of Road Transport & Highways,Transport & Logistics,Tamil Nadu,NHAI,1247.43,2009-10-01,2013-03-01,severely_delayed,EXACT_NUMERIC_CODE,1.0
P_NUM_619087,619087,Widening to 6L of Existing 4L Jetpur - Gondal - Rajkot Section from Km. 117.600 to,Ministry of Road Transport & Highways,Transport & Logistics,Gujarat,NHAI,2070.44,2022-03-01,2025-09-01,severely_delayed,EXACT_NUMERIC_CODE,1.0
P_NUM_619089,619089,Balance work of 4L of NarimbangloJatinga Junction- Harangajoroad section from Km,Ministry of Road Transport & Highways,Transport & Logistics,Assam,NHAI,1909.98,2022-03-01,2026-01-01,severely_delayed,EXACT_NUMERIC_CODE,1.0
P_NUM_619090,619090,8L of Dwarka Expressway Pkg-II RuB near Dwarka Sector 21-DL/HR Border from,Ministry of Road Transport & Highways,Transport & Logistics,Delhi,NHAI,2067.67,2018-01-01,2021-10-01,severely_delayed,EXACT_NUMERIC_CODE,1.0
P_NUM_619092,619092,4L of Jind-Gohana road Package-1 from km. 0.00 to km. 40.601 of NH-352 A under,Ministry of Road Transport & Highways,Transport & Logistics,Haryana,NHAI,994.22,2019-01-01,2022-07-01,severely_delayed,EXACT_NUMERIC_CODE,1.0
P_NUM_619093,619093,4L Ismailabad to Ambala Section of NH-152 Lot-4/Package-1,Ministry of Road Transport & Highways,Transport & Logistics,"Multi-States, (Haryana, Punjab)",NHAI,609.32,2023-02-01,2025-12-01,severely_delayed,EXACT_NUMERIC_CODE,1.0
P_NUM_619094,619094,Thorapalli - Agraharam - Jittandahalli Section from km 23.350 to km 60.100 [Hosur to,Ministry of Road Transport & Highways,Transport & Logistics,Tamil Nadu,NHAI,1243.57,2019-02-01,2023-12-01,severely_delayed,EXACT_NUMERIC_CODE,1.0
P_NUM_619095,619095,Balance works of 4L Panvel Indapur section of NH66 old NH17 from km 42.300 kasu,Ministry of Road Transport & Highways,Transport & Logistics,Maharashtra,NHAI,546.44,2022-06-01,2024-05-01,severely_delayed,EXACT_NUMERIC_CODE,1.0
P_NUM_619096,619096,Goa / Karnataka Km.93.700 to Kundapur Km.283.30,Ministry of Road Transport & Highways,Transport & Logistics,Karnataka,NHAI,1644.92,2012-07-01,2016-08-01,severely_delayed,EXACT_NUMERIC_CODE,1.0
P_NUM_619097,619097,Thalassery Mahe Bypass Km 170.600 to Km 189.200 of NH-17New NH-66 in Kerala,Ministry of Road Transport & Highways,Transport & Logistics,"Multi-States, (Kerala,, Puducherry)",NHAI,1181.12,2017-09-01,2020-05-01,severely_delayed,EXACT_NUMERIC_CODE,1.0
P_NUM_619098,619098,Kozhikode Bypass Calicut Bypass Vengalam Jn. to Ramanattukara Jn.,Ministry of Road Transport & Highways,Transport & Logistics,Kerala,NHAI,1424.77,2018-02-01,2023-02-01,severely_delayed,EXACT_NUMERIC_CODE,1.0
P_NUM_619099,619099,6L Amritsar-Bathinda Greenfield section from Jn. with Moga Jalandhar road NH-703,Ministry of Road Transport & Highways,Transport & Logistics,Punjab,NHAI,1801.37,2021-03-01,2026-06-01,severely_delayed,EXACT_NUMERIC_CODE,1.0
P_NUM_619100,619100,Dhangaon - Borgaon section km 81.000 to km 139.000 [Indore - Edlabad Pkg IV],Ministry of Road Transport & Highways,Transport & Logistics,Madhya Pradesh,NHAI,866.0,2020-01-01,2023-08-01,severely_delayed,EXACT_NUMERIC_CODE,1.0
P_NUM_619101,619101,4L Shahpur to Muktainagar from Km. 186.000 to km 216.278 of NH 753L Pkg II of,Ministry of Road Transport & Highways,Transport & Logistics,"Multi-States, (Madhya Pradesh,, Maharashtra)",NHAI,784.35,2022-12-01,2026-03-01,severely_delayed,EXACT_NUMERIC_CODE,1.0
P_NUM_619102,619102,4 L of China Orampadu-Renigunta section of NH-716 Package-II of Kadapa-,Ministry of Road Transport & Highways,Transport & Logistics,Andhra Pradesh,NHAI,1500.11,2022-12-01,2028-03-01,deteriorating,EXACT_NUMERIC_CODE,1.0
P_NUM_619103,619103,4/6 Laning of Raipur-Simga Pkg-I from km. 0.00 to km. 48.58,Ministry of Road Transport & Highways,Transport & Logistics,Chhattisgarh,NHAI,1096.52,2015-10-01,2018-04-01,severely_delayed,EXACT_NUMERIC_CODE,1.0
P_NUM_619104,619104,4L/2L PS of Govindpur Raiganj - Chas - WB border section of from km. 0.00 to km.,Ministry of Road Transport & Highways,Transport & Logistics,"Multi-States, (Jharkhand, West, Bengal)",National Highways Authority of India [NHAI],1139.65,2016-03-01,2019-12-01,healthy,EXACT_NUMERIC_CODE,1.0
P_NUM_619105,619105,6L Access Controlled Ludhiana-Bathinda Greenfield highway from Jn. with Moga-,Ministry of Road Transport & Highways,Transport & Logistics,Punjab,NHAI,1555.13,2021-07-01,2027-09-01,deteriorating,EXACT_NUMERIC_CODE,1.0
P_NUM_619106,619106,4 Lane with PS from Des. Ch 182.300 to Des. Ch. 228.500 of Belgaum-Hungund-,Ministry of Road Transport & Highways,Transport & Logistics,Karnataka,NHAI,1141.88,2023-03-01,2026-11-01,severely_delayed,EXACT_NUMERIC_CODE,1.0
P_NUM_619107,619107,4 Lane with PS from Des. Ch 136.100 to Des. Ch. 182.300 of Belgaum-Hungund-,Ministry of Road Transport & Highways,Transport & Logistics,Karnataka,NHAI,1311.41,2024-02-01,2027-09-01,severely_delayed,EXACT_NUMERIC_CODE,1.0
P_NUM_619108,619108,4 Lane with PS from Des. Ch 0.000 to Des. Ch. 43.800 of Belgaum-Hungund-Raichur,Ministry of Road Transport & Highways,Transport & Logistics,Karnataka,NHAI,1452.43,2024-02-01,2027-06-01,healthy,EXACT_NUMERIC_CODE,1.0
P_NUM_619109,619109,6L of Badakumari - Karki Section from Km 179.000 to km 226.500 of NH-130-CD,Ministry of Road Transport & Highways,Transport & Logistics,Odisha,NHAI,1101.76,2021-03-01,2024-04-01,severely_delayed,EXACT_NUMERIC_CODE,1.0
P_NUM_619111,619111,6L Jakkuva Korlam Section of NH-130CD Road from km 396.800 to km 421.100 Pkg,Ministry of Road Transport & Highways,Transport & Logistics,Andhra Pradesh,NHAI,840.51,2021-02-01,2024-03-01,severely_delayed,EXACT_NUMERIC_CODE,1.0
P_NUM_619112,619112,6L Kantakapalle Sabbavaram Section of NH-130CD Road from Km 445.100 to Km,Ministry of Road Transport & Highways,Transport & Logistics,Andhra Pradesh,NHAI,1012.57,2021-02-01,2024-10-01,severely_delayed,EXACT_NUMERIC_CODE,1.0
P_NUM_619113,619113,4L of Padalur - Trichy section from km. 285.00 to km. 325.00 of NH - 45 Pkg VI-C,Ministry of Road Transport & Highways,Transport & Logistics,Tamil Nadu,NHAI,555.8,2005-12-01,2009-05-01,severely_delayed,EXACT_NUMERIC_CODE,1.0
P_NUM_619114,619114,Indore - Harda Pkg-II [Raghavgarh to Nanasa from km. 29.30 to km. 92.30],Ministry of Road Transport & Highways,Transport & Logistics,Madhya Pradesh,NHAI,1081.51,2023-01-01,2026-03-01,severely_delayed,EXACT_NUMERIC_CODE,1.0
P_NUM_619115,619115,4L of Byrapura to Challakere Section from km 308.550 to km 358.500 of NH-150 A,Ministry of Road Transport & Highways,Transport & Logistics,Karnataka,National Highways Authority of India [NHAI],796.77,2018-03-01,2020-12-01,cost_escalating,EXACT_NUMERIC_CODE,1.0
P_NUM_619117,619117,Hassan km 184.912 to Maranahally km 230.060 of NH - 75 in Karnataka,Ministry of Road Transport & Highways,Transport & Logistics,Karnataka,NHAI,1021.57,2015-12-01,2019-03-01,severely_delayed,EXACT_NUMERIC_CODE,1.0
P_NUM_619118,619118,Four Laning of Angul to Sambalpur from Km.112.000 to Km.265.000,Ministry of Road Transport & Highways,Transport & Logistics,Odisha,NHAI,2510.04,2016-09-01,2019-08-01,severely_delayed,EXACT_NUMERIC_CODE,1.0
P_NUM_619119,619119,Cuttack-Angul Section of NH-42 New NH-55 from km 0.400 to km 60.200 Pkg-I in the,Ministry of Road Transport & Highways,Transport & Logistics,Odisha,NHAI,999.32,2017-10-01,2020-07-01,severely_delayed,EXACT_NUMERIC_CODE,1.0
P_NUM_619120,619120,Nidagatta-Mysore Pkg II,Ministry of Road Transport & Highways,Transport & Logistics,Karnataka,NHAI,2919.8,2018-02-01,2022-06-01,severely_delayed,EXACT_NUMERIC_CODE,1.0
P_NUM_619121,619121,4L of Hubli - Hospet Section of NH-63 from Km 128.850 to Km 272.571,Ministry of Road Transport & Highways,Transport & Logistics,Karnataka,National Highways Authority of India [NHAI],2531.99,2016-07-01,2020-03-01,severely_delayed,EXACT_NUMERIC_CODE,1.0
P_NUM_619122,619122,Akshardham - DL/UP Border Pkg-01,Ministry of Road Transport & Highways,Transport & Logistics,"Multi-States (Delhi,, Uttar Pradesh)",National Highways Authority of India [NHAI],1479.22,2020-09-01,2024-12-01,severely_delayed,EXACT_NUMERIC_CODE,1.0
P_NUM_619123,619123,6L Access Controlled Greenfield Highway from Narayanmpet Ch. 203500 to,Ministry of Road Transport & Highways,Transport & Logistics,Andhra Pradesh,NHAI,813.66,2023-02-01,2026-02-01,severely_delayed,EXACT_NUMERIC_CODE,1.0
P_NUM_619124,619124,6L Access Controlled Greenfield Highway from Polavaram Ch. 260000 to Marripudi,Ministry of Road Transport & Highways,Transport & Logistics,Andhra Pradesh,NHAI,747.29,2023-02-01,2026-02-01,severely_delayed,EXACT_NUMERIC_CODE,1.0
P_NUM_619125,619125,6L Access Controlled Greenfield Highway from Somavarappadu Ch.314.600 to,Ministry of Road Transport & Highways,Transport & Logistics,Andhra Pradesh,NHAI,1103.9,2023-02-01,2026-02-01,severely_delayed,EXACT_NUMERIC_CODE,1.0
P_NUM_619126,619126,6L Access Controlled Greenfield Highway from Marripudi Ch. 285500 to,Ministry of Road Transport & Highways,Transport & Logistics,Andhra Pradesh,NHAI,976.41,2023-02-01,2026-02-01,severely_delayed,EXACT_NUMERIC_CODE,1.0
P_NUM_619127,619127,4L of Greenfield Alignment from Km. 47.000 to Km. 89.210 of Balbhadarpur to Bela,Ministry of Road Transport & Highways,Transport & Logistics,Bihar,NHAI,2185.75,2022-03-01,2026-03-01,severely_delayed,EXACT_NUMERIC_CODE,1.0
P_NUM_619128,619128,Khammam-Devarapalle Pkg II [4L Access Controlled Greenfield from Somavaram,Ministry of Road Transport & Highways,Transport & Logistics,Telangana,NHAI,615.78,2021-01-01,2024-09-01,severely_delayed,EXACT_NUMERIC_CODE,1.0
P_NUM_619129,619129,Mahabalipuram - Pondicherry Pkg-I [Mamallapuram to Mugaiyur],Ministry of Road Transport & Highways,Transport & Logistics,Tamil Nadu,NHAI,1360.54,2019-02-01,2024-05-01,severely_delayed,EXACT_NUMERIC_CODE,1.0
P_NUM_619130,619130,Mahabalipuram - Pondicherry Pkg-II [Mugaiyur to Marakkanam],Ministry of Road Transport & Highways,Transport & Logistics,Tamil Nadu,NHAI,1116.13,2019-02-01,2025-12-01,severely_delayed,EXACT_NUMERIC_CODE,1.0
P_NUM_619131,619131,Four Laning of Chettikulam to Natham section of NH-785,Ministry of Road Transport & Highways,Transport & Logistics,Tamil Nadu,NHAI,837.61,2018-03-01,2020-11-01,severely_delayed,EXACT_NUMERIC_CODE,1.0
P_NUM_619132,619132,4/6L of Gurgaon - Pataudi - Rewari from km. 0.00 to km.43.87 of NH-352W,Ministry of Road Transport & Highways,Transport & Logistics,Haryana,NHAI,1810.04,2020-05-01,2023-11-01,severely_delayed,EXACT_NUMERIC_CODE,1.0
P_NUM_619134,619134,6L of Ambala-Chandigarh greenfield section from Km. 0.000 to Km. 25.000 with 4L,Ministry of Road Transport & Highways,Transport & Logistics,"Multi-States, (Haryana, Punjab)",NHAI,1641.66,2022-03-01,2025-10-01,severely_delayed,EXACT_NUMERIC_CODE,1.0
P_NUM_619136,619136,Rehabilitation and Upgradation of Chorma - Bairgania Section of National Highway,Ministry of Road Transport & Highways,Transport & Logistics,Bihar,NHAI,610.78,2022-06-01,2026-01-01,severely_delayed,EXACT_NUMERIC_CODE,1.0
P_NUM_619137,619137,4L of Dwarka-Khambaliya-Devariya section from km 203.500 to km 176.500 and from,Ministry of Road Transport & Highways,Transport & Logistics,Gujarat,National Highways Authority of India [NHAI],1024.69,2019-01-01,2022-08-01,severely_delayed,EXACT_NUMERIC_CODE,1.0
P_NUM_619138,619138,Yekkambi-Haveri,Ministry of Road Transport & Highways,Transport & Logistics,Karnataka,NHAI,294.62,2021-09-01,2024-03-01,severely_delayed,EXACT_NUMERIC_CODE,1.0
P_NUM_619139,619139,Construction of New Double Tier 4L Elevated Corridor from Chennai Port to,Ministry of Road Transport & Highways,Transport & Logistics,Tamil Nadu,NHAI,1299.36,2023-03-01,2026-05-01,severely_delayed,EXACT_NUMERIC_CODE,1.0
P_NUM_619140,619140,6L of Naidupeta Junction - Turpukanupur Section from km 57.046 to km 91.927,Ministry of Road Transport & Highways,Transport & Logistics,Andhra Pradesh,NHAI,1398.84,2022-08-01,2025-10-01,severely_delayed,EXACT_NUMERIC_CODE,1.0
P_NUM_619141,619141,Construction of four lane access controlled highway from Chillakuru cross road to,Ministry of Road Transport & Highways,Transport & Logistics,Andhra Pradesh,NHAI,864.2,2022-08-01,2025-12-01,healthy,EXACT_NUMERIC_CODE,1.0
P_NUM_619142,619142,Construction of 4-lane connectivity to Banbasa ICP at India Nepal border from NH-09,Ministry of Road Transport & Highways,Transport & Logistics,Uttarakhand,NHAI,216.97,2022-06-01,2024-09-01,severely_delayed,EXACT_NUMERIC_CODE,1.0
P_NUM_619143,619143,4L Access Controlled Greenfield Highway section on NH-163G Khammam,Ministry of Road Transport & Highways,Transport & Logistics,"Multi-States, (Andhra Pradesh,, Telangana)",NHAI,826.01,2023-03-01,2027-03-01,deteriorating,EXACT_NUMERIC_CODE,1.0
P_NUM_619144,619144,Hospet - Chitradurga from km. 299.00 to km. 418.750,Ministry of Road Transport & Highways,Transport & Logistics,Karnataka,National Highways Authority of India [NHAI],1519.72,2015-03-01,2018-08-01,severely_delayed,EXACT_NUMERIC_CODE,1.0
P_NUM_619145,619145,Four Laning of Una to Kodinar from km. 180.478 to km. 221.610 Package-V,Ministry of Road Transport & Highways,Transport & Logistics,Gujarat,NHAI,877.71,2016-02-01,2019-08-01,severely_delayed,EXACT_NUMERIC_CODE,1.0
P_NUM_619146,619146,Kagvadar - Una Package-IV,Ministry of Road Transport & Highways,Transport & Logistics,Gujarat,NHAI,750.53,2016-02-01,2019-09-01,severely_delayed,EXACT_NUMERIC_CODE,1.0
P_NUM_619147,619147,4L of Bal Works of Mahuva to Kagvadar from 100.450 Km. to 140.470 Km. of NH-8E,Ministry of Road Transport & Highways,Transport & Logistics,Gujarat,National Highways Authority of India [NHAI],603.08,2020-08-01,2022-09-01,severely_delayed,EXACT_NUMERIC_CODE,1.0
P_NUM_619148,619148,4L of Bhavnagar - Talaja Package-I from Km. 6.945 to Km. 54.990 of Old NH-8E,Ministry of Road Transport & Highways,Transport & Logistics,Gujarat,National Highways Authority of India [NHAI],1185.66,2016-03-01,2019-08-01,healthy,EXACT_NUMERIC_CODE,1.0
P_NUM_619149,619149,4L of Ratnagiri - Kolhapur section of NH-166 from km 0.000 to km 19.769 and km,Ministry of Road Transport & Highways,Transport & Logistics,Maharashtra,NHAI,1774.03,2022-02-01,2024-11-01,severely_delayed,EXACT_NUMERIC_CODE,1.0
P_NUM_619150,619150,BRT Tiger Reserve Boundary Km.287.500 to Bangalore Section Km.458.420 of NH-,Ministry of Road Transport & Highways,Transport & Logistics,Karnataka,NHAI,2082.69,2016-04-01,2019-08-01,severely_delayed,EXACT_NUMERIC_CODE,1.0
P_NUM_619152,619152,Bakhtiyarpur Km 153.300 to Mokama Km 197.900,Ministry of Road Transport & Highways,Transport & Logistics,Bihar,NHAI,1898.84,2015-12-01,2019-12-01,severely_delayed,EXACT_NUMERIC_CODE,1.0
P_NUM_619153,619153,4L of HP/Punjab Border - Mo from km. 11.00 to km. 42.00 of Old NH-20 New NH-154,Ministry of Road Transport & Highways,Transport & Logistics,Himachal Pradesh,NHAI,1002.11,2021-03-01,2024-05-01,severely_delayed,EXACT_NUMERIC_CODE,1.0
P_NUM_619154,619154,Construction of Four Lane Highway from Ghazipur- Ballia-UP/Bihar State Border,Ministry of Road Transport & Highways,Transport & Logistics,"Multi-States, (Bihar, Uttar, Pradesh)",NHAI,1493.5,2022-10-01,2025-08-01,severely_delayed,EXACT_NUMERIC_CODE,1.0
P_NUM_619155,619155,Upgradation and 4L of Haridwar Bypass from Km 0.000 Km 188.100 of NH-58 to Km.,Ministry of Road Transport & Highways,Transport & Logistics,Uttarakhand,NHAI,1602.89,2021-11-01,2024-10-01,severely_delayed,EXACT_NUMERIC_CODE,1.0
P_NUM_619156,619156,4 Laning of Paramakudi to Ramanathapuram Section of NH-87 Old NH-49,Ministry of Road Transport & Highways,Transport & Logistics,Tamil Nadu,NHAI,1853.16,2025-07-01,2028-05-01,deteriorating,EXACT_NUMERIC_CODE,1.0
P_NUM_619157,619157,4 Laning of Talcher to end of Kamakhyanagar Bypass km 8.844 - km 15.725 of NH-,Ministry of Road Transport & Highways,Transport & Logistics,Odisha,NHAI,795.18,2018-01-01,2021-08-01,severely_delayed,EXACT_NUMERIC_CODE,1.0
P_NUM_619158,619158,4 Laning of Duburi Chandikhole from km 388.376 to km 428.074 Pkg-III,Ministry of Road Transport & Highways,Transport & Logistics,Odisha,NHAI,789.0,2018-01-01,2022-08-01,severely_delayed,EXACT_NUMERIC_CODE,1.0
P_NUM_619160,619160,Balance works in AP Portion and punch list items in TN & AP portion of NH-205,Ministry of Road Transport & Highways,Transport & Logistics,Andhra Pradesh,NHAI,166.52,2022-10-01,2025-01-01,severely_delayed,EXACT_NUMERIC_CODE,1.0
P_NUM_619161,619161,Access Controlled Highway of 4 Lane with Paved Shoulders from Tiruvallur Design,Ministry of Road Transport & Highways,Transport & Logistics,Tamil Nadu,NHAI,1376.1,2024-03-01,2026-12-01,healthy,EXACT_NUMERIC_CODE,1.0
P_NUM_619162,619162,4L of Najibabad Bypass from Km. 105.423 to Km. 118.373 excluding 2.45 Km. of NH-,Ministry of Road Transport & Highways,Transport & Logistics,Uttar Pradesh,NHAI,578.02,2022-01-01,2024-06-01,severely_delayed,EXACT_NUMERIC_CODE,1.0
P_NUM_619163,619163,4L of Baramati to Indapur Pkg-II from km. 41.400 to km. 84.550 of NH-965G Saint,Ministry of Road Transport & Highways,Transport & Logistics,Maharashtra,NHAI,1471.32,2021-01-01,2023-09-01,severely_delayed,EXACT_NUMERIC_CODE,1.0
P_NUM_619164,619164,Belgaum-Khanapur Pkg I Km 0.000-Km 30.800 of NH-4A,Ministry of Road Transport & Highways,Transport & Logistics,Karnataka,NHAI,1214.3,2018-03-01,2021-09-01,severely_delayed,EXACT_NUMERIC_CODE,1.0
P_NUM_619165,619165,Thanamcherla-Jamandlapally 2LPS,Ministry of Road Transport & Highways,Transport & Logistics,Telangana,NHAI,177.18,2013-11-01,2023-02-01,severely_delayed,EXACT_NUMERIC_CODE,1.0
P_NUM_619166,619166,Umagaon-Saharsa Package-V Bakaur-Parsarma-Bangaon-Bariyahi & Spur to Mahishi,Ministry of Road Transport & Highways,Transport & Logistics,Bihar,NHAI,768.35,2022-10-01,2025-12-01,severely_delayed,EXACT_NUMERIC_CODE,1.0
P_NUM_619167,619167,4 Laning with PS of Pathrapalli-Katghora km 53.3 to km 92.6 Pkg-II of Bilaspur,Ministry of Road Transport & Highways,Transport & Logistics,Chhattisgarh,NHAI,865.1,2019-12-01,2022-12-01,severely_delayed,EXACT_NUMERIC_CODE,1.0
P_NUM_619168,619168,6L access controlled Greenfield highway of Junction of EPE Vill.-Mavikalan to Vill.-,Ministry of Road Transport & Highways,Transport & Logistics,Uttar Pradesh,NHAI,1602.48,2021-03-01,2024-09-01,severely_delayed,EXACT_NUMERIC_CODE,1.0
P_NUM_619171,619171,RPR FOR DURGAPUR OCP 10 MTY,Ministry of Coal,Others,Chhattisgarh,SECL - CIL,2415.91,2025-09-01,2032-03-01,deteriorating,EXACT_NUMERIC_CODE,1.0
P_NUM_619172,619172,MADANNAGAR OCP 12 MTY - MDO,Ministry of Coal,Others,Chhattisgarh,SECL - CIL,1859.19,2024-12-01,2033-03-01,deteriorating,EXACT_NUMERIC_CODE,1.0
P_NUM_619181,619181,Rehabilitation and Up gradation from 4 to 8 laning of Chandikhole Paradip Section of,Ministry of Road Transport & Highways,Transport & Logistics,Odisha,NHAI,882.45,2023-03-01,2026-10-01,severely_delayed,EXACT_NUMERIC_CODE,1.0
P_NUM_619183,619183,Widening of Existing Road from Intermediate Lane 2-lane to 4-lane Between Km,Ministry of Road Transport & Highways,Transport & Logistics,"Dadra & Nagar, Haveli and Daman, & Diu",MoRTH,198.06,2022-10-01,2026-06-01,cost_escalating,EXACT_NUMERIC_CODE,1.0
P_NUM_619184,619184,Rehabilitation and up-gradation and completion of balance works of the section from,Ministry of Road Transport & Highways,Transport & Logistics,"Andaman &, Nicobar",NHIDCL,207.45,2018-02-01,2025-09-01,severely_delayed,EXACT_NUMERIC_CODE,1.0
P_NUM_619185,619185,Rehabilitation and up-gradation and completion of balance work of section from Km,Ministry of Road Transport & Highways,Transport & Logistics,"Andaman &, Nicobar",NHIDCL,183.56,2018-02-01,2025-10-01,severely_delayed,EXACT_NUMERIC_CODE,1.0
P_NUM_619186,619186,Construction of Balance works of Major Bridge over Middle Strait Creek between,Ministry of Road Transport & Highways,Transport & Logistics,"Andaman &, Nicobar",NHIDCL,262.96,2015-03-01,2026-02-01,severely_delayed,EXACT_NUMERIC_CODE,1.0
P_NUM_619187,619187,Slope protection and landslide mitigation at 4 vulnerable locations km 1.950 to Km,Ministry of Road Transport & Highways,Transport & Logistics,West Bengal,NHIDCL,152.27,2024-02-01,2027-06-01,healthy,EXACT_NUMERIC_CODE,1.0
P_NUM_619191,619191,Kanpur LPG Bottling Plant,Ministry of Petroleum & Natural Gas,Energy,Uttar Pradesh,Bharat Petroleum Corporation Limited [BPCL],202.0,2025-09-01,2027-09-01,healthy,EXACT_NUMERIC_CODE,1.0
P_NUM_619193,619193,Rehabilitation and upgradation of NH-221 from km 121/0 to 165/0 Rudrampur to,Ministry of Road Transport & Highways,Transport & Logistics,Telangana,MoRTH,295.47,2015-01-01,2017-02-01,severely_delayed,EXACT_NUMERIC_CODE,1.0
P_NUM_619194,619194,Construction of Four Lane Gola Flyover at Km 99.850 of NH 730 Major Junction with,Ministry of Road Transport & Highways,Transport & Logistics,Uttar Pradesh,MoRTH,168.05,2025-03-01,2027-10-01,deteriorating,EXACT_NUMERIC_CODE,1.0
P_NUM_619196,619196,Change of service of existing Mundra-Panipat Pipeline [Panipat - Churwa section],Ministry of Petroleum & Natural Gas,Energy,"Multi-States, (Gujarat, Haryana,, Rajasthan)",Indian Oil Corporation Limited [IOCL],359.0,2025-05-01,2027-04-01,healthy,EXACT_NUMERIC_CODE,1.0
P_NUM_619197,619197,Delhi-Vadodara Greenfield Alignment NH-148N Pkg-27 Ch.729.700 to Ch.756.052,Ministry of Road Transport & Highways,Transport & Logistics,Gujarat,NHAI,1185.69,2020-09-01,2024-02-01,severely_delayed,EXACT_NUMERIC_CODE,1.0
P_NUM_619198,619198,Vadodara Mumbai Expressway Phase II - Pkg XII [Km. 50.700 to Km. 77.000] Masvan,Ministry of Road Transport & Highways,Transport & Logistics,Maharashtra,NHAI,1711.38,2020-08-01,2024-03-01,severely_delayed,EXACT_NUMERIC_CODE,1.0
P_NUM_619199,619199,Bangalore Chennai Expressway Phase-II Pkg-I from km.71.000 to Km 96.000,Ministry of Road Transport & Highways,Transport & Logistics,"Multi-States, (Andhra Pradesh,, Karnataka)",NHAI,1410.01,2020-12-01,2024-10-01,severely_delayed,EXACT_NUMERIC_CODE,1.0
P_NUM_619200,619200,Delhi-Amritsar-Katra Expressway Phase-I Spur-III from Junction with Amritsar-,Ministry of Road Transport & Highways,Transport & Logistics,Punjab,NHAI,1641.75,2021-03-01,2024-10-01,severely_delayed,EXACT_NUMERIC_CODE,1.0
P_NUM_619201,619201,Karnal ring road Lot-4/Pkg-1,Ministry of Road Transport & Highways,Transport & Logistics,Haryana,NHAI,1741.45,2022-11-01,2025-08-01,severely_delayed,EXACT_NUMERIC_CODE,1.0
P_NUM_619202,619202,Dwarka Expressway from Km -0.600 to Km 5.300 - Pkg-I Shivmurti Chowk-RuB near,Ministry of Road Transport & Highways,Transport & Logistics,Delhi,NHAI,2144.67,2018-03-01,2022-09-01,severely_delayed,EXACT_NUMERIC_CODE,1.0
P_NUM_619203,619203,Vadape to Thane from km 539.202 to km 563.000 section of NH-3 new NH-848,Ministry of Road Transport & Highways,Transport & Logistics,Maharashtra,NHAI,1252.92,2018-03-01,2021-07-01,severely_delayed,EXACT_NUMERIC_CODE,1.0
P_NUM_619204,619204,Capacity Augmentation in the stretch of Pimpri Sado Vadape section of NH848 Km.,Ministry of Road Transport & Highways,Transport & Logistics,Maharashtra,NHAI,372.03,2025-12-01,2027-10-01,deteriorating,EXACT_NUMERIC_CODE,1.0
P_NUM_619205,619205,Six Laning of KT/KL Border Thalapaddy -Chengala from Km. 17.200 to Km. 57.20,Ministry of Road Transport & Highways,Transport & Logistics,"Multi-States, (Karnataka,, Kerala)",NHAI,1981.07,2020-05-01,2024-05-01,severely_delayed,EXACT_NUMERIC_CODE,1.0
P_NUM_619206,619206,6L of Perole Nileshwar town to Taliparamba from Km 94.248 to Km 134.650 of NH-66,Ministry of Road Transport & Highways,Transport & Logistics,Kerala,NHAI,3041.65,2020-06-01,2024-01-01,severely_delayed,EXACT_NUMERIC_CODE,1.0
P_NUM_619207,619207,Start of Kollam Bypass - Kadambattukonam,Ministry of Road Transport & Highways,Transport & Logistics,Kerala,NHAI,2641.37,2021-06-01,2025-03-01,severely_delayed,EXACT_NUMERIC_CODE,1.0
P_NUM_619208,619208,Kadambattukonam-Kazhakuttom,Ministry of Road Transport & Highways,Transport & Logistics,Kerala,NHAI,3635.64,2021-12-01,2025-01-01,severely_delayed,EXACT_NUMERIC_CODE,1.0
P_NUM_619209,619209,4L of existing 2/4L stretch from Lonand to Dive Ghat Km 166.400 to Km 220.900 of,Ministry of Road Transport & Highways,Transport & Logistics,Maharashtra,National Highways Authority of India [NHAI],1709.56,2021-10-01,2024-05-01,severely_delayed,EXACT_NUMERIC_CODE,1.0
P_NUM_619210,619210,Dharampuri-Lonand from km. 117.00 to 166.40 Pkg-IV on Mohol-Alandi Section,Ministry of Road Transport & Highways,Transport & Logistics,Maharashtra,NHAI,1411.71,2021-01-01,2023-09-01,severely_delayed,EXACT_NUMERIC_CODE,1.0
P_NUM_619211,619211,6L of MH/KN Border Nimbal Village to KN/TS Border Singnodi Village from Km.,Ministry of Road Transport & Highways,Transport & Logistics,Karnataka,NHAI,2104.7,2022-03-01,2025-10-01,severely_delayed,EXACT_NUMERIC_CODE,1.0
P_NUM_619212,619212,6L Access Controlled Greenfield Highway of Julekal village to Dinnedevarapadu,Ministry of Road Transport & Highways,Transport & Logistics,"Multi-States, (Andhra Pradesh,, Telangana)",NHAI,1227.57,2022-01-01,2025-01-01,severely_delayed,EXACT_NUMERIC_CODE,1.0
P_NUM_619213,619213,6L of Hatibena - Badakumari Section from Km 146.50 to km 179.00 of NH-130-CD,Ministry of Road Transport & Highways,Transport & Logistics,Odisha,NHAI,791.17,2021-02-01,2024-03-01,severely_delayed,EXACT_NUMERIC_CODE,1.0
P_NUM_619214,619214,4L of Channarayapatna Bypass and Hassan Bypass with structures in Devihalli -,Ministry of Road Transport & Highways,Transport & Logistics,Karnataka,NHAI,688.0,2020-04-01,2023-01-01,severely_delayed,EXACT_NUMERIC_CODE,1.0
P_NUM_619215,619215,Cuttack-Angul Section of NH-42 New NH-55 from Km.60.200 to Km. 112.000 Pkg-II in,Ministry of Road Transport & Highways,Transport & Logistics,Odisha,NHAI,991.41,2017-10-01,2020-09-01,severely_delayed,EXACT_NUMERIC_CODE,1.0
P_NUM_619216,619216,6L access Controlled Greenfield Highway from Adhoya Musalmana to Sadopur,Ministry of Road Transport & Highways,Transport & Logistics,"Multi-States, (Haryana, Punjab)",NHAI,1491.72,2022-05-01,2025-05-01,severely_delayed,EXACT_NUMERIC_CODE,1.0
P_NUM_619217,619217,4L of Haridwar-Nagina section from km. 0.00 to km. 71.614 of NH-74,Ministry of Road Transport & Highways,Transport & Logistics,"Multi-States (Uttar, Pradesh,, Uttarakhand)",NHAI,1659.12,2015-12-01,2020-07-01,severely_delayed,EXACT_NUMERIC_CODE,1.0
P_NUM_619218,619218,4L Tumkur-Shimoga Pkg-I from Mallasandra to Karadi village of NH-206 from Km.,Ministry of Road Transport & Highways,Transport & Logistics,Karnataka,NHAI,1364.14,2018-02-01,2021-10-01,severely_delayed,EXACT_NUMERIC_CODE,1.0
P_NUM_619219,619219,4L of Tumkur-Shimoga Pkg-II from Km 65.195 Karadi to Km 121.900 Banawara of,Ministry of Road Transport & Highways,Transport & Logistics,Karnataka,NHAI,1505.85,2018-02-01,2021-10-01,severely_delayed,EXACT_NUMERIC_CODE,1.0
P_NUM_619220,619220,Tumkur-Shimoga Pkg-III from Km 121.900 Banawara to Km 170.415 Bettadahalli of,Ministry of Road Transport & Highways,Transport & Logistics,Karnataka,NHAI,1444.5,2018-02-01,2023-03-01,severely_delayed,EXACT_NUMERIC_CODE,1.0
P_NUM_619221,619221,Realignment of Rudrapur-Kathgodam Section of NH-87 New NH-109 From Design,Ministry of Road Transport & Highways,Transport & Logistics,Uttarakhand,NHAI,252.97,2025-08-01,2027-09-01,deteriorating,EXACT_NUMERIC_CODE,1.0
P_NUM_619222,619222,Balance works of four lane from km 43.950 Thiruvallur Bypass to km 61.470,Ministry of Road Transport & Highways,Transport & Logistics,Tamil Nadu,NHAI,467.99,2022-03-01,2024-09-01,severely_delayed,EXACT_NUMERIC_CODE,1.0
P_NUM_619223,619223,Petro Resid Fluidized Catalytic Cracking [PRFCC] Unit and its associated facilities at,Ministry of Petroleum & Natural Gas,Energy,Maharashtra,Bharat Petroleum Corporation Limited [BPCL],13626.0,2025-05-01,2029-09-01,deteriorating,EXACT_NUMERIC_CODE,1.0
P_NUM_619224,619224,Augmentation of DUPL-DPPL Pipeline,Ministry of Petroleum & Natural Gas,Energy,Maharashtra,Gas Authority of India Limited [GAIL],844.0,2025-06-01,2028-03-01,deteriorating,EXACT_NUMERIC_CODE,1.0
P_NUM_619225,619225,Installation of Compression facility at GAIL Usar,Ministry of Petroleum & Natural Gas,Energy,Maharashtra,Gas Authority of India Limited [GAIL],260.2,2025-04-01,2027-04-01,deteriorating,EXACT_NUMERIC_CODE,1.0
P_NUM_619226,619226,Provision of four bitumen tanks with capacity of 5 TMT each at Visakh Refinery,Ministry of Petroleum & Natural Gas,Energy,Andhra Pradesh,Hindustan Petroleum Corporation Limited,258.34,2025-09-01,2028-03-01,deteriorating,EXACT_NUMERIC_CODE,1.0
P_NUM_619227,619227,Network Expansion Scheme in Maharashtra for removal of Transmission constraints in,Ministry of Power,Energy,Maharashtra,Power Grid Corporation of India Limited [POWERGRID],1420.0,2026-03-01,2028-03-01,deteriorating,EXACT_NUMERIC_CODE,1.0
P_NUM_619228,619228,Transmission System Strengthening for integration of additional RE Potential at,Ministry of Power,Energy,Karnataka,Power Grid Corporation of India Limited [POWERGRID],1111.0,2026-02-01,2028-02-01,deteriorating,EXACT_NUMERIC_CODE,1.0
P_NUM_619229,619229,Integrated development of Outer Container Terminal and berth No. 1 though 5 NSD at,Ministry of Road Transport & Highways,Transport & Logistics,West Bengal,Syama Prasad Mookerjee Port Kolkata,832.25,2025-03-01,2028-08-01,deteriorating,EXACT_NUMERIC_CODE,1.0
P_NUM_619248,619248,lmprovement and Widening to 2-lane with Paved Shoulder of NH-13 & 15 Old NH-52,Ministry of Road Transport & Highways,Transport & Logistics,Arunachal Pradesh,NHIDCL,441.41,2023-12-01,2028-06-01,deteriorating,EXACT_NUMERIC_CODE,1.0
P_NUM_619251,619251,Construction of two lane with paved shoulder of Ghatol Bypass from km 133.250 to,Ministry of Road Transport & Highways,Transport & Logistics,Rajasthan,MoRTH,170.49,2025-03-01,2027-09-01,deteriorating,EXACT_NUMERIC_CODE,1.0
P_NUM_619253,619253,Construction of 4 lane Bypass to Nalgonda Town lrorn Km 000 Existing Ch. 181590 to,Ministry of Road Transport & Highways,Transport & Logistics,Telangana,MoRTH,516.17,2024-10-01,2027-10-01,healthy,EXACT_NUMERIC_CODE,1.0
P_NUM_619265,619265,Rehabilitation & Upgradation of Thorrur to Nehru Nagar section to Two Lane with,Ministry of Road Transport & Highways,Transport & Logistics,Telangana,MoRTH,675.45,2025-01-01,2028-07-01,deteriorating,EXACT_NUMERIC_CODE,1.0
P_NUM_619270,619270,Upgradation of 6 laned Jaipur- Kishangarh section of NH-48 from km 274100 to,Ministry of Road Transport & Highways,Transport & Logistics,Rajasthan,NHAI,910.91,2026-03-01,2029-01-01,deteriorating,EXACT_NUMERIC_CODE,1.0
P_NUM_619271,619271,Construction of Elevated Corridor at Kherwara Town on Udaipur Ratanpur Shamlaji,Ministry of Road Transport & Highways,Transport & Logistics,Rajasthan,NHAI,363.89,2026-03-01,2029-01-01,deteriorating,EXACT_NUMERIC_CODE,1.0
P_NUM_619289,619289,4L of Munger Mirzachauki section from Munger to Kharia village junction from Km,Ministry of Road Transport & Highways,Transport & Logistics,Bihar,NHAI,1659.81,2021-01-01,2024-03-01,severely_delayed,EXACT_NUMERIC_CODE,1.0
P_NUM_619291,619291,4L Poanta SahebMednipur from Km. 435.65 to km. 458.65 of NH-07Pkg-1,Ministry of Road Transport & Highways,Transport & Logistics,"Multi-States, (Himachal, Pradesh,, Uttarakhand)",NHAI,524.54,2022-03-01,2025-05-01,severely_delayed,EXACT_NUMERIC_CODE,1.0
P_NUM_619292,619292,4L Medinipur to Ballupur from Km. 458.65 to Km. 487.65 of NH-07Pkg-2,Ministry of Road Transport & Highways,Transport & Logistics,Uttarakhand,NHAI,1092.9,2022-03-01,2025-02-01,severely_delayed,EXACT_NUMERIC_CODE,1.0
P_NUM_619293,619293,Construction of 4 Lane Access Controlled Bypass for Dehradun on NH307 from,Ministry of Road Transport & Highways,Transport & Logistics,Uttarakhand,NHAI,715.97,2023-12-01,2027-04-01,healthy,EXACT_NUMERIC_CODE,1.0
P_NUM_619294,619294,Road Safety Improvement of existing four lane section of Dehradun-Lal Tappar-Nepali,Ministry of Road Transport & Highways,Transport & Logistics,Uttarakhand,NHAI,720.67,2025-05-01,2028-08-01,deteriorating,EXACT_NUMERIC_CODE,1.0
P_NUM_619295,619295,Four/Six laning of Bhaniyawala-Jollygrant-Rishikesh spur section of NH-07 from Km.,Ministry of Road Transport & Highways,Transport & Logistics,Uttarakhand,NHAI,742.43,2023-02-01,2027-11-01,deteriorating,EXACT_NUMERIC_CODE,1.0
P_NUM_619297,619297,Upgradation of Existing Two Lane Carriageway to Two Lane Carriageway with Paved,Ministry of Road Transport & Highways,Transport & Logistics,Gujarat,NHAI,647.2,2026-02-01,2028-07-01,deteriorating,EXACT_NUMERIC_CODE,1.0
P_NUM_619298,619298,Construction of 6 Lane Elevated corridor from KM 612582 to KM 617540 including,Ministry of Road Transport & Highways,Transport & Logistics,Maharashtra,NHAI,1039.0,2026-02-01,2029-06-01,deteriorating,EXACT_NUMERIC_CODE,1.0
P_NUM_619299,619299,Construction of a 6-Lane Elevated Corridor from Km 593766 to Km 596620 Including,Ministry of Road Transport & Highways,Transport & Logistics,Maharashtra,NHAI,357.99,2026-03-01,2028-06-01,deteriorating,EXACT_NUMERIC_CODE,1.0
P_NUM_619300,619300,Construction of Four Lane Nagpur-Katol section of NH-353J including Mitigation,Ministry of Road Transport & Highways,Transport & Logistics,Maharashtra,NHAI,300.68,2026-01-01,2027-12-01,deteriorating,EXACT_NUMERIC_CODE,1.0
P_NUM_619301,619301,Construction of Approach Road to Rail-cum- Road Bridge across river Ganga at,Ministry of Road Transport & Highways,Transport & Logistics,Bihar,NHAI,537.88,2013-07-01,2021-05-01,severely_delayed,EXACT_NUMERIC_CODE,1.0
P_NUM_619305,619305,4L of Munger Mirzachauki section from start of existing Bhagalpur bypass to Rasulpur,Ministry of Road Transport & Highways,Transport & Logistics,Bihar,NHAI,1769.5,2021-01-01,2024-04-01,severely_delayed,EXACT_NUMERIC_CODE,1.0
P_NUM_619306,619306,4L of Munger Mirzachauki section from Km 95580 to Km 125000 Pkg-2,Ministry of Road Transport & Highways,Transport & Logistics,Bihar,NHAI,1020.84,2021-02-01,2024-03-01,severely_delayed,EXACT_NUMERIC_CODE,1.0
P_NUM_619307,619307,4L of Munger Mirzachauki section from Km 157350 to Km 193931 Pkg-4,Ministry of Road Transport & Highways,Transport & Logistics,"Multi-States, (Bihar, Jharkhand)",NHAI,1376.56,2021-02-01,2024-08-01,severely_delayed,EXACT_NUMERIC_CODE,1.0
P_NUM_619308,619308,6L access-controlled highway from Ganeshpur tonear Mohand of Ganeshpur,Ministry of Road Transport & Highways,Transport & Logistics,Uttar Pradesh,NHAI,836.24,2020-11-01,2023-10-01,severely_delayed,EXACT_NUMERIC_CODE,1.0
P_NUM_619311,619311,Kalai-II Hydro Electric Project [1200 MW],Ministry of Power,Energy,Arunachal Pradesh,THDC India Limited,14105.83,2026-04-01,2032-10-01,deteriorating,EXACT_NUMERIC_CODE,1.0
P_NUM_619312,619312,Bulk Loading Hub- Kanpur,Ministry of Petroleum & Natural Gas,Energy,Uttar Pradesh,Bharat Petroleum Corporation Limited [BPCL],186.0,2025-09-01,2027-09-01,healthy,EXACT_NUMERIC_CODE,1.0
P_NUM_619313,619313,Setting up of 50 MW [plus/minus 5 percent] Wind Power Plant for Captive,Ministry of Petroleum & Natural Gas,Energy,Maharashtra,Bharat Petroleum Corporation Limited [BPCL],483.14,2023-05-01,2027-04-01,healthy,EXACT_NUMERIC_CODE,1.0
P_NUM_619314,619314,Pipeline Replacement Project- PRP-IX,Ministry of Petroleum & Natural Gas,Energy,Offshore,Oil and Natural Gas Corporation Limited [ONGC],6684.0,2025-08-01,2027-05-01,deteriorating,EXACT_NUMERIC_CODE,1.0
P_NUM_619316,619316,"Group Gathering Station, Lakwagaon",Ministry of Petroleum & Natural Gas,Energy,Assam,Oil India Limited,495.59,2025-10-01,2027-10-01,deteriorating,EXACT_NUMERIC_CODE,1.0
P_NUM_619317,619317,4L of Hajipur-Muzaffarpur Section of the existing NH-77 from Km. 0000 Ramashish,Ministry of Road Transport & Highways,Transport & Logistics,Bihar,NHAI,2723.39,2010-08-01,2013-02-01,severely_delayed,EXACT_NUMERIC_CODE,1.0
P_NUM_619318,619318,4/6L Greenfield Ludhiana Rupnagar highway from Jn. with NE-5 village near to,Ministry of Road Transport & Highways,Transport & Logistics,Punjab,NHAI,1368.91,2021-05-01,2024-12-01,severely_delayed,EXACT_NUMERIC_CODE,1.0
P_NUM_619320,619320,Muzaffarpur - Sonbarsa Section of NH-77 from km 2.800 to km 89.000,Ministry of Road Transport & Highways,Transport & Logistics,Bihar,NHAI,2290.72,2011-05-01,2013-11-01,severely_delayed,EXACT_NUMERIC_CODE,1.0
P_NUM_619321,619321,Balance work of widening to two laning/re-alignment and geometric improvement from,Ministry of Road Transport & Highways,Transport & Logistics,Mizoram,MoRTH,170.96,2025-10-01,2028-05-01,deteriorating,EXACT_NUMERIC_CODE,1.0
P_NUM_619326,619326,Nidadavolu-Duvvada 3rd & 4th Lines,Ministry of Railways,Transport & Logistics,Andhra Pradesh,South Central Railway [SCR] - II,9889.24,2026-04-01,2032-01-01,deteriorating,EXACT_NUMERIC_CODE,1.0
P_NUM_619328,619328,ONGC-BP Redevelopment Phase-1 Scheme of Mumbai High Field,Ministry of Petroleum & Natural Gas,Energy,Maharashtra,Oil and Natural Gas Corporation Limited [ONGC],3713.4,2025-11-01,2027-03-01,healthy,EXACT_NUMERIC_CODE,1.0
P_NUM_619341,619341,"Telangana Super Thermal Power Project , Stage-II [3 x 800 MW]",Ministry of Power,Energy,Telangana,National Thermal Power Corporation [NTPC],29344.85,2026-03-01,2032-01-01,deteriorating,EXACT_NUMERIC_CODE,1.0
P_NUM_619347,619347,Balance Work Estimate of Rehabilitation and Up-gradation of NH- 43 from Km.,Ministry of Road Transport & Highways,Transport & Logistics,Chhattisgarh,MoRTH,201.16,2026-03-01,2028-06-01,deteriorating,EXACT_NUMERIC_CODE,1.0
P_NUM_635651,635651,"New Product Testing Laboratory for NPM, SPP & NHSM at RSP",Ministry of Steel,Others,Odisha,Steel Authority of India Limited (SAIL,155.26,2025-06-01,2027-08-01,healthy,EXACT_NUMERIC_CODE,1.0
P_NUM_660056,660056,Amended BharatNet Program - KL,Ministry of Telecommunications,Communication,PAN India,Department of Telecommunications,765.0,2023-08-01,2028-06-01,deteriorating,EXACT_NUMERIC_CODE,1.0
P_NUM_665021,665021,Amended BharatNet Program - UKD,Ministry of Telecommunications,Communication,PAN India,Department of Telecommunications,1821.0,2023-08-01,2028-05-01,deteriorating,EXACT_NUMERIC_CODE,1.0
P_NUM_701091,701091,Lucknow Airport-Terminal 3- Phase 1 & Other Associated Works,Ministry of Civil Aviation,Transport & Logistics,Uttar Pradesh,Adani Airport Holdings Limited,3100.0,2018-06-01,2026-03-01,healthy,EXACT_NUMERIC_CODE,1.0
P_NUM_701101,701101,Construction of New Domestic Terminal Building [Phase-I and II] and other allied,Ministry of Civil Aviation,Transport & Logistics,Bihar,Airport Authority of India [AAI],1216.9,2018-10-01,2026-05-01,healthy,EXACT_NUMERIC_CODE,1.0
P_NUM_701105,701105,Goa Airport Terminal Building Extension Project,Ministry of Civil Aviation,Transport & Logistics,Goa,Airport Authority of India [AAI],255.69,2017-11-01,2021-12-01,severely_delayed,EXACT_NUMERIC_CODE,1.0
P_NUM_701107,701107,Construction of New Integrated Terminal Building and associated works including,Ministry of Civil Aviation,Transport & Logistics,Andhra Pradesh,Airport Authority of India [AAI],611.8,2020-06-01,2022-09-01,severely_delayed,EXACT_NUMERIC_CODE,1.0
P_NUM_701113,701113,"Development of Lal Bahadur Shastri International airport, Varanasi including C/o New",Ministry of Civil Aviation,Transport & Logistics,Uttar Pradesh,Airport Authority of India [AAI],2869.65,2024-07-01,2027-07-01,healthy,EXACT_NUMERIC_CODE,1.0
P_NUM_701121,701121,Construction of New Domestic Terminal Building at Rajahmundry Airport.,Ministry of Civil Aviation,Transport & Logistics,Andhra Pradesh,Airport Authority of India [AAI],347.15,2022-12-01,2025-08-01,severely_delayed,EXACT_NUMERIC_CODE,1.0
P_NUM_701122,701122,Development of New Integrated Civil Enclave at Agra Airport,Ministry of Civil Aviation,Transport & Logistics,Uttar Pradesh,Airport Authority of India [AAI],579.0,2024-06-01,2026-07-01,healthy,EXACT_NUMERIC_CODE,1.0
P_NUM_701126,701126,"Development of Dholera International Greenfield Airport , Gujarat",Ministry of Civil Aviation,Transport & Logistics,Gujarat,Airport Authority of India [AAI],1305.0,2022-06-01,2026-06-01,cost_escalating,EXACT_NUMERIC_CODE,1.0
P_NUM_701127,701127,Construction of New Passenger Terminal Building for Domestic Operations at Jodhpur,Ministry of Civil Aviation,Transport & Logistics,Rajasthan,Airport Authority of India [AAI],480.0,2022-06-01,2026-03-01,healthy,EXACT_NUMERIC_CODE,1.0
P_NUM_701128,701128,Construction of New Integrated Passenger Terminal Building at Udaipur Airport,Ministry of Civil Aviation,Transport & Logistics,Rajasthan,Airport Authority of India [AAI],887.0,2023-06-01,2026-03-01,healthy,EXACT_NUMERIC_CODE,1.0
P_NUM_701167,701167,AIIMS Kashmir at Awantipora Jammu & Kashmir,Ministry of Road Transport & Highways,Transport & Logistics,"Jammu and, Kashmir",PMSSY AND Institute of NATIONAL Importance,1828.0,2019-01-01,2025-12-01,severely_delayed,EXACT_NUMERIC_CODE,1.0
P_NUM_701168,701168,ALL India Institute of Medical Sciences-AIIMS Madurai,Ministry of Road Transport & Highways,Transport & Logistics,Tamil Nadu,PMSSY AND Institute of NATIONAL Importance,1264.0,2018-12-01,2022-08-01,severely_delayed,EXACT_NUMERIC_CODE,1.0
P_NUM_701170,701170,AIIMS Rajkot,Ministry of Road Transport & Highways,Transport & Logistics,Gujarat,PMSSY AND Institute of NATIONAL Importance,1195.0,2019-01-01,2026-03-01,severely_delayed,EXACT_NUMERIC_CODE,1.0
P_NUM_701171,701171,AIIMS Bibinagar,Ministry of Road Transport & Highways,Transport & Logistics,Telangana,PMSSY AND Institute of NATIONAL Importance,1028.0,2018-12-01,2026-06-01,cost_escalating,EXACT_NUMERIC_CODE,1.0
P_NUM_701172,701172,AIIMS Darbhanga,Ministry of Road Transport & Highways,Transport & Logistics,Bihar,PMSSY AND Institute of NATIONAL Importance,2006.07,2020-09-01,2029-07-01,deteriorating,EXACT_NUMERIC_CODE,1.0
P_NUM_701173,701173,AIIMS Majra Rewari Haryana,Ministry of Health & Family Welfare,Social & Commercial,Haryana,Ministry of Health and Family Welfare,1299.0,2019-02-01,2026-12-01,cost_escalating,EXACT_NUMERIC_CODE,1.0
P_NUM_701228,701228,Kochi - Koottanad - Bangalore - Mangalore Pipeline Phase-II,Ministry of Petroleum & Natural Gas,Energy,Tamil Nadu,Gas Authority of India Limited [GAIL],2915.0,2009-06-01,2012-12-01,severely_delayed,EXACT_NUMERIC_CODE,1.0
P_NUM_701263,701263,Rajasthan Refinery Project,Ministry of Petroleum & Natural Gas,Energy,Rajasthan,MinistryofPetroleumNaturalGas,43129.0,2017-10-01,2022-10-01,severely_delayed,EXACT_NUMERIC_CODE,1.0
P_NUM_701269,701269,"Construction of 80,000 MT LPG Cavern at Mangalore",Ministry of Petroleum & Natural Gas,Energy,Karnataka,Ministry of Petroleum & Natural Gas,854.0,2018-12-01,2022-12-01,severely_delayed,EXACT_NUMERIC_CODE,1.0
P_NUM_701289,701289,Capacity Expansion of Panipat Refinery from 15 to 25 MMTPA,Ministry of Petroleum & Natural Gas,Energy,Haryana,Indian Oil Corporation Limited [IOCL],34627.0,2021-02-01,2024-09-01,severely_delayed,EXACT_NUMERIC_CODE,1.0
P_NUM_701324,701324,Barauni Refinery Capacity Expansion from 6.0 to 9.0 MMTPA,Ministry of Petroleum & Natural Gas,Energy,Bihar,Indian Oil Corporation Limited [IOCL],14810.0,2020-01-01,2023-04-01,severely_delayed,EXACT_NUMERIC_CODE,1.0
P_NUM_701329,701329,Petrochemical and Lube Integration Project at Gujarat Refinery,Ministry of Petroleum & Natural Gas,Energy,Gujarat,Indian Oil Corporation Limited [IOCL],18936.0,2020-09-01,2024-08-01,severely_delayed,EXACT_NUMERIC_CODE,1.0
P_NUM_701330,701330,Mehsana-Bhatinda & Bhatinda-Jammu Natural Gas Pipeline,Ministry of Petroleum & Natural Gas,Energy,Rajasthan,Indian Oil Corporation Limited [IOCL],7392.0,2011-07-01,2024-06-01,healthy,EXACT_NUMERIC_CODE,1.0
P_NUM_701338,701338,City Gas Distribution Maharashtra Natural Gas Limited,Ministry of Petroleum & Natural Gas,Energy,Karnataka,Gas Authority of India Limited [GAIL],5535.0,2006-01-01,2031-06-01,healthy,EXACT_NUMERIC_CODE,1.0
P_NUM_701341,701341,Multi-product Pipeline from Krishnapatnam Coastal Installation to the proposed,Ministry of Petroleum & Natural Gas,Energy,"Multi-States, (Andhra Pradesh,, Telangana)",Ministry of Petroleum & Natural Gas,1932.0,2019-09-01,2025-03-01,healthy,EXACT_NUMERIC_CODE,1.0
P_NUM_701343,701343,Srikakulam Angul Gas Pipeline Project,Ministry of Petroleum & Natural Gas,Energy,"Multi-States, (Andhra Pradesh,, Odisha)",Ministry of Petroleum & Natural Gas,2658.34,2019-09-01,2022-07-01,severely_delayed,EXACT_NUMERIC_CODE,1.0
P_NUM_701344,701344,Dhamra Haldia Pipeline Project,Ministry of Petroleum & Natural Gas,Energy,West Bengal,Gas Authority of India Limited [GAIL],1030.65,2020-03-01,2022-11-01,severely_delayed,EXACT_NUMERIC_CODE,1.0
P_NUM_701346,701346,North East Gas Grid,Ministry of Petroleum & Natural Gas,Energy,Tripura,Indradhanush Gas Grid Limited,9265.0,2020-04-01,2024-03-01,severely_delayed,EXACT_NUMERIC_CODE,1.0
P_NUM_701349,701349,Paradip-Numaligarh Crude Oil Pipeline [PNCPL] & Crude Oil Import Terminal [COIT],Ministry of Petroleum & Natural Gas,Energy,West Bengal,Numaligarh Refinery Limited,10228.0,2019-01-01,2024-07-01,severely_delayed,EXACT_NUMERIC_CODE,1.0
P_NUM_701350,701350,Upgradation of Facilities of Numaligarh-Siliguri Product Pipeline [NSPL] for,Ministry of Petroleum & Natural Gas,Energy,"Multi-States, (Assam, West, Bengal)",Ministry of Petroleum & Natural Gas,860.0,2021-06-01,2024-12-01,severely_delayed,EXACT_NUMERIC_CODE,1.0
P_NUM_701354,701354,Mumbai Nagpur Jharsuguda Pipeline Project,Ministry of Petroleum & Natural Gas,Energy,"Multi-States, (Chhattisgarh,, Madhya Pradesh,, Maharashtra,, Odisha)",Ministry of Petroleum & Natural Gas,7844.25,2020-06-01,2023-05-01,severely_delayed,EXACT_NUMERIC_CODE,1.0
P_NUM_701370,701370,Borolia Irrigation Project,Ministry of Water Resources,Water & Sanitation,Assam,"Department of Water Resources, River Development & GR",256.16,1996-04-01,2022-12-01,severely_delayed,EXACT_NUMERIC_CODE,1.0
P_NUM_701371,701371,Durgawati Reservoir Project,Ministry of Water Resources,Water & Sanitation,Bihar,Irrigation and CAD-TG,691.15,1997-04-01,2019-12-01,severely_delayed,EXACT_NUMERIC_CODE,1.0
P_NUM_701372,701372,Sardar Sarovar Project,Ministry of Water Resources,Water & Sanitation,Gujarat,"Narmada and Water Resources, Water Supply and Kalpsar Department-GJ",20718.17,1996-04-01,2019-12-01,severely_delayed,EXACT_NUMERIC_CODE,1.0
P_NUM_701376,701376,"Subernarekha Multipurpose Project, Jharkhand",Ministry of Water Resources,Water & Sanitation,Jharkhand,Department of Water Resources-JH,3807.77,2011-04-01,2019-12-01,severely_delayed,EXACT_NUMERIC_CODE,1.0
P_NUM_701377,701377,Upper Tunga Irrigation Project,Ministry of Water Resources,Water & Sanitation,Karnataka,Water Resources-KA,770.16,2014-04-01,2019-12-01,severely_delayed,EXACT_NUMERIC_CODE,1.0
P_NUM_701383,701383,Waghur Project,Ministry of Water Resources,Water & Sanitation,Maharashtra,Department of water resources-MH - II,1058.99,1996-04-01,2019-12-01,severely_delayed,EXACT_NUMERIC_CODE,1.0
P_NUM_701384,701384,Tillari Irrigation Project,Ministry of Water Resources,Water & Sanitation,Maharashtra,Department of water resources-MH - II,368.34,2006-01-01,2019-12-01,severely_delayed,EXACT_NUMERIC_CODE,1.0
P_NUM_701386,701386,Gosikhurd Project,Ministry of Water Resources,Water & Sanitation,Maharashtra,Department of water resources-MH - II,7196.47,2008-04-01,2019-12-01,severely_delayed,EXACT_NUMERIC_CODE,1.0
P_NUM_701388,701388,Bembla Irrigation Project,Ministry of Water Resources,Water & Sanitation,Maharashtra,Department of water resources-MH - II,1352.53,2007-04-01,2019-12-01,severely_delayed,EXACT_NUMERIC_CODE,1.0
P_NUM_701390,701390,Arjuna Medium Irrigation project,Ministry of Water Resources,Water & Sanitation,Maharashtra,Department of water resources-MH - II,333.87,2008-01-01,2019-12-01,severely_delayed,EXACT_NUMERIC_CODE,1.0
P_NUM_701391,701391,Aruna Medium Irrigation Project,Ministry of Water Resources,Water & Sanitation,Maharashtra,Department of water resources-MH - II,210.45,2009-04-01,2019-12-01,severely_delayed,EXACT_NUMERIC_CODE,1.0
P_NUM_701392,701392,Krishna Koyana Lift Irrigation Project,Ministry of Water Resources,Water & Sanitation,Maharashtra,Department of water resources-MH - II,973.62,2009-04-01,2019-12-01,severely_delayed,EXACT_NUMERIC_CODE,1.0
P_NUM_701395,701395,Morna [Gureghar] Irrigation Project,Ministry of Water Resources,Water & Sanitation,Uttar Pradesh,"Department of Water Resources, River Development & GR",219.9,2007-04-01,2025-12-01,healthy,EXACT_NUMERIC_CODE,1.0
P_NUM_701396,701396,Lower Pedhi Project,Ministry of Water Resources,Water & Sanitation,Maharashtra,Department of water resources-MH - II,255.97,2008-04-01,2019-12-01,severely_delayed,EXACT_NUMERIC_CODE,1.0
P_NUM_701398,701398,Nardave Medium Irrigation Project,Ministry of Water Resources,Water & Sanitation,Maharashtra,Department of water resources-MH - II,211.46,2009-04-01,2019-12-01,severely_delayed,EXACT_NUMERIC_CODE,1.0
P_NUM_701399,701399,Kudali Irrigation Project,Ministry of Water Resources,Water & Sanitation,Chhattisgarh,"Department of Water Resources, River Development & GR",382.29,2009-04-01,2025-12-01,healthy,EXACT_NUMERIC_CODE,1.0
P_NUM_701400,701400,Thoubal Multipurpose Project,Ministry of Water Resources,Water & Sanitation,Manipur,Water Resources Department-MN,1449.44,1997-04-01,2019-12-01,severely_delayed,EXACT_NUMERIC_CODE,1.0
P_NUM_701402,701402,"Subernarekha Project, Odisha",Ministry of Water Resources,Water & Sanitation,Odisha,"Department of Water Resources, River Development & GR",3055.88,1995-12-01,2019-12-01,severely_delayed,EXACT_NUMERIC_CODE,1.0
P_NUM_701404,701404,Kanupur Irrigation Project,Ministry of Water Resources,Water & Sanitation,Odisha,Irrigation and CAD-TG,989.43,2003-04-01,2019-12-01,severely_delayed,EXACT_NUMERIC_CODE,1.0
P_NUM_701405,701405,J. Chokka Rao Devadula Lift Irrigation Scheme,Ministry of Water Resources,Water & Sanitation,Telangana,Irrigation and CAD-TG,8200.71,2006-04-01,2019-12-01,severely_delayed,EXACT_NUMERIC_CODE,1.0
P_NUM_701406,701406,Rajiv Bhima Lift Irrigation Scheme,Ministry of Water Resources,Water & Sanitation,Telangana,Irrigation and CAD-TG,1402.0,2007-04-01,2019-12-01,severely_delayed,EXACT_NUMERIC_CODE,1.0
P_NUM_701408,701408,Madhya Ganga canal Phase-II,Ministry of Water Resources,Water & Sanitation,Uttar Pradesh,Irrigation & Water Resources-UP,1060.67,2008-04-01,2019-12-01,severely_delayed,EXACT_NUMERIC_CODE,1.0
P_NUM_701410,701410,Relining of Rajasthan feeder and Sirhind Feeder canal,Ministry of Water Resources,Water & Sanitation,Punjab,Department of Water Resources-PB,1441.26,2016-02-01,2021-06-01,severely_delayed,EXACT_NUMERIC_CODE,1.0
P_NUM_701411,701411,Shahpur Kandi Dam Project,Ministry of Water Resources,Water & Sanitation,Punjab,Department of Water Resources-PB,2285.81,2010-02-01,2022-06-01,severely_delayed,EXACT_NUMERIC_CODE,1.0
P_NUM_701412,701412,North Koel Reservoir Project,Ministry of Water Resources,Water & Sanitation,"Multi-States, (Bihar, Jharkhand)","Department of Water Resources, River Development & GR",1622.27,2017-08-01,2021-03-01,severely_delayed,EXACT_NUMERIC_CODE,1.0
P_NUM_701415,701415,Polavaram Irrigation Project,Ministry of Water Resources,Water & Sanitation,Andhra Pradesh,Water Resources-AP,10151.04,2009-01-01,2022-04-01,severely_delayed,EXACT_NUMERIC_CODE,1.0
P_NUM_701530,701530,Ken-Betwa Linking Development Project,Ministry of Water Resources,Water & Sanitation,"Multi-States, (Madhya Pradesh,, Uttar Pradesh)","Department of Water Resources, River Development,",21030.0,2022-03-01,2029-03-01,deteriorating,EXACT_NUMERIC_CODE,1.0
P_NUM_701564,701564,Construction of new dry dock at exisitng Cochin Shipyard Limited premises at,Ministry of Road Transport & Highways,Transport & Logistics,Kerala,Cochin Shipyard,1799.0,2018-04-01,2022-12-01,severely_delayed,EXACT_NUMERIC_CODE,1.0
P_NUM_701565,701565,Jal Marg Vikas Project,"Ministry of Ports, Shipping & Waterways",Transport & Logistics,"Multi-States, (Bihar, Jharkhand,, Uttar Pradesh,, West Bengal)",Inland Waterways Authority of India [IWAI],5369.18,2018-01-01,2023-12-01,severely_delayed,EXACT_NUMERIC_CODE,1.0
P_NUM_701568,701568,Construction of oil jetty No.8 at old kandla through internal resources,"Ministry of Ports, Shipping & Waterways",Transport & Logistics,Gujarat,Deendayal Port Trust [DPT],100.0,2018-02-01,2023-02-01,severely_delayed,EXACT_NUMERIC_CODE,1.0
P_NUM_701570,701570,"Replacement and revamping of pipeline projects in oil jetty area, Kandla","Ministry of Ports, Shipping & Waterways",Transport & Logistics,Gujarat,Deendayal Port Trust [DPT],171.0,2021-09-01,2023-09-01,severely_delayed,EXACT_NUMERIC_CODE,1.0
P_NUM_701574,701574,Deepening and Optimization of Inner Harbour facilities including development of,"Ministry of Ports, Shipping & Waterways",Transport & Logistics,Odisha,Paradip Port Trust [PPT],3004.63,2022-05-01,2027-12-01,severely_delayed,EXACT_NUMERIC_CODE,1.0
P_NUM_701576,701576,Berth No. 2 [previously Berth 3] of HDC Mechanization Project,"Ministry of Ports, Shipping & Waterways",Transport & Logistics,West Bengal,"Haldia Dock Complex, Syama Prasad Mookerjee Port Authority",298.26,2022-11-01,2025-09-01,healthy,EXACT_NUMERIC_CODE,1.0
P_NUM_701577,701577,Shalukkhali Liquid Cargo Handling Facility Development Project,"Ministry of Ports, Shipping & Waterways",Transport & Logistics,West Bengal,"Haldia Dock Complex, Syama Prasad Mookerjee Port Authority",253.65,2022-01-01,2025-08-01,deteriorating,EXACT_NUMERIC_CODE,1.0
P_NUM_701586,701586,Setting up of a Floating Storage and Regasification Unit [FSRU] - Mumbai,"Ministry of Ports, Shipping & Waterways",Transport & Logistics,Maharashtra,Mumbai Port Trust [MPT],900.0,2020-11-01,2026-11-01,deteriorating,EXACT_NUMERIC_CODE,1.0
P_NUM_701593,701593,4G Services by BSNL,Ministry of Telecommunications,Communication,PAN India,Department of Telecommunications [DoT],28466.0,2020-11-01,2024-03-01,severely_delayed,EXACT_NUMERIC_CODE,1.0
P_NUM_701597,701597,Provision of 4G Mobile Services in Uncovered Villages of Arunachal Pradesh and 2,Ministry of Telecommunications,Communication,"Multi-States, (Arunachal, Pradesh, Assam)",Department of Telecommunications,1255.49,2020-12-01,2023-04-01,severely_delayed,EXACT_NUMERIC_CODE,1.0
P_NUM_701598,701598,Provision of 4G based Mobile Services in Uncovered Villages and National Highways,Ministry of Telecommunications,Communication,Meghalaya,Department of Telecommunications,971.96,2019-09-01,2022-03-01,severely_delayed,EXACT_NUMERIC_CODE,1.0
P_NUM_701599,701599,Mobile connectivity in Left Wing Extremism [LWE] affected areas-Phase2,Ministry of Telecommunications,Communication,"Multi-States, (Andhra Pradesh,, Bihar,, Chhattisgarh,, Jharkhand,, Madhya Pradesh,, Maharashtra,, Odisha,, Telangana, Uttar, Pradesh, West, Bengal)",Department of Telecommunications [DoT],1577.57,2018-05-01,2023-03-01,severely_delayed,EXACT_NUMERIC_CODE,1.0
P_NUM_701600,701600,354 Uncovered Villages Scheme,Ministry of Telecommunications,Communication,"Multi-States, (Bihar, Gujarat,, Himachal Pradesh,, Jammu and, Kashmir, Ladakh,, Rajasthan, Uttar, Pradesh)",Department of Telecommunications [DoT],336.89,2019-12-01,2021-10-01,severely_delayed,EXACT_NUMERIC_CODE,1.0
P_NUM_701602,701602,"Provision of 4G based mobile services in 7,287 uncovered villages of 44 Aspirational",Ministry of Telecommunications,Communication,"Multi-States, (Andhra Pradesh,, Chhattisgarh,, Jharkhand,, Maharashtra,, Odisha)",Department of Telecommunications [DoT],3685.0,2021-11-01,2023-11-01,severely_delayed,EXACT_NUMERIC_CODE,1.0
P_NUM_701657,701657,Tumakuru Node - Phase 1 - Roads and Services Development,Ministry of DPIIT,Others,Karnataka,NICDC,1701.81,2020-12-01,2026-09-01,severely_delayed,EXACT_NUMERIC_CODE,1.0
P_NUM_701658,701658,Krishnapatnam Node - Phase 1 - Roads and Services Development,Ministry of DPIIT,Others,Andhra Pradesh,National Industrial Corridor Development Corporation,2139.44,2020-12-01,2027-02-01,healthy,EXACT_NUMERIC_CODE,1.0
P_NUM_701661,701661,Development of IMC Khurpia Farms under AKIC Project,Ministry of DPIIT,Others,Uttarakhand,National Industrial Corridor Development Corporation,1265.37,2024-08-01,2028-09-01,deteriorating,EXACT_NUMERIC_CODE,1.0
P_NUM_701662,701662,IMC Rajpura - Patiala Development Project,Ministry of DPIIT,Others,Punjab,National Industrial Corridor Development Corporation,1367.72,2024-08-01,2028-09-01,deteriorating,EXACT_NUMERIC_CODE,1.0
P_NUM_701668,701668,Development of Palakkad Node under extension of CBIC to Kochi,Ministry of DPIIT,Others,Kerala,National Industrial Corridor Development Corporation,3805.0,2024-08-01,2029-04-01,deteriorating,EXACT_NUMERIC_CODE,1.0
P_NUM_701719,701719,Rehablitation in Junavadaj Area Smart City Project,Ministry of Housing & Urban Affairs,Social & Commercial,Gujarat,ministry of housing and urban affairs,539.0,2016-02-01,2022-07-01,severely_delayed,EXACT_NUMERIC_CODE,1.0
P_NUM_701745,701745,New Suburba Station Development Project,Ministry of Housing & Urban Affairs,Social & Commercial,Maharashtra,ministry of housing and urban affairs,262.76,2018-04-01,2022-07-01,healthy,EXACT_NUMERIC_CODE,1.0
P_NUM_701766,701766,Green Building Development Project,Ministry of Housing & Urban Affairs,Social & Commercial,Uttarakhand,ministry of housing and urban affairs,150.97,2019-11-01,2023-11-01,severely_delayed,EXACT_NUMERIC_CODE,1.0
P_NUM_701991,701991,Kalyan Station Precinct Imporvement Project,Ministry of Housing & Urban Affairs,Social & Commercial,Maharashtra,ministry of housing and urban affairs,600.0,2018-04-01,2023-07-01,severely_delayed,EXACT_NUMERIC_CODE,1.0
P_NUM_702355,702355,Storm water drainag Development Project,Ministry of Housing & Urban Affairs,Social & Commercial,"Dadra & Nagar, Haveli and Daman, & Diu",ministry of housing and urban affairs,210.0,2020-08-01,2024-03-01,deteriorating,EXACT_NUMERIC_CODE,1.0
P_NUM_702522,702522,In-Situ Slum Redevelopment Project in Bihar,Ministry of Housing & Urban Affairs,Social & Commercial,Bihar,"PMAY, Ministry of Housing and Urban Affairs",454.65,2015-06-01,2024-03-01,deteriorating,EXACT_NUMERIC_CODE,1.0
P_NUM_702524,702524,Affordable Housing Construction Project in Chhattisgarh,Ministry of Housing & Urban Affairs,Social & Commercial,Chhattisgarh,"PMAY, Ministry of Housing and Urban Affairs",3797.69,2015-06-01,2024-03-01,deteriorating,EXACT_NUMERIC_CODE,1.0
P_NUM_702540,702540,In-Situ Slum Redevelopment Project in Gujarat,Ministry of Housing & Urban Affairs,Social & Commercial,Gujarat,"PMAY, Ministry of Housing and Urban Affairs",5477.4,2015-06-01,2024-03-01,deteriorating,EXACT_NUMERIC_CODE,1.0
P_NUM_702544,702544,In-Situ Slum Redevelopment Project in Haryana,Ministry of Housing & Urban Affairs,Social & Commercial,Chandigarh,"PMAY, Ministry of Housing and Urban Affairs",285.85,2015-06-01,2024-03-01,deteriorating,EXACT_NUMERIC_CODE,1.0
P_NUM_702555,702555,In-Situ Slum Redevelopment Project in Jharkhand,Ministry of Housing & Urban Affairs,Social & Commercial,Jharkhand,"PMAY, Ministry of Housing and Urban Affairs",212.74,2015-06-01,2024-03-01,deteriorating,EXACT_NUMERIC_CODE,1.0
P_NUM_702612,702612,In-Situ Slum Redevelopment Project in Uttar Pradesh,Ministry of Housing & Urban Affairs,Social & Commercial,Uttar Pradesh,"PMAY, Ministry of Housing and Urban Affairs",576.99,2015-06-01,2024-03-01,deteriorating,EXACT_NUMERIC_CODE,1.0
P_NUM_702625,702625,Bhopal Metro Rail Project,Ministry of Housing & Urban Affairs,Transport & Logistics,Madhya Pradesh,Madhya Pradesh Metro Rail Co Limited [MPMRCL],6941.4,2018-11-01,2022-11-01,severely_delayed,EXACT_NUMERIC_CODE,1.0
P_NUM_702626,702626,Indore Metro Rail Project,Ministry of Housing & Urban Affairs,Transport & Logistics,Madhya Pradesh,Madhya Pradesh Metro Rail Co Limited [MPMRCL],7500.8,2018-11-01,2022-11-01,severely_delayed,EXACT_NUMERIC_CODE,1.0
P_NUM_702627,702627,Patna Metro Rail Project,Ministry of Housing & Urban Affairs,Transport & Logistics,Bihar,Patna Metro Rail Corporation Ltd. [PMRCL],13365.77,2019-02-01,2024-02-01,severely_delayed,EXACT_NUMERIC_CODE,1.0
P_NUM_702628,702628,Kanpur Metro Rail Project,Ministry of Housing & Urban Affairs,Transport & Logistics,Uttar Pradesh,Uttar Pradesh metro rail corporation [UPMRC],11076.48,2019-05-01,2024-05-01,severely_delayed,EXACT_NUMERIC_CODE,1.0
P_NUM_702629,702629,Agra Metro Rail Project,Ministry of Housing & Urban Affairs,Transport & Logistics,Uttar Pradesh,Uttar Pradesh metro rail corporation [UPMRC],8379.62,2019-05-01,2024-05-01,severely_delayed,EXACT_NUMERIC_CODE,1.0
P_NUM_702630,702630,Surat Metro Rail Project,Ministry of Housing & Urban Affairs,Transport & Logistics,Gujarat,Gujarat Metro Rail Corporation Limited [GMRCL],12020.32,2019-03-01,2024-03-01,severely_delayed,EXACT_NUMERIC_CODE,1.0
P_NUM_702631,702631,"Ahmedabad Metro Rail Project, Phase-II",Ministry of Housing & Urban Affairs,Transport & Logistics,Gujarat,Gujarat Metro Rail Corporation Limited [GMRCL],5384.17,2019-03-01,2024-03-01,severely_delayed,EXACT_NUMERIC_CODE,1.0
P_NUM_702632,702632,DMRTS Phase - IV [3 Priority Corridors],Ministry of Housing & Urban Affairs,Transport & Logistics,Delhi,Delhi Metro Rail Corporation Limited [DMRC],24948.65,2019-07-01,2025-03-01,severely_delayed,EXACT_NUMERIC_CODE,1.0
P_NUM_702633,702633,Delhi-Ghaziabad-Meerut Regional Rapid Transit System [RRTS] corridor,Ministry of Road Transport & Highways,Transport & Logistics,"Multi-States (Delhi,, Uttar Pradesh)",National Capital Region Transport Corporation [NCRTC],30274.0,2019-03-01,2025-06-01,severely_delayed,EXACT_NUMERIC_CODE,1.0
P_NUM_702635,702635,Construction of Bangalore Metro Rail Project Phase 2.,Ministry of Housing & Urban Affairs,Transport & Logistics,Karnataka,Bengaluru Metro Rail,26405.14,2014-02-01,2021-03-01,severely_delayed,EXACT_NUMERIC_CODE,1.0
P_NUM_702637,702637,Mumbai Metro Line 3,Ministry of Housing & Urban Affairs,Transport & Logistics,Maharashtra,Mumbai Metro Rail Corporation Limited [MMRC],23136.0,2013-07-01,2023-03-01,severely_delayed,EXACT_NUMERIC_CODE,1.0
P_NUM_702639,702639,Ahmedabad Metro Rail Project [Phase-I],Ministry of Housing & Urban Affairs,Transport & Logistics,Gujarat,Gujarat Metro Rail Corporation Limited [GMRCL],10773.0,2014-11-01,2018-03-01,severely_delayed,EXACT_NUMERIC_CODE,1.0
P_NUM_702658,702658,Nagpur Metro Rail Phase II Development Project,Ministry of Housing & Urban Affairs,Transport & Logistics,Maharashtra,Maharashtra Metro Rail Corporation Limited [MMRCL],6708.0,2022-12-01,2027-12-01,healthy,EXACT_NUMERIC_CODE,1.0
P_NUM_702664,702664,Kochi Metro Rail Phase 2 Development Project,Ministry of Road Transport & Highways,Transport & Logistics,Kerala,CSPCC Projects,1957.05,2022-11-01,2026-11-01,healthy,EXACT_NUMERIC_CODE,1.0
P_NUM_702665,702665,Construction Bangalore Metro Rail Project Phase-2A & 2B,Ministry of Housing & Urban Affairs,Transport & Logistics,Karnataka,Bengaluru Metro Rail,14788.1,2021-06-01,2026-06-01,healthy,EXACT_NUMERIC_CODE,1.0
P_NUM_702668,702668,Chennai Metro Rail Phase-II Development Project,Ministry of Housing & Urban Affairs,Transport & Logistics,Tamil Nadu,Chennai Metro Rail Limited [CMRL],63246.0,2024-10-01,2029-08-01,healthy,EXACT_NUMERIC_CODE,1.0
P_NUM_702674,702674,"ESR - 8 nos., distribution system - 216 Km, new house service connections - 38760",Ministry of Housing & Urban Affairs,Social & Commercial,Andhra Pradesh,Ministry of Housing & Urban Affairs,172.22,2017-02-01,2023-03-01,severely_delayed,EXACT_NUMERIC_CODE,1.0
P_NUM_702682,702682,Dibrugarh Water Supply Infrastructure Project,Ministry of Housing & Urban Affairs,Social & Commercial,Assam,Ministry of Housing & Urban Affairs,186.8,2016-02-01,2023-03-01,severely_delayed,EXACT_NUMERIC_CODE,1.0
P_NUM_702699,702699,Muzaffarpur Storm Water Drainage Phase-I Project,Ministry of Housing & Urban Affairs,Social & Commercial,Bihar,Ministry of Housing & Urban Affairs,158.78,2016-11-01,2023-10-01,severely_delayed,EXACT_NUMERIC_CODE,1.0
P_NUM_702734,702734,Sewerage Management Scheme Part-3 Implementation,Ministry of Housing & Urban Affairs,Social & Commercial,Haryana,Ministry of Housing & Urban Affairs,278.01,2017-03-01,2023-09-01,severely_delayed,EXACT_NUMERIC_CODE,1.0
P_NUM_702735,702735,Sewerage Management Scheme Part-3 Implementation,Ministry of Housing & Urban Affairs,Social & Commercial,Haryana,Ministry of Housing & Urban Affairs,213.19,2017-03-01,2023-03-01,severely_delayed,EXACT_NUMERIC_CODE,1.0
P_NUM_702741,702741,Dhanbad Water Supply Infrastructure Project,Ministry of Housing & Urban Affairs,Social & Commercial,Jharkhand,Ministry of Housing & Urban Affairs,216.55,2017-02-01,2023-03-01,severely_delayed,EXACT_NUMERIC_CODE,1.0
P_NUM_702742,702742,SAAP-3 Water Supply Infrastructure SAAP-3 Project,Ministry of Housing & Urban Affairs,Social & Commercial,Jharkhand,Ministry of Housing & Urban Affairs,159.31,2017-02-01,2023-10-01,severely_delayed,EXACT_NUMERIC_CODE,1.0
P_NUM_702746,702746,Augmentation and Strenghthning of Urban Water Supply Phase 1 - SAAP 3,Ministry of Housing & Urban Affairs,Social & Commercial,Jharkhand,Ministry of Housing & Urban Affairs,278.28,2017-02-01,2023-03-01,severely_delayed,EXACT_NUMERIC_CODE,1.0
P_NUM_702760,702760,Belgavi Improvement in Sewerage System Project,Ministry of Housing & Urban Affairs,Social & Commercial,Karnataka,Ministry of Housing & Urban Affairs,162.73,2015-12-01,2023-07-01,severely_delayed,EXACT_NUMERIC_CODE,1.0
P_NUM_702764,702764,24/7 water supply under AMRUT for Davanagere,Ministry of Housing & Urban Affairs,Social & Commercial,Karnataka,Ministry of Housing & Urban Affairs,174.96,2016-11-01,2023-03-01,severely_delayed,EXACT_NUMERIC_CODE,1.0
P_NUM_702793,702793,Indore Water Supply Infrastructure Project,Ministry of Housing & Urban Affairs,Social & Commercial,Madhya Pradesh,Ministry of Housing & Urban Affairs,287.17,2016-12-01,2023-03-01,severely_delayed,EXACT_NUMERIC_CODE,1.0
P_NUM_702798,702798,Jabalpur Sewerage Management and Treatment Infrastructure Project,Ministry of Housing & Urban Affairs,Social & Commercial,Madhya Pradesh,Ministry of Housing & Urban Affairs,362.31,2018-10-01,2023-03-01,severely_delayed,EXACT_NUMERIC_CODE,1.0
P_NUM_702808,702808,Satna Sewerage Management and Treatment Infrastructure Project,Ministry of Housing & Urban Affairs,Social & Commercial,Madhya Pradesh,Ministry of Housing & Urban Affairs,191.56,2015-11-01,2024-03-01,severely_delayed,EXACT_NUMERIC_CODE,1.0
P_NUM_702810,702810,Singrauli Sewerage Management and Treatment Infrastructure Project,Ministry of Housing & Urban Affairs,Social & Commercial,Madhya Pradesh,Ministry of Housing & Urban Affairs,402.01,2016-05-01,2023-03-01,severely_delayed,EXACT_NUMERIC_CODE,1.0
P_NUM_702833,702833,Kalyan-Dombivali Water Supply Infrastructure Project,Ministry of Housing & Urban Affairs,Social & Commercial,Maharashtra,Ministry of Housing & Urban Affairs,194.2,2016-07-01,2023-10-01,severely_delayed,EXACT_NUMERIC_CODE,1.0
P_NUM_702840,702840,Mira-Bhayandar Water Supply Infrastructure Project,Ministry of Housing & Urban Affairs,Social & Commercial,Maharashtra,Ministry of Housing & Urban Affairs,204.55,2016-11-01,2023-03-01,severely_delayed,EXACT_NUMERIC_CODE,1.0
P_NUM_702842,702842,Nagpur Water Supply Infrastructure Project,Ministry of Housing & Urban Affairs,Social & Commercial,Maharashtra,Ministry of Housing & Urban Affairs,273.78,2015-12-01,2023-03-01,severely_delayed,EXACT_NUMERIC_CODE,1.0
P_NUM_702851,702851,Pune Water Supply Infrastructure Project,Ministry of Housing & Urban Affairs,Social & Commercial,Maharashtra,Ministry of Housing & Urban Affairs,235.95,2017-03-01,2023-03-01,severely_delayed,EXACT_NUMERIC_CODE,1.0
P_NUM_702854,702854,Solapur Sewerage Management Infrastructure Project,Ministry of Housing & Urban Affairs,Social & Commercial,Maharashtra,Ministry of Housing & Urban Affairs,180.24,2017-03-01,2023-03-01,severely_delayed,EXACT_NUMERIC_CODE,1.0
P_NUM_702948,702948,Jaunpur Sewerage Management Infrastructure Project,Ministry of Housing & Urban Affairs,Social & Commercial,Uttar Pradesh,Ministry of Housing & Urban Affairs,235.73,2017-03-01,2023-06-01,severely_delayed,EXACT_NUMERIC_CODE,1.0
P_NUM_702949,702949,Jhansi Water Supply Infrastructure Phase-II Project,Ministry of Housing & Urban Affairs,Social & Commercial,Uttar Pradesh,Ministry of Housing & Urban Affairs,561.74,2017-03-01,2023-07-01,severely_delayed,EXACT_NUMERIC_CODE,1.0
P_NUM_702958,702958,Lucknow Sewerage Management Infrastructure Project,Ministry of Housing & Urban Affairs,Social & Commercial,Uttar Pradesh,Ministry of Housing & Urban Affairs,142.46,2016-09-01,2023-03-01,severely_delayed,EXACT_NUMERIC_CODE,1.0
P_NUM_703021,703021,Jalandhar Water Supply Infrastructure Project,Ministry of Housing & Urban Affairs,Social & Commercial,Punjab,Ministry of Housing & Urban Affairs,258.53,2016-11-01,2023-08-01,severely_delayed,EXACT_NUMERIC_CODE,1.0
P_NUM_703057,703057,Patiala Water Supply Infrastructure Part-2 Project,Ministry of Housing & Urban Affairs,Social & Commercial,Punjab,Ministry of Housing & Urban Affairs,287.0,2016-11-01,2023-10-01,severely_delayed,EXACT_NUMERIC_CODE,1.0
P_NUM_703585,703585,Yeshvanthpur - Channasandra Doubling Project [21.70 Km],Ministry of Railways,Transport & Logistics,Karnataka,Karnataka Rail Infrastructure Development Company Limited [K-RIDE],314.1,2019-04-01,2024-03-01,severely_delayed,EXACT_NUMERIC_CODE,1.0
P_NUM_703586,703586,Baiyyappanahalli-Hosur 48 km,Ministry of Railways,Transport & Logistics,"Multi-States, (Karnataka, Tamil, Nadu)",M.D/KRIDE SWR mor,498.7,2019-04-01,2024-12-01,severely_delayed,EXACT_NUMERIC_CODE,1.0
P_NUM_704495,704495,"502 Aspirational District Scheme in Four states - Bihar, Madhya Pradesh, Rajastha",Ministry of Telecommunications,Communication,"Multi-States, (Bihar, Madhya, Pradesh,, Rajasthan, Uttar, Pradesh)",Department of Telecommunications [DoT],421.65,2019-12-01,2022-03-01,severely_delayed,EXACT_NUMERIC_CODE,1.0
P_NUM_705237,705237,Western Dedicated Freight Corridor,Ministry of Railways,Transport & Logistics,"Multi-States, (Gujarat, Haryana,, Maharashtra,, Rajasthan, Uttar, Pradesh)",DFCCIL,51101.0,2008-02-01,2022-03-01,severely_delayed,EXACT_NUMERIC_CODE,1.0
P_NUM_705244,705244,Coach Production Factory Upgradation Project,Ministry of Railways,Transport & Logistics,Tamil Nadu,CPM/ICF,520.0,2017-12-01,2021-12-01,deteriorating,EXACT_NUMERIC_CODE,1.0
P_NUM_705252,705252,Kazipet Wagon Overhauling Project,Ministry of Railways,Transport & Logistics,Telangana,RVNL,385.0,2017-09-01,2023-12-01,deteriorating,EXACT_NUMERIC_CODE,1.0
P_NUM_705253,705253,Kurnool Coach Midlife Rehabilitation Project,Ministry of Railways,Transport & Logistics,Andhra Pradesh,South Central Railway [SCR] - II,563.0,2016-05-01,2020-12-01,severely_delayed,EXACT_NUMERIC_CODE,1.0
P_NUM_705298,705298,North Region Video Surveillance Project,Ministry of Railways,Transport & Logistics,PAN India,RCIL,274.39,2020-06-01,2024-03-01,healthy,EXACT_NUMERIC_CODE,1.0
P_NUM_705300,705300,Western Region Video Surveillance Project,Ministry of Railways,Transport & Logistics,Maharashtra,RCIL,227.59,2020-06-01,2023-12-01,deteriorating,EXACT_NUMERIC_CODE,1.0
P_NUM_705356,705356,Ahmednagar - Beed - Parli - Vaijnath New Broad Gauge Line Railway Project [261.3,Ministry of Railways,Transport & Logistics,Maharashtra,CAOC/CR CR mor,2538.67,1997-02-01,2026-12-01,cost_escalating,EXACT_NUMERIC_CODE,1.0
P_NUM_705357,705357,Baramati - Lonand 54 km,Ministry of Railways,Transport & Logistics,Maharashtra,CAOC/CR CR mor,138.48,1999-02-01,2027-03-01,cost_escalating,EXACT_NUMERIC_CODE,1.0
P_NUM_705358,705358,Khurda Road-Bolangir 301 km,Ministry of Railways,Transport & Logistics,Odisha,CAO/C/ECOR ECoR mor,3792.0,1994-03-01,2026-12-01,cost_escalating,EXACT_NUMERIC_CODE,1.0
P_NUM_705359,705359,Talcher-Bimlagarh 154 km,Ministry of Railways,Transport & Logistics,Odisha,CAO/C/ECOR ECoR mor,1928.0,2004-03-01,2025-03-01,severely_delayed,EXACT_NUMERIC_CODE,1.0
P_NUM_705362,705362,"Jaynagar-Bijalpura, incl. extn. Bet, Bijalpura-Bardibas [Nepal]",Ministry of Railways,Transport & Logistics,Offshore,East Central Railway [ECR] - I,819.0,2015-08-01,2022-03-01,severely_delayed,EXACT_NUMERIC_CODE,1.0
P_NUM_705363,705363,Sakri-Hasanpur Road New Rail Line Project,Ministry of Railways,Transport & Logistics,Bihar,East Central Railway [ECR] - I,735.0,2011-03-01,2024-12-01,healthy,EXACT_NUMERIC_CODE,1.0
P_NUM_705364,705364,Khagaria-Kusheshwar Asthan [42Km] new line project,Ministry of Railways,Transport & Logistics,Bihar,East Central Railway [ECR] - I,614.0,2019-04-01,2024-12-01,severely_delayed,EXACT_NUMERIC_CODE,1.0
P_NUM_705366,705366,Hajipur-Sagauli via Vaishali 148.3 km,Ministry of Railways,Transport & Logistics,Bihar,CAO/Con/North/MHX ECR mor,2067.0,2007-10-01,2020-03-01,severely_delayed,EXACT_NUMERIC_CODE,1.0
P_NUM_705368,705368,Araria-Supaul 92 km,Ministry of Railways,Transport & Logistics,Bihar,CAO/Con/North/MHX ECR mor,1605.0,2009-08-01,2024-03-01,severely_delayed,EXACT_NUMERIC_CODE,1.0
P_NUM_705373,705373,Fatuah-Islampur incl. material modification for extension of new line from Neora to,Ministry of Railways,Transport & Logistics,Bihar,CAO/Con/South/MHX ECR mor,1473.0,2002-08-01,2023-03-01,severely_delayed,EXACT_NUMERIC_CODE,1.0
P_NUM_705375,705375,Koderma-Tilaiya 68 km,Ministry of Railways,Transport & Logistics,"Multi-States, (Bihar, Jharkhand)",CAO/Con/South/MHX ECR mor,1626.0,2004-11-01,2025-02-01,severely_delayed,EXACT_NUMERIC_CODE,1.0
P_NUM_705385,705385,Pirpainti - Jasidih 97 km,Ministry of Railways,Transport & Logistics,"Multi-States, (Bihar, Jharkhand)",CAOC/ER ER mor,2555.0,2014-03-01,2028-03-01,healthy,EXACT_NUMERIC_CODE,1.0
P_NUM_705391,705391,Jiribam-Imphal 110 km,Ministry of Railways,Transport & Logistics,Manipur,CAO/C-III/NFR NFR mor,14323.0,2003-10-01,2026-12-01,severely_delayed,EXACT_NUMERIC_CODE,1.0
P_NUM_705392,705392,Dimapur-Kohima 88 km,Ministry of Railways,Transport & Logistics,"Multi-States, (Assam,, Nagaland)",CAO/C-1/NFR NFR mor,6663.0,2006-11-01,2025-03-01,severely_delayed,EXACT_NUMERIC_CODE,1.0
P_NUM_705394,705394,Teteliya-Byrnihat 21.5 km,Ministry of Railways,Transport & Logistics,"Multi-States, (Assam,, Meghalaya)",CAO/C-II/NFR NFR mor,1304.62,2006-11-01,2011-11-01,severely_delayed,EXACT_NUMERIC_CODE,1.0
P_NUM_705396,705396,Byrnihat-Shillong New Rail Line- 108 km,Ministry of Railways,Transport & Logistics,Meghalaya,Northeast Frontier Railway [NFR],8324.28,2011-04-01,2021-03-01,severely_delayed,EXACT_NUMERIC_CODE,1.0
P_NUM_705400,705400,New B.G. Railway Line- Araria to Galgalia [Thakurgunj],Ministry of Railways,Transport & Logistics,Bihar,Northeast Frontier Railway [NFR],2650.0,2007-06-01,2024-12-01,severely_delayed,EXACT_NUMERIC_CODE,1.0
P_NUM_705401,705401,Murkongselek-Pasighat 26.15 km,Ministry of Railways,Transport & Logistics,"Multi-States, (Arunachal, Pradesh, Assam)",CAO/C-II/NFR NFR mor,435.0,2011-02-01,2025-03-01,severely_delayed,EXACT_NUMERIC_CODE,1.0
P_NUM_705410,705410,Nangal Dam-Talwara 83.74 km - New broad gauge line & taking over siding Mukerian-,Ministry of Railways,Transport & Logistics,"Multi-States, (Himachal, Pradesh, Punjab)",CAOC/NR NR mor,2018.0,1983-03-01,2025-12-01,severely_delayed,EXACT_NUMERIC_CODE,1.0
P_NUM_705419,705419,Gwalior-Sheorpurkalan with extension to Kota 284 km,Ministry of Railways,Transport & Logistics,Madhya Pradesh,CAO/C/NCR NCR mor,2913.0,2010-02-01,2025-03-01,severely_delayed,EXACT_NUMERIC_CODE,1.0
P_NUM_705424,705424,Chandigarh-Baddi 33.23 km,Ministry of Railways,Transport & Logistics,"Multi-States, (Haryana,, Himachal Pradesh)",CAOC/NR NR mor,1540.0,2018-02-01,2026-12-01,cost_escalating,EXACT_NUMERIC_CODE,1.0
P_NUM_705428,705428,Bhanupalli-Bilaspur-Beri New Railway Line Project,Ministry of Railways,Transport & Logistics,"Multi-States, (Himachal, Pradesh, Punjab)",RVNL - II,13447.0,2009-03-01,2026-12-01,severely_delayed,EXACT_NUMERIC_CODE,1.0
P_NUM_705429,705429,Rishikesh-Karnaprayag New Rail Line- 125 km,Ministry of Railways,Transport & Logistics,Uttarakhand,RVNL - II,38953.0,2016-11-01,2025-12-01,severely_delayed,EXACT_NUMERIC_CODE,1.0
P_NUM_705432,705432,Sivok-Rangpo New Rail Line,Ministry of Railways,Transport & Logistics,"Multi-States, (Sikkim, West, Bengal)",Indian Railway Construction International Limited [IRCON],7877.0,2009-10-01,2015-05-01,severely_delayed,EXACT_NUMERIC_CODE,1.0
P_NUM_705433,705433,Dallirajhra- Rowghat New Railway Line - Phase I [95 km],Ministry of Railways,Transport & Logistics,Chhattisgarh,Rail Vikas Nigam Limited,1628.0,2009-07-01,2025-09-01,healthy,EXACT_NUMERIC_CODE,1.0
P_NUM_705434,705434,New Railway Line between Ginigera and Raichur [165.57 km],Ministry of Railways,Transport & Logistics,Karnataka,South Western Railway [SWR] - II,2565.0,2008-03-01,2019-03-01,severely_delayed,EXACT_NUMERIC_CODE,1.0
P_NUM_705436,705436,Kotapalli - Narasapur New Line,Ministry of Railways,Transport & Logistics,Andhra Pradesh,South Central Railway [SCR] - II,2501.0,2009-03-01,2028-03-01,healthy,EXACT_NUMERIC_CODE,1.0
P_NUM_705437,705437,Manoharabad-Kothapalli New Rail Line [151 km],Ministry of Railways,Transport & Logistics,Telangana,South Central Railway [SCR] - II,1160.0,2016-07-01,2027-03-01,severely_delayed,EXACT_NUMERIC_CODE,1.0
P_NUM_705444,705444,Gevra Road-Pendra Road New Railway Line [135 km],Ministry of Railways,Transport & Logistics,Chhattisgarh,Indian Railway Construction International Limited [IRCON],4970.0,2014-04-01,2022-03-01,severely_delayed,EXACT_NUMERIC_CODE,1.0
P_NUM_705450,705450,Jogbani-Biratnagar New Rail Line project,Ministry of Railways,Transport & Logistics,Bihar,Indian Railway Construction International Limited [IRCON],402.0,2010-06-01,2022-03-01,severely_delayed,EXACT_NUMERIC_CODE,1.0
P_NUM_705453,705453,"Dahod-Indore via Sardarpur, Jhabua & Dhar 200.97 km incl. material modification for",Ministry of Railways,Transport & Logistics,"Multi-States, (Gujarat, Madhya, Pradesh)",CAOCWR WR mor,456.07,2012-06-01,2027-02-01,cost_escalating,EXACT_NUMERIC_CODE,1.0
P_NUM_705454,705454,Chhota Udepur-Dhar 157 km,Ministry of Railways,Transport & Logistics,"Multi-States, (Gujarat, Madhya, Pradesh)",CAOCWR WR mor,1794.0,2007-02-01,2025-12-01,healthy,EXACT_NUMERIC_CODE,1.0
P_NUM_705457,705457,Ratlam-Mhow-Khandwa-Akola 472.64 km including material modification for,Ministry of Railways,Transport & Logistics,"Multi-States, (Madhya Pradesh,, Maharashtra)",CAOCWR WR mor,1656.25,2008-01-01,2027-03-01,severely_delayed,EXACT_NUMERIC_CODE,1.0
P_NUM_705458,705458,Miyagam-Karjan-Dabhoi-Samlaya 96.46 km- Gauge conversion with electrification,Ministry of Railways,Transport & Logistics,Gujarat,CAOCWR WR mor,483.88,2017-01-01,2026-12-01,cost_escalating,EXACT_NUMERIC_CODE,1.0
P_NUM_705464,705464,Bangalore-Satyamanglam New Line Project [260 Km] - Part Hejjala - Chamarajanagar,Ministry of Railways,Transport & Logistics,Karnataka,South Western Railway [SWR] - II,1382.78,1999-02-01,2031-12-01,deteriorating,EXACT_NUMERIC_CODE,1.0
P_NUM_705479,705479,Wadsa-Gadchiroli 49.5 km,Ministry of Railways,Transport & Logistics,Maharashtra,CAOC/SECR SECR mor,1886.0,2017-05-01,2027-03-01,healthy,EXACT_NUMERIC_CODE,1.0
P_NUM_705480,705480,"Lalitpur-Satna, Rewa-Singrauli & Mahoba-Khajuraho 541 km",Ministry of Railways,Transport & Logistics,"Multi-States, (Madhya Pradesh,, Uttar Pradesh)",CE/C-4/WCR WCR mor,8914.0,2007-01-01,2027-03-01,severely_delayed,EXACT_NUMERIC_CODE,1.0
P_NUM_705481,705481,Ramganj Mandi-Bhopal 262 km,Ministry of Railways,Transport & Logistics,"Multi-States, (Madhya Pradesh,, Rajasthan)",CPM/Kota WCR mor,3032.0,2000-02-01,2025-12-01,severely_delayed,EXACT_NUMERIC_CODE,1.0
P_NUM_705482,705482,Dholpur - Sirmuttra Gauge Conversion,Ministry of Railways,Transport & Logistics,Rajasthan,North Central Railway,747.0,2022-03-01,2024-03-01,severely_delayed,EXACT_NUMERIC_CODE,1.0
P_NUM_705489,705489,Madurai-Tuticorin via Aruppukkottai 143.5 km,Ministry of Railways,Transport & Logistics,Tamil Nadu,CAOC/SR SR mor,601.43,2011-04-01,2021-07-01,severely_delayed,EXACT_NUMERIC_CODE,1.0
P_NUM_705490,705490,Gadag - Wadi 252 km,Ministry of Railways,Transport & Logistics,Karnataka,CAOC/SWR SWR mor,2842.0,2013-04-01,2027-03-01,severely_delayed,EXACT_NUMERIC_CODE,1.0
P_NUM_705491,705491,Marikuppam-Kuppam 23.7 km,Ministry of Railways,Transport & Logistics,"Multi-States, (Andhra Pradesh,, Karnataka)",CAOC/SWR SWR mor,297.0,2011-10-01,2026-06-01,cost_escalating,EXACT_NUMERIC_CODE,1.0
P_NUM_705492,705492,Kadur-Chickmagalur-Sakleshpur 93 km,Ministry of Railways,Transport & Logistics,Karnataka,CAOC/SWR SWR mor,825.0,2014-01-01,2025-06-01,cost_escalating,EXACT_NUMERIC_CODE,1.0
P_NUM_705493,705493,Hubli-Ankola 167 km,Ministry of Railways,Transport & Logistics,Karnataka,CAOC/SWR SWR mor,5174.0,1999-01-01,2005-03-01,severely_delayed,EXACT_NUMERIC_CODE,1.0
P_NUM_705494,705494,Rayadurg-Tumkur via Kalyandurg 213 km,Ministry of Railways,Transport & Logistics,"Multi-States, (Andhra Pradesh,, Karnataka)",CAOC/SWR SWR mor,2496.0,2007-02-01,2015-09-01,severely_delayed,EXACT_NUMERIC_CODE,1.0
P_NUM_705495,705495,Bagalkot-Kudachi 142 km,Ministry of Railways,Transport & Logistics,Karnataka,CAOC/SWR SWR mor,1378.0,2010-02-01,2027-03-01,cost_escalating,EXACT_NUMERIC_CODE,1.0
P_NUM_705496,705496,Tumkur-Chitradurg-Davangere 199.7 km,Ministry of Railways,Transport & Logistics,Karnataka,CAOC/SWR SWR mor,1876.0,2011-03-01,2019-03-01,severely_delayed,EXACT_NUMERIC_CODE,1.0
P_NUM_705497,705497,Wardha - Yavatmal Nanded Railway Line Project,Ministry of Railways,Transport & Logistics,Maharashtra,Central Railways,3445.34,2008-02-01,2026-12-01,cost_escalating,EXACT_NUMERIC_CODE,1.0
P_NUM_705498,705498,Kalyan-Kasara - 3rd line 67.62 km,Ministry of Railways,Transport & Logistics,Maharashtra,CAOC/CR CR mor,792.89,2015-09-01,2026-12-01,cost_escalating,EXACT_NUMERIC_CODE,1.0
P_NUM_705500,705500,Wardha Sevagram-Nagpur - 3rd line 76.3 km,Ministry of Railways,Transport & Logistics,Maharashtra,CAOC/CR CR mor,540.02,2015-09-01,2025-12-01,severely_delayed,EXACT_NUMERIC_CODE,1.0
P_NUM_705502,705502,Wardha-Balharshah - 3rd line 132 km,Ministry of Railways,Transport & Logistics,Maharashtra,CAOC/CR CR mor,1384.72,2016-03-01,2025-12-01,cost_escalating,EXACT_NUMERIC_CODE,1.0
P_NUM_705503,705503,Pune - Miraj-Londa [467 Kilometres],Ministry of Railways,Transport & Logistics,Maharashtra,Central Railway,4027.53,2016-06-01,2025-02-01,cost_escalating,EXACT_NUMERIC_CODE,1.0
P_NUM_705504,705504,Daund - Manmad 247.50 km,Ministry of Railways,Transport & Logistics,Maharashtra,CAOC/CR CR mor,2081.27,2017-10-01,2025-12-01,cost_escalating,EXACT_NUMERIC_CODE,1.0
P_NUM_705505,705505,Wardha-Nagpur - 4th line 78.70 km,Ministry of Railways,Transport & Logistics,Maharashtra,CAOC/CR CR mor,637.95,2017-04-01,2025-12-01,severely_delayed,EXACT_NUMERIC_CODE,1.0
P_NUM_705506,705506,3rd Line Manmad - Jalgaon [160 Kilometres],Ministry of Railways,Transport & Logistics,Maharashtra,Central Railway [CR] - II,1035.16,2017-05-01,2024-12-01,severely_delayed,EXACT_NUMERIC_CODE,1.0
P_NUM_705507,705507,Itarsi-Nagpur bal. 280 km,Ministry of Railways,Transport & Logistics,"Multi-States, (Madhya Pradesh,, Maharashtra)",CAOC/CR CR mor,2449.91,2016-09-01,2027-03-01,severely_delayed,EXACT_NUMERIC_CODE,1.0
P_NUM_705510,705510,Bhadrak-Nergundi - 3rd line 80 km,Ministry of Railways,Transport & Logistics,Odisha,CAO/C/ECOR ECoR mor,1284.0,2012-03-01,2024-11-01,severely_delayed,EXACT_NUMERIC_CODE,1.0
P_NUM_705511,705511,Jagdalpur-Koraput 110.22 km,Ministry of Railways,Transport & Logistics,"Multi-States, (Chhattisgarh,, Odisha)",CAO/C/ECOR ECoR mor,1547.0,2015-12-01,2024-03-01,severely_delayed,EXACT_NUMERIC_CODE,1.0
P_NUM_705512,705512,Kottavalasa-Koraput 189.278 km,Ministry of Railways,Transport & Logistics,"Multi-States, (Andhra Pradesh,, Odisha)",CAO/C/ECOR ECoR mor,2500.0,2015-12-01,2022-03-01,severely_delayed,EXACT_NUMERIC_CODE,1.0
P_NUM_705513,705513,Koraput-Singapur Road 164.56 km,Ministry of Railways,Transport & Logistics,Odisha,CAO/C/ECOR ECoR mor,2362.0,2015-12-01,2027-12-01,healthy,EXACT_NUMERIC_CODE,1.0
P_NUM_705514,705514,Jarapaada-Budhapank with flyover at Talcher Road - 3rd & 4th line 47 44 km,Ministry of Railways,Transport & Logistics,Odisha,CAO/C/ECOR ECoR mor,1000.0,2015-11-01,2018-11-01,severely_delayed,EXACT_NUMERIC_CODE,1.0
P_NUM_705515,705515,Budhapank-Salegaon via Rajatgarh - 3rd & 4th line 85 85 km,Ministry of Railways,Transport & Logistics,Odisha,CAO/C/ECOR ECoR mor,1173.0,2015-12-01,2026-03-01,cost_escalating,EXACT_NUMERIC_CODE,1.0
P_NUM_705520,705520,Vizianagaram-Sambhalpur 3rd Line Project,Ministry of Railways,Transport & Logistics,"Multi-States, (Andhra Pradesh,, Odisha)",RVNL,4803.16,2016-06-01,2025-03-01,deteriorating,EXACT_NUMERIC_CODE,1.0
P_NUM_705526,705526,Samastipur-Darbhanga 38 km,Ministry of Railways,Transport & Logistics,Bihar,CAO/Con/North/MHX ECR mor,519.0,2015-11-01,2025-03-01,severely_delayed,EXACT_NUMERIC_CODE,1.0
P_NUM_705527,705527,Sagauli - Valmikinagar 109.7 km,Ministry of Railways,Transport & Logistics,Bihar,CAO/Con/North/MHX ECR mor,1216.0,2018-03-01,2025-12-01,cost_escalating,EXACT_NUMERIC_CODE,1.0
P_NUM_705528,705528,Muzaffarpur - Sagauli 100.6 km,Ministry of Railways,Transport & Logistics,Bihar,CAO/Con/North/MHX ECR mor,1586.0,2018-03-01,2024-06-01,severely_delayed,EXACT_NUMERIC_CODE,1.0
P_NUM_705562,705562,Chhapra-Ballia - Patch doubling 65 km,Ministry of Railways,Transport & Logistics,"Multi-States, (Bihar, Uttar, Pradesh)",CAOC/NER NER mor,963.0,2013-03-01,2025-02-01,severely_delayed,EXACT_NUMERIC_CODE,1.0
P_NUM_705566,705566,Domingarh-Gorakhpur-Gorakhpur Cantt.-Kusumhi - 3rd Railway Line Project,Ministry of Railways,Transport & Logistics,Uttar Pradesh,North Eastern Railway [NER],351.0,2016-11-01,2025-02-01,severely_delayed,EXACT_NUMERIC_CODE,1.0
P_NUM_705567,705567,Burhwal - Gonda - 3rd line 61.72 km,Ministry of Railways,Transport & Logistics,Uttar Pradesh,CAOC/NER NER mor,1016.0,2017-11-01,2025-03-01,severely_delayed,EXACT_NUMERIC_CODE,1.0
P_NUM_705572,705572,New Bongaigaon - Goalpara - Guwahati Kamakhya 176 km,Ministry of Railways,Transport & Logistics,Assam,CAO/C-III/NFR NFR mor,4060.0,2016-09-01,2026-03-01,cost_escalating,EXACT_NUMERIC_CODE,1.0
P_NUM_705583,705583,Anand Vihar-Tilak Bridge - 3rd & 4th line 9.77 km,Ministry of Railways,Transport & Logistics,Delhi,CAOC/NR NR mor,667.0,2012-06-01,2023-03-01,severely_delayed,EXACT_NUMERIC_CODE,1.0
P_NUM_705588,705588,Janghai - Pratapgarh - Amethi 87 km,Ministry of Railways,Transport & Logistics,Uttar Pradesh,CAO/C-II/NR NR mor,722.0,2017-11-01,2025-03-01,severely_delayed,EXACT_NUMERIC_CODE,1.0
P_NUM_705598,705598,Jhansi-Bina - 3rd line 152.57 km,Ministry of Railways,Transport & Logistics,"Multi-States, (Madhya Pradesh,, Uttar Pradesh)",CAO/C/NCR NCR mor,2002.0,2016-09-01,2022-03-01,severely_delayed,EXACT_NUMERIC_CODE,1.0
P_NUM_705608,705608,Jhansi-Khairar-Manikpur & Khirar-Bhimsen,Ministry of Railways,Transport & Logistics,"Multi-States, (Madhya Pradesh,, Uttar Pradesh)",North Central Railway,4330.0,2018-03-01,2026-03-01,healthy,EXACT_NUMERIC_CODE,1.0
P_NUM_705610,705610,"Renigunta 9.60 km, Wadi 7.60 km & Gooty 3.8 km - Bypass",Ministry of Railways,Transport & Logistics,"Multi-States, (Andhra Pradesh,, Tamil Nadu)",CAO/C/SCoR SCoR mor,302.0,2016-04-01,2025-12-01,cost_escalating,EXACT_NUMERIC_CODE,1.0
P_NUM_705612,705612,Kazipet-Vijayawada 3rd line with electrification [220 km],Ministry of Railways,Transport & Logistics,"Multi-States, (Andhra Pradesh,, Telangana)",South Central Railway [SCR] - II,1953.0,2013-03-01,2025-02-01,severely_delayed,EXACT_NUMERIC_CODE,1.0
P_NUM_705613,705613,Third Line [new] between Kazipet - Balharshah with electrification [201.04 Km],Ministry of Railways,Transport & Logistics,"Multi-States, (Maharashtra,, Telangana)",South Central Railway [SCR] - II,2595.0,2016-09-01,2025-01-01,severely_delayed,EXACT_NUMERIC_CODE,1.0
P_NUM_705616,705616,Jharsuguda - Bilaspur - 4th line 206 km,Ministry of Railways,Transport & Logistics,"Multi-States, (Chhattisgarh,, Odisha)",CAOC/SECR SECR mor,2140.0,2016-09-01,2024-10-01,severely_delayed,EXACT_NUMERIC_CODE,1.0
P_NUM_705617,705617,Rajnandgaon-Nagpur - 3rd line 228 km,Ministry of Railways,Transport & Logistics,"Multi-States, (Chhattisgarh,, Maharashtra)",CAOC/SECR SECR mor,3545.0,2016-09-01,2024-12-01,severely_delayed,EXACT_NUMERIC_CODE,1.0
P_NUM_705628,705628,Bondamunda - Ranchi 158.50 km,Ministry of Railways,Transport & Logistics,"Multi-States, (Jharkhand,, Odisha)",CAO/C/SER SER mor,3029.0,2016-03-01,2025-06-01,severely_delayed,EXACT_NUMERIC_CODE,1.0
P_NUM_705629,705629,Narayangarh - Bhadrak - 3rd line 155 km,Ministry of Railways,Transport & Logistics,"Multi-States, (Odisha, West, Bengal)",CAO/C/SER SER mor,2400.0,2019-03-01,2025-12-01,severely_delayed,EXACT_NUMERIC_CODE,1.0
P_NUM_705632,705632,Vijayawada19.50 km & Kazipet10.65 km -Byepass line,Ministry of Railways,Transport & Logistics,"Multi-States, (Andhra Pradesh,, Telangana)",CAO/C/SCoR SCoR mor,647.0,2016-04-01,2025-01-01,severely_delayed,EXACT_NUMERIC_CODE,1.0
P_NUM_705633,705633,Guntur-Guntakal Doubling Project,Ministry of Railways,Transport & Logistics,Andhra Pradesh,South Central Railway [SCR] - II,3733.0,2017-03-01,2025-12-01,severely_delayed,EXACT_NUMERIC_CODE,1.0
P_NUM_705635,705635,Trivandrum- Kanyakumari,Ministry of Railways,Transport & Logistics,"Multi-States, (Kerala, Tamil, Nadu)",CAO/CN/ERS SR mor,1432.0,2017-08-01,2025-03-01,severely_delayed,EXACT_NUMERIC_CODE,1.0
P_NUM_705638,705638,Kumbalam-Turavur - Patch doubling 15.59 km,Ministry of Railways,Transport & Logistics,Kerala,CAO/CN/ERS SR mor,813.0,2023-04-01,2027-03-01,cost_escalating,EXACT_NUMERIC_CODE,1.0
P_NUM_705639,705639,Ernakulam-Kumbalam - Patch doubling 7.71 km,Ministry of Railways,Transport & Logistics,Kerala,CAO/CN/ERS SR mor,601.0,2023-04-01,2028-03-01,cost_escalating,EXACT_NUMERIC_CODE,1.0
P_NUM_705648,705648,Vijaywada-Gudur 3rd Line,Ministry of Railways,Transport & Logistics,Andhra Pradesh,RVNL - II,6654.0,2016-08-01,2024-11-01,severely_delayed,EXACT_NUMERIC_CODE,1.0
P_NUM_705650,705650,Hospet - Tinaighat - Vasco Rail Doubling Project,Ministry of Railways,Transport & Logistics,"Multi-States (Goa,, Karnataka)",RVNL - II,5060.0,2010-03-01,2027-03-01,severely_delayed,EXACT_NUMERIC_CODE,1.0
P_NUM_705651,705651,Katni - Bina Third Railway Line [279 km],Ministry of Railways,Transport & Logistics,Madhya Pradesh,West Central Railway WCR I,2478.23,2016-06-01,2022-03-01,severely_delayed,EXACT_NUMERIC_CODE,1.0
P_NUM_705659,705659,Satna - Rewa 50 km,Ministry of Railways,Transport & Logistics,Madhya Pradesh,CE/C-4/WCR WCR mor,500.0,2015-11-01,2026-03-01,cost_escalating,EXACT_NUMERIC_CODE,1.0
P_NUM_705660,705660,Doubling of Katni - Singrauli Railway Line [261 km],Ministry of Railways,Transport & Logistics,Madhya Pradesh,Indian Railway Construction International Limited [IRCON],2445.0,2016-03-01,2025-12-01,cost_escalating,EXACT_NUMERIC_CODE,1.0
P_NUM_705661,705661,Katni - Grade separator / bypass 21.50 km,Ministry of Railways,Transport & Logistics,Madhya Pradesh,GM IRCON KATNI WCR mor,1248.0,2016-08-01,2024-09-01,severely_delayed,EXACT_NUMERIC_CODE,1.0
P_NUM_705662,705662,Hotgi-Kudgi-Gadag Doubling Project,Ministry of Railways,Transport & Logistics,"Multi-States, (Karnataka,, Maharashtra)",South Western Railway [SWR] - II,1878.0,2014-04-01,2024-12-01,severely_delayed,EXACT_NUMERIC_CODE,1.0
P_NUM_705663,705663,Bangalore-Whitefield-Bangalore City-Krishnarajapuram 23.08 km - Quadrupling,Ministry of Railways,Transport & Logistics,Karnataka,CPM/GS/SBC SWR mor,493.0,2018-03-01,2026-02-01,cost_escalating,EXACT_NUMERIC_CODE,1.0
P_NUM_705667,705667,Mathura-Jhansi - 3rd line 273.80 km,Ministry of Railways,Transport & Logistics,"Multi-States, (Madhya Pradesh,, Rajasthan, Uttar, Pradesh)",CMD / RVNL RVNL mor,5961.0,2016-09-01,2023-12-01,severely_delayed,EXACT_NUMERIC_CODE,1.0
P_NUM_705668,705668,Kharagpur-Adityapur - 3rd line 132 km,Ministry of Railways,Transport & Logistics,"Multi-States, (Jharkhand, West, Bengal)",CMD / RVNL RVNL mor,3250.0,2016-09-01,2025-03-01,severely_delayed,EXACT_NUMERIC_CODE,1.0
P_NUM_705694,705694,Provision of Work-site Tampers [WST] Railway Project,Ministry of Railways,Transport & Logistics,Delhi,EDTK[MC]/RB,187.72,2016-01-01,2023-12-01,severely_delayed,EXACT_NUMERIC_CODE,1.0
P_NUM_705708,705708,WST Machine Procurement Project,Ministry of Road Transport & Highways,Transport & Logistics,Delhi,EDTK[MC]/RB,176.0,2018-06-01,2024-03-01,severely_delayed,EXACT_NUMERIC_CODE,1.0
P_NUM_705710,705710,PCT Machine Procurement Project,Ministry of Road Transport & Highways,Transport & Logistics,Delhi,EDTK[MC]/RB,336.0,2019-04-01,2024-04-01,severely_delayed,EXACT_NUMERIC_CODE,1.0
P_NUM_705712,705712,RBMV Machine Procurement Project,Ministry of Road Transport & Highways,Transport & Logistics,Delhi,EDTK[MC]/RB,480.0,2019-10-01,2024-06-01,severely_delayed,EXACT_NUMERIC_CODE,1.0
P_NUM_705717,705717,SRGM Machine Procurement Project,Ministry of Road Transport & Highways,Transport & Logistics,Delhi,EDTK[MC]/RB,440.0,2019-10-01,2023-12-01,severely_delayed,EXACT_NUMERIC_CODE,1.0
P_NUM_705720,705720,WST Machine Procurement Project,Ministry of Road Transport & Highways,Transport & Logistics,Delhi,EDTK[MC]/RB,384.0,2019-12-01,2024-04-01,severely_delayed,EXACT_NUMERIC_CODE,1.0
P_NUM_705721,705721,DTS Machine Procurement Project,Ministry of Road Transport & Highways,Transport & Logistics,Delhi,EDTK[MC]/RB,447.6,2019-12-01,2024-12-01,severely_delayed,EXACT_NUMERIC_CODE,1.0
P_NUM_705722,705722,BRM Machine Procurement Project,Ministry of Road Transport & Highways,Transport & Logistics,Delhi,EDTK[MC]/RB,210.0,2019-09-01,2024-06-01,severely_delayed,EXACT_NUMERIC_CODE,1.0
P_NUM_705726,705726,Track Machine Procurement Project,Ministry of Road Transport & Highways,Transport & Logistics,Delhi,EDTK[MC]/RB,6339.0,2020-04-01,2025-03-01,severely_delayed,EXACT_NUMERIC_CODE,1.0
P_NUM_705728,705728,Mumbai-Ahmedabad High Speed Rail Project- 508 km,Ministry of Railways,Transport & Logistics,"Multi-States, (Dadra & Nagar, Haveli and Daman, & Diu, Gujarat,, Maharashtra)",National High Speed Rail Corporation [NHSRC],108000.0,2015-03-01,2027-08-01,severely_delayed,EXACT_NUMERIC_CODE,1.0
P_NUM_705730,705730,Joka-BBD Bag new metro project,Ministry of Railways,Transport & Logistics,West Bengal,RVNL - II,4835.0,2010-03-01,2026-12-01,severely_delayed,EXACT_NUMERIC_CODE,1.0
P_NUM_705735,705735,Solapur-Osmanabad - New line via Tuljapur 84.44 km umbrella work PB23/2018-,Ministry of Railways,Transport & Logistics,Maharashtra,CAOC/CR CR mor,904.92,2019-01-01,2027-03-01,severely_delayed,EXACT_NUMERIC_CODE,1.0
P_NUM_705741,705741,Jeypore - Navarangpur 38 km,Ministry of Railways,Transport & Logistics,Odisha,CAO/C/ECOR ECoR mor,748.0,2017-07-01,2028-07-01,severely_delayed,EXACT_NUMERIC_CODE,1.0
P_NUM_705742,705742,Jeypore - Malkangiri 130 km,Ministry of Railways,Transport & Logistics,Odisha,CAO/C/ECOR ECoR mor,2344.0,2018-02-01,2033-07-01,deteriorating,EXACT_NUMERIC_CODE,1.0
P_NUM_705743,705743,Talcher-Angul New Line with Y-Connection at Talcher,Ministry of Railways,Transport & Logistics,Odisha,CAO/C/ECoR,495.0,2018-07-01,2027-05-01,severely_delayed,EXACT_NUMERIC_CODE,1.0
P_NUM_705747,705747,Parasnath-Madhuban-Giridih new line,Ministry of Railways,Transport & Logistics,Jharkhand,East Central Railway [ECR] - I,902.86,2019-03-01,2024-03-01,severely_delayed,EXACT_NUMERIC_CODE,1.0
P_NUM_705752,705752,Gudha-Thathana Mithri - Construction of dedicated test track for testing and trial of,Ministry of Railways,Transport & Logistics,Rajasthan,CAOC/NWR NWR mor,819.48,2019-04-01,2026-11-01,healthy,EXACT_NUMERIC_CODE,1.0
P_NUM_705755,705755,Morappur - Dharmpuri New Railway Line Project,Ministry of Railways,Transport & Logistics,Tamil Nadu,Southern Railway [SR] - I,359.0,2019-05-01,2028-03-01,deteriorating,EXACT_NUMERIC_CODE,1.0
P_NUM_705756,705756,Chirimiri-Nagpur Halt New Railway Line Project,Ministry of Railways,Transport & Logistics,Chhattisgarh,South East Central Railway [SECR] - II,241.0,2018-10-01,2030-06-01,cost_escalating,EXACT_NUMERIC_CODE,1.0
P_NUM_705761,705761,Shimoga-Shikaripura-Ranebennur 103 km umbrella work PB23/2018-19/NR,Ministry of Railways,Transport & Logistics,Karnataka,CAOC/SWR SWR mor,1454.0,2019-09-01,2027-12-01,deteriorating,EXACT_NUMERIC_CODE,1.0
P_NUM_705762,705762,Construction of New BG line between Hassan [Alur] to Belur [ Km 27.34],Ministry of Railways,Transport & Logistics,Karnataka,CAOC/SWR SWR mor,748.86,2019-06-01,2027-04-01,severely_delayed,EXACT_NUMERIC_CODE,1.0
P_NUM_705763,705763,Indore - Budni New Railway Line [198 kms],Ministry of Railways,Transport & Logistics,Madhya Pradesh,RVNL - II,7474.0,2019-08-01,2030-09-01,healthy,EXACT_NUMERIC_CODE,1.0
P_NUM_705764,705764,Nimach-Badi Sadri NL Project 48 km,Ministry of Railways,Transport & Logistics,"Multi-States, (Madhya Pradesh,, Rajasthan)",CAOC/NWR NWR mor,495.0,2018-10-01,2026-03-01,cost_escalating,EXACT_NUMERIC_CODE,1.0
P_NUM_705765,705765,Gomoh - Flyover for down trains 20 km,Ministry of Railways,Transport & Logistics,Jharkhand,CAO/Con/South/MHX ECR mor,686.0,2018-01-01,2026-03-01,healthy,EXACT_NUMERIC_CODE,1.0
P_NUM_705766,705766,Lalitpur - Birari with flyover at Lalitpur 15.80 km,Ministry of Railways,Transport & Logistics,Uttar Pradesh,CAO/C/NCR NCR mor,304.44,2017-03-01,2024-12-01,severely_delayed,EXACT_NUMERIC_CODE,1.0
P_NUM_705767,705767,Baghuapal Flyover Construction Project,Ministry of Railways,Transport & Logistics,Odisha,CAO/C/ECoR,257.97,2019-08-01,2028-03-01,deteriorating,EXACT_NUMERIC_CODE,1.0
P_NUM_705771,705771,Allahabad-Bamhrauli Flyover Construction & 4th Railway Line Project,Ministry of Railways,Transport & Logistics,Uttar Pradesh,North Central Railway,494.0,2019-04-01,2026-03-01,healthy,EXACT_NUMERIC_CODE,1.0
P_NUM_705772,705772,Mughalsarai - Allahabad - 3rd line 150 km,Ministry of Railways,Transport & Logistics,Uttar Pradesh,CAO/C/NCR NCR mor,2649.0,2019-08-01,2026-12-01,healthy,EXACT_NUMERIC_CODE,1.0
P_NUM_705774,705774,Aligarh-Daud Khan - 3rd line 6.9 km & construction of flyover at Daud Khan,Ministry of Railways,Transport & Logistics,Uttar Pradesh,CAO/C/NCR NCR mor,758.0,2019-04-01,2025-01-01,severely_delayed,EXACT_NUMERIC_CODE,1.0
P_NUM_705777,705777,Bhandai - Flyover for Etawah bound down trains 10 km,Ministry of Railways,Transport & Logistics,Uttar Pradesh,CAO/C/NCR NCR mor,250.18,2019-04-01,2026-02-01,severely_delayed,EXACT_NUMERIC_CODE,1.0
P_NUM_705779,705779,"Phephna-Indara, Mau-Shahganj doubling excluding Indara-Mau",Ministry of Railways,Transport & Logistics,Uttar Pradesh,RVNL - I,1178.0,2017-05-01,2024-12-01,severely_delayed,EXACT_NUMERIC_CODE,1.0
P_NUM_705780,705780,Bhatni - Aunrihar with electrification 125 km excl Indara - Mau 116.95 km,Ministry of Railways,Transport & Logistics,Uttar Pradesh,CMD / RVNL RVNL mor,2529.0,2018-03-01,2024-03-01,severely_delayed,EXACT_NUMERIC_CODE,1.0
P_NUM_705782,705782,Barabanki-Malhaur - 3rd & 4th Line 32.84 km,Ministry of Railways,Transport & Logistics,Uttar Pradesh,CAO/C-II/NR NR mor,407.0,2019-01-01,2025-03-01,severely_delayed,EXACT_NUMERIC_CODE,1.0
P_NUM_705783,705783,Ludhiana-Kila Raipur 19 km with freight line at Gill station,Ministry of Railways,Transport & Logistics,Punjab,CAOC/NR NR mor,237.64,2019-03-01,2025-03-01,severely_delayed,EXACT_NUMERIC_CODE,1.0
P_NUM_705784,705784,Janghai-Phaphamau Doubling Rail Line Project,Ministry of Railways,Transport & Logistics,Uttar Pradesh,RVNL,357.0,2018-11-01,2025-03-01,cost_escalating,EXACT_NUMERIC_CODE,1.0
P_NUM_705785,705785,Lodhma-Piska - Link line bypassing Hatia / Ranchi with Y connection 17.2 km,Ministry of Railways,Transport & Logistics,Jharkhand,CAO/C/SER SER mor,473.0,2021-08-01,2026-06-01,severely_delayed,EXACT_NUMERIC_CODE,1.0
P_NUM_705789,705789,Penukonda - Dharmavaram Doubling Project [41.5 Km],Ministry of Railways,Transport & Logistics,Andhra Pradesh,South Western Railway [SWR] - II,307.66,2018-06-01,2026-03-01,healthy,EXACT_NUMERIC_CODE,1.0
P_NUM_705793,705793,Raising of speed to 160 kmph/200 kmph on existing New Delhi-Mumbai route incl.,Ministry of Railways,Transport & Logistics,"Multi-States (Delhi,, Gujarat, Madhya, Pradesh,, Maharashtra,, Rajasthan)",PCE/WR,6806.44,2019-09-01,2024-03-01,severely_delayed,EXACT_NUMERIC_CODE,1.0
P_NUM_705794,705794,New Delhi- Howrah Speed Booster[160Kmph] Project,Ministry of Railways,Transport & Logistics,"Multi-States, (Bihar, Delhi,, Jharkhand, Uttar, Pradesh, West, Bengal)",PCE/NCR,6684.81,2019-09-01,2024-03-01,deteriorating,EXACT_NUMERIC_CODE,1.0
P_NUM_705799,705799,Nagpur- Nagbhir Railway Line Gauge Conversion Project,Ministry of Railways,Transport & Logistics,Maharashtra,MRIDC,1400.0,2019-10-01,2025-12-01,healthy,EXACT_NUMERIC_CODE,1.0
P_NUM_705863,705863,Bahraich - Nanpara - Nepalganj Road Gauge Conversion,Ministry of Railways,Transport & Logistics,Uttar Pradesh,North Eastern Railway [NER],950.0,2020-07-01,2025-07-01,healthy,EXACT_NUMERIC_CODE,1.0
P_NUM_705912,705912,Sawai Madhopur-Jaipur Railway Line Project,Ministry of Railways,Transport & Logistics,Rajasthan,North Western Railway [NWR],1203.89,2024-02-01,2027-03-01,deteriorating,EXACT_NUMERIC_CODE,1.0
P_NUM_705918,705918,Allahabad division - Aligarh - Harduaganj Flyover,Ministry of Railways,Transport & Logistics,Uttar Pradesh,North Central Railway,1457.0,2020-04-01,2026-10-01,healthy,EXACT_NUMERIC_CODE,1.0
P_NUM_705919,705919,Agra Fort-Bandikui Doubling Line Project,Ministry of Railways,Transport & Logistics,Rajasthan,CAO/C/NCR,1390.0,2022-06-01,2027-06-01,healthy,EXACT_NUMERIC_CODE,1.0
P_NUM_705933,705933,Nimach-Ratlam 133 km,Ministry of Railways,Transport & Logistics,Madhya Pradesh,CAOCWR WR mor,1095.88,2021-10-01,2027-10-01,cost_escalating,EXACT_NUMERIC_CODE,1.0
P_NUM_705941,705941,Bangalore Suburban Railway Project,Ministry of Railways,Transport & Logistics,Karnataka,Karnataka Rail Infrastructure Development Company Limited [K-RIDE],15767.0,2020-10-01,2026-12-01,severely_delayed,EXACT_NUMERIC_CODE,1.0
P_NUM_706718,706718,C/o NITB Imphal Airport,Ministry of Civil Aviation,Transport & Logistics,Manipur,Airport Authority of India [AAI],499.0,2021-11-01,2024-07-01,severely_delayed,EXACT_NUMERIC_CODE,1.0
P_NUM_706724,706724,Guwahati Airport New Integrated Terminal Building Construction Project,Ministry of Civil Aviation,Transport & Logistics,Assam,Adani Airport Holdings Limited,1712.0,2016-12-01,2025-03-01,severely_delayed,EXACT_NUMERIC_CODE,1.0
P_NUM_706757,706757,Modasa-Shamlaji Road Railway Line Project,Ministry of Railways,Transport & Logistics,Gujarat,Western Railway WR - II,262.0,2012-09-01,2025-03-01,severely_delayed,EXACT_NUMERIC_CODE,1.0
P_NUM_706759,706759,Rampur Dumra-Tal-Rajendrapul - Addl bridge and doubling 14 km,Ministry of Railways,Transport & Logistics,Bihar,CGM/CIVIL ECR mor,2373.64,2016-03-01,2024-12-01,severely_delayed,EXACT_NUMERIC_CODE,1.0
P_NUM_706763,706763,Rajkot-Kanalus 111.20 km,Ministry of Railways,Transport & Logistics,Gujarat,CAOCWR WR mor,1080.58,2021-10-01,2026-10-01,healthy,EXACT_NUMERIC_CODE,1.0
P_NUM_706775,706775,BharatNet,Ministry of Telecommunications,Communication,PAN India,Department of Telecommunications [DoT],61109.0,2017-07-01,2023-08-01,healthy,EXACT_NUMERIC_CODE,1.0
P_NUM_706776,706776,Noapara-Barasat via Bimanbandar - Construction of Metro railway [18 km],Ministry of Housing & Urban Affairs,Transport & Logistics,West Bengal,"Metro Railway, Kolkata",4830.0,2010-11-01,2026-08-01,severely_delayed,EXACT_NUMERIC_CODE,1.0
P_NUM_706777,706777,Baranagar-Barrackpore and Dakshineshwar- Construction of Metro Railway,Ministry of Railways,Transport & Logistics,West Bengal,RVNL - II,2298.0,2010-03-01,2026-12-01,severely_delayed,EXACT_NUMERIC_CODE,1.0
P_NUM_706779,706779,Mumbai Urban Transport Project [MUTP] - PHASE II,Ministry of Railways,Transport & Logistics,Maharashtra,Mumbai Rail Vikas Corporation Ltd.[MRVC],8087.0,2008-05-01,2014-03-01,severely_delayed,EXACT_NUMERIC_CODE,1.0
P_NUM_706780,706780,Mumbai Urban Transport Project [MUTP] Phase-IIIA,Ministry of Railways,Transport & Logistics,Maharashtra,Mumbai Rail Vikas Corporation Ltd.[MRVC],33690.0,2019-04-01,2027-12-01,deteriorating,EXACT_NUMERIC_CODE,1.0
P_NUM_706781,706781,Mumbai Urban Transport Project Phase-III,Ministry of Railways,Transport & Logistics,Maharashtra,Mumbai Rail Vikas Corporation Ltd.[MRVC],10947.0,2016-11-01,2022-03-01,severely_delayed,EXACT_NUMERIC_CODE,1.0
P_NUM_706811,706811,NMDC Slurry Pipeline Project Phase-1,Ministry of Mines,Others,Chhattisgarh,National Mineral Development Corporation Limited [NMDC],2907.0,2015-11-01,2023-06-01,severely_delayed,EXACT_NUMERIC_CODE,1.0
P_NUM_706835,706835,Belgaum-Dharwad via Kittur [73.10Km],Ministry of Railways,Transport & Logistics,Karnataka,South Western Railway [SWR] - II,1591.0,2020-09-01,2027-12-01,severely_delayed,EXACT_NUMERIC_CODE,1.0
P_NUM_706836,706836,Dedicatedtest track for RDSO Phase-2 34 km Umbrella work PB22/2019-20/NR,Ministry of Railways,Transport & Logistics,Rajasthan,CAOC/NWR NWR mor,466.42,2021-11-01,2026-11-01,cost_escalating,EXACT_NUMERIC_CODE,1.0
P_NUM_706837,706837,Pradhan Kuntha Jn Line Doubling Project,Ministry of Railways,Transport & Logistics,Jharkhand,East Central Railway [ECR] - I,349.22,2022-11-01,2027-11-01,healthy,EXACT_NUMERIC_CODE,1.0
P_NUM_706844,706844,Katihar - Kumedpur Doubling Line Project,Ministry of Railways,Transport & Logistics,"Multi-States, (Bihar, West, Bengal)",GM/C/ NFR,942.0,2022-08-01,2027-08-01,healthy,EXACT_NUMERIC_CODE,1.0
P_NUM_706854,706854,Boridand-Ambikapur 118.81 km Umbrella work PB57/2019-20/NR,Ministry of Railways,Transport & Logistics,Chhattisgarh,CAOC/SECR SECR mor,1376.0,2022-06-01,2030-06-01,healthy,EXACT_NUMERIC_CODE,1.0
P_NUM_706856,706856,Rourkela - Bondamunda 5th Line Doubling Project,Ministry of Railways,Transport & Logistics,Odisha,South Eastern Railway [SER] - I,245.0,2022-03-01,2026-09-01,healthy,EXACT_NUMERIC_CODE,1.0
P_NUM_706860,706860,Barauni-Bachwara 16 km - 3rd & 4th line incl Barauni yard remodelling 32 km,Ministry of Railways,Transport & Logistics,Bihar,CAO/Con/North/MHX ECR mor,645.0,2022-10-01,2025-08-01,severely_delayed,EXACT_NUMERIC_CODE,1.0
P_NUM_706865,706865,Chandorgaon-Cansaulim rail flyover 16 km Umbrella work PB57/2019-20/NR,Ministry of Railways,Transport & Logistics,Goa,CAOC/SWR SWR mor,1892.0,2022-01-01,2031-03-01,deteriorating,EXACT_NUMERIC_CODE,1.0
P_NUM_706866,706866,Sawaimadhopur - Bypass line 6.98 km Umbrella work PB57/2019-20/NR,Ministry of Railways,Transport & Logistics,Rajasthan,CAOC/NWR NWR mor,304.0,2022-12-01,2026-03-01,severely_delayed,EXACT_NUMERIC_CODE,1.0
P_NUM_706898,706898,Khurda Road - Balangir Electrification of Railway Track Project,Ministry of Railways,Transport & Logistics,Odisha,Ministry of Railways,267.61,2018-09-01,2021-03-01,deteriorating,EXACT_NUMERIC_CODE,1.0
P_NUM_706922,706922,Guwahati-Dibrugarh via Tinsukia & Simaluguri-Dibrugarh,Ministry of Railways,Transport & Logistics,Assam,Central Organisation for Railway Electrification [CORE],890.36,2020-09-01,2020-09-01,severely_delayed,EXACT_NUMERIC_CODE,1.0
P_NUM_706940,706940,"Mariani-Jorhat, Tinsukia-Dangri and Makum -TirapTrack Electrification Project",Ministry of Road Transport & Highways,Transport & Logistics,Assam,GM/C/ NFR,183.99,2018-09-01,2024-05-01,deteriorating,EXACT_NUMERIC_CODE,1.0
P_NUM_706942,706942,Harmuty-Murkongselek Branch Line Electrification Project,Ministry of Railways,Transport & Logistics,Assam,GM/C/ NFR,237.52,2018-09-01,2024-05-01,deteriorating,EXACT_NUMERIC_CODE,1.0
P_NUM_706950,706950,Hospet-Hubli-Vasco da Gama Line Electrification Project,Ministry of Railways,Transport & Logistics,"Multi-States (Goa,, Karnataka)",RVNL,744.49,2015-07-01,2023-03-01,severely_delayed,EXACT_NUMERIC_CODE,1.0
P_NUM_706965,706965,Establishment of new GMC Saran [Chhapara],Ministry of Health & Family Welfare,Social & Commercial,Bihar,"Medical Education, Ministry of Health and Family Welfare",189.0,1900-01-01,1900-01-01,deteriorating,EXACT_NUMERIC_CODE,1.0
P_NUM_706966,706966,Establishment of new GMC Samastipur,Ministry of Health & Family Welfare,Social & Commercial,Bihar,"Medical Education, Ministry of Health and Family Welfare",189.0,1900-01-01,1900-01-01,deteriorating,EXACT_NUMERIC_CODE,1.0
P_NUM_706988,706988,Establishment of new GMC Gondia,Ministry of Health & Family Welfare,Social & Commercial,Maharashtra,"Medical Education, Ministry of Health and Family Welfare",189.0,2021-07-01,2023-07-01,healthy,EXACT_NUMERIC_CODE,1.0
P_NUM_706989,706989,Establishment of new GMC West Garo Hills [Tura],Ministry of Health & Family Welfare,Social & Commercial,Meghalaya,"Medical Education, Ministry of Health and Family Welfare",189.0,1900-01-01,1900-01-01,deteriorating,EXACT_NUMERIC_CODE,1.0
P_NUM_707016,707016,Establishment of new GMC Sitamarhi,Ministry of Health & Family Welfare,Social & Commercial,Bihar,"Medical Education, Ministry of Health and Family Welfare",250.0,1900-01-01,1900-01-01,deteriorating,EXACT_NUMERIC_CODE,1.0
P_NUM_707017,707017,Establishment of new GMC Jhanjharpur,Ministry of Health & Family Welfare,Social & Commercial,Bihar,"Medical Education, Ministry of Health and Family Welfare",250.0,1900-01-01,1900-01-01,deteriorating,EXACT_NUMERIC_CODE,1.0
P_NUM_707018,707018,Establishment of new GMC Siwan,Ministry of Health & Family Welfare,Social & Commercial,Bihar,"Medical Education, Ministry of Health and Family Welfare",250.0,1900-01-01,1900-01-01,deteriorating,EXACT_NUMERIC_CODE,1.0
P_NUM_707019,707019,Establishment of new GMC Buxar,Ministry of Health & Family Welfare,Social & Commercial,Bihar,"Medical Education, Ministry of Health and Family Welfare",250.0,1900-01-01,1900-01-01,deteriorating,EXACT_NUMERIC_CODE,1.0
P_NUM_707020,707020,Establishment of new GMC Jamui,Ministry of Health & Family Welfare,Social & Commercial,Bihar,"Medical Education, Ministry of Health and Family Welfare",250.0,2019-03-01,2025-10-01,cost_escalating,EXACT_NUMERIC_CODE,1.0
P_NUM_707021,707021,Establishment of new GMC Koderma,Ministry of Health & Family Welfare,Social & Commercial,Jharkhand,"Medical Education, Ministry of Health and Family Welfare",250.0,2023-09-01,2026-08-01,cost_escalating,EXACT_NUMERIC_CODE,1.0
P_NUM_707022,707022,Establishment of new GMC Chaibasa [Singhbhum],Ministry of Health & Family Welfare,Social & Commercial,Jharkhand,"Medical Education, Ministry of Health and Family Welfare",250.0,2018-06-01,2025-09-01,cost_escalating,EXACT_NUMERIC_CODE,1.0
P_NUM_707039,707039,Establishment of new GMC Gangtok,Ministry of Health & Family Welfare,Social & Commercial,Sikkim,"Medical Education, Ministry of Health and Family Welfare",250.0,2018-10-01,2026-12-01,cost_escalating,EXACT_NUMERIC_CODE,1.0
P_NUM_707044,707044,Establishment of new GMC Korba,Ministry of Health & Family Welfare,Social & Commercial,Chhattisgarh,"Medical Education, Ministry of Health and Family Welfare",325.0,2023-02-01,2026-12-01,healthy,EXACT_NUMERIC_CODE,1.0
P_NUM_707045,707045,Establishment of new GMC Mahasamund,Ministry of Health & Family Welfare,Social & Commercial,Chhattisgarh,"Medical Education, Ministry of Health and Family Welfare",325.0,2023-10-01,2026-05-01,healthy,EXACT_NUMERIC_CODE,1.0
P_NUM_707046,707046,Establishment of new GMC Kanker,Ministry of Health & Family Welfare,Social & Commercial,Chhattisgarh,"Medical Education, Ministry of Health and Family Welfare",325.0,2020-02-01,2027-03-01,healthy,EXACT_NUMERIC_CODE,1.0
P_NUM_707049,707049,Establishment of new GMC Panchmahal,Ministry of Health & Family Welfare,Social & Commercial,Gujarat,"Medical Education, Ministry of Health and Family Welfare",325.0,2022-09-01,2026-03-01,cost_escalating,EXACT_NUMERIC_CODE,1.0
P_NUM_707050,707050,Establishment of new GMC Porbandar,Ministry of Health & Family Welfare,Social & Commercial,Gujarat,"Medical Education, Ministry of Health and Family Welfare",325.0,2022-04-01,2024-09-01,cost_escalating,EXACT_NUMERIC_CODE,1.0
P_NUM_707051,707051,Establishment of new GMc Udhampur,Ministry of Health & Family Welfare,Social & Commercial,"Jammu and, Kashmir","Medical Education, Ministry of Health and Family Welfare",325.0,2019-09-01,2027-03-01,healthy,EXACT_NUMERIC_CODE,1.0
P_NUM_707052,707052,Establishment of new GMC Handwara [Distt. Kupwara],Ministry of Health & Family Welfare,Social & Commercial,"Jammu and, Kashmir","Medical Education, Ministry of Health and Family Welfare",325.0,1900-01-01,1900-01-01,deteriorating,EXACT_NUMERIC_CODE,1.0
P_NUM_707057,707057,Establishment of new GMC Leh,Ministry of Health & Family Welfare,Social & Commercial,Ladakh,"Medical Education, Ministry of Health and Family Welfare",325.0,2019-10-01,2021-10-01,deteriorating,EXACT_NUMERIC_CODE,1.0
P_NUM_707058,707058,Establishment of new GMC Rajgarh,Ministry of Health & Family Welfare,Social & Commercial,Madhya Pradesh,"Medical Education, Ministry of Health and Family Welfare",325.0,2021-12-01,2024-04-01,healthy,EXACT_NUMERIC_CODE,1.0
P_NUM_707059,707059,Establishment of new GMC Mandla,Ministry of Health & Family Welfare,Social & Commercial,Madhya Pradesh,"Medical Education, Ministry of Health and Family Welfare",325.0,2023-08-01,2026-04-01,healthy,EXACT_NUMERIC_CODE,1.0
P_NUM_707067,707067,Establishment of new GMC Mon,Ministry of Health & Family Welfare,Social & Commercial,Nagaland,"Medical Education, Ministry of Health and Family Welfare",325.0,1900-01-01,1900-01-01,deteriorating,EXACT_NUMERIC_CODE,1.0
P_NUM_707069,707069,Establishment of new GMC Kapurthala,Ministry of Health & Family Welfare,Social & Commercial,Punjab,"Medical Education, Ministry of Health and Family Welfare",325.0,2019-11-01,2028-12-01,cost_escalating,EXACT_NUMERIC_CODE,1.0
P_NUM_707070,707070,Establishment of new GMC Hoshiarpur,Ministry of Health & Family Welfare,Social & Commercial,Punjab,"Medical Education, Ministry of Health and Family Welfare",325.0,2020-01-01,2028-12-01,cost_escalating,EXACT_NUMERIC_CODE,1.0
P_NUM_707086,707086,Establishment of new GMC Rudrapur,Ministry of Health & Family Welfare,Social & Commercial,Uttarakhand,"Medical Education, Ministry of Health and Family Welfare",325.0,2022-10-01,2026-12-01,healthy,EXACT_NUMERIC_CODE,1.0
P_NUM_707087,707087,Establishment of new GMC Pithoragarh,Ministry of Health & Family Welfare,Social & Commercial,Uttarakhand,"Medical Education, Ministry of Health and Family Welfare",325.0,2021-08-01,2026-12-01,cost_escalating,EXACT_NUMERIC_CODE,1.0
P_NUM_707215,707215,National Maritime Heritage Complex [NMHC] Phase-I,"Ministry of Ports, Shipping & Waterways",Transport & Logistics,Gujarat,Indian Port Rail & Ropeway Corporation Ltd. [IPRCL],573.0,2019-02-01,2026-11-01,cost_escalating,EXACT_NUMERIC_CODE,1.0
P_NUM_707229,707229,Integrated Command control Center [ICCC] - Construction and Development of,Ministry of Housing & Urban Affairs,Social & Commercial,"Andaman &, Nicobar",ministry of housing and urban affairs,209.88,2021-07-01,2023-05-01,severely_delayed,EXACT_NUMERIC_CODE,1.0
P_NUM_707267,707267,Upgradation of Sewerage system in Gandhinagar City,Ministry of Housing & Urban Affairs,Social & Commercial,Gujarat,ministry of housing and urban affairs,200.0,2020-07-01,2023-06-01,deteriorating,EXACT_NUMERIC_CODE,1.0
P_NUM_707410,707410,Integrated Multi Modal Logistics Hub at Nangal Chaudhary in Haryana - Other Trunk,Ministry of DPIIT,Others,Haryana,NICDC,763.0,2018-05-01,2023-12-01,severely_delayed,EXACT_NUMERIC_CODE,1.0
P_NUM_707414,707414,Multi Modal Transport Hub [MMTH] Project at Boraki in Greater Noida - Infrastructure,Ministry of DPIIT,Others,Uttar Pradesh,National Industrial Corridor Development Corporation,1480.0,2020-12-01,2030-03-01,deteriorating,EXACT_NUMERIC_CODE,1.0
P_NUM_707419,707419,IMC at Prayagraj,Ministry of DPIIT,Others,Uttar Pradesh,National Industrial Corridor Development Corporation,658.0,2024-08-01,2027-06-01,deteriorating,EXACT_NUMERIC_CODE,1.0
P_NUM_707420,707420,Gaya Integrated Manufacturing Cluster IMC in Bihar,Ministry of DPIIT,Others,Bihar,National Industrial Corridor Development Corporation,1339.02,2024-08-01,2029-04-01,deteriorating,EXACT_NUMERIC_CODE,1.0
P_NUM_708655,708655,Operationalization of Coastal Berth & Shallow Water Berth through PPP,"Ministry of Ports, Shipping & Waterways",Transport & Logistics,Maharashtra,Jawaharlal Nehru Port Authority [JNPA],366.8,2021-07-01,2026-01-01,deteriorating,EXACT_NUMERIC_CODE,1.0
P_NUM_708662,708662,Establishment of 600 bed super specialty hospital with optional development of,"Ministry of Ports, Shipping & Waterways",Transport & Logistics,Maharashtra,Mumbai Port Trust [MPT],693.0,2019-08-01,2026-06-01,severely_delayed,EXACT_NUMERIC_CODE,1.0
P_NUM_708687,708687,Amended BharatNet Program - UP (West),Ministry of Telecommunications,Communication,Uttar Pradesh,Department of Telecommunications,1917.0,2023-08-01,2028-02-01,deteriorating,EXACT_NUMERIC_CODE,1.0
P_NUM_709747,709747,Bagodara Solar Power Project,Ministry of Power,Energy,Gujarat,Satluj Jal Vidyut Nigam [SJVN] Thermal Limited,339.35,2021-03-01,2025-12-01,healthy,EXACT_NUMERIC_CODE,1.0
P_NUM_709748,709748,BIKANER SOLAR POWER PROJECT,Ministry of Power,Energy,Rajasthan,Satluj Jal Vidyut Nigam [SJVN] Thermal Limited,5491.89,2021-10-01,2024-04-01,severely_delayed,EXACT_NUMERIC_CODE,1.0
P_NUM_709749,709749,PHASE-I OF CONSOLIDATION OF EXISTING CDR DATA CENTERS AND NIB-P3,Ministry of Telecommunications,Communication,"Multi-States, (Maharashtra,, Telangana)",BSNL,461.42,2020-03-01,2021-06-01,severely_delayed,EXACT_NUMERIC_CODE,1.0
P_NUM_709750,709750,Laying of new 28 inch Desal Water Pipeline and 10 inch Reject Water Pipeline,Ministry of Petroleum & Natural Gas,Energy,Tamil Nadu,Chennai Petroleum Corporation Limited [CPCL],205.0,2024-01-01,2025-09-01,severely_delayed,EXACT_NUMERIC_CODE,1.0
P_NUM_709752,709752,HP-COAT [Crude to Olefins and Aromatics Technology] demo unit at Visakh Refinery,Ministry of Petroleum & Natural Gas,Energy,Andhra Pradesh,Hindustan Petroleum Corporation Limited,160.0,2021-09-01,2024-06-01,severely_delayed,EXACT_NUMERIC_CODE,1.0
P_NUM_709753,709753,Haldia Panagarh Pipeline Project,Ministry of Petroleum & Natural Gas,Energy,West Bengal,Hindustan Petroleum Corporation Limited,1010.0,2022-11-01,2025-11-01,severely_delayed,EXACT_NUMERIC_CODE,1.0
P_NUM_709754,709754,"Construction of LPG Facilities at Kamardanga, Assam",Ministry of Petroleum & Natural Gas,Energy,Assam,Hindustan Petroleum Corporation Limited,156.36,2023-03-01,2027-07-01,healthy,EXACT_NUMERIC_CODE,1.0
P_NUM_709755,709755,"Setting up of new rail fed POL facility at Kamardanga, Assam",Ministry of Petroleum & Natural Gas,Energy,Assam,Hindustan Petroleum Corporation Limited,384.04,2023-03-01,2027-07-01,healthy,EXACT_NUMERIC_CODE,1.0
P_NUM_709757,709757,"CGD Project in Banka, Dumka, Godda, Jamtara, Pakur, Sahibganj GA ID 11A.02",Ministry of Petroleum & Natural Gas,Energy,"Multi-States, (Bihar, Jharkhand)",Hindustan Petroleum Corporation Limited,1377.0,2022-06-01,2030-06-01,healthy,EXACT_NUMERIC_CODE,1.0
P_NUM_709758,709758,"CGD Project in Malda, Birbhum, Murshidabad, Dakshin Dinajpur GA ID 11A.03",Ministry of Petroleum & Natural Gas,Energy,West Bengal,Hindustan Petroleum Corporation Limited,2628.0,2022-06-01,2030-06-01,healthy,EXACT_NUMERIC_CODE,1.0
P_NUM_709759,709759,"Petrochemical evacuation marketing terminal at Barmer, Rajasthan",Ministry of Petroleum & Natural Gas,Energy,Rajasthan,Hindustan Petroleum Corporation Limited,461.05,2023-12-01,2026-12-01,healthy,EXACT_NUMERIC_CODE,1.0
P_NUM_709760,709760,HP TDAE Unit in Mumbai Refinery,Ministry of Petroleum & Natural Gas,Energy,Maharashtra,Hindustan Petroleum Corporation Limited,240.0,2024-06-01,2026-04-01,healthy,EXACT_NUMERIC_CODE,1.0
P_NUM_709761,709761,HP Trijet Unit in Visakh Refinery,Ministry of Petroleum & Natural Gas,Energy,Andhra Pradesh,Hindustan Petroleum Corporation Limited,193.0,2024-07-01,2027-07-01,deteriorating,EXACT_NUMERIC_CODE,1.0
P_NUM_709766,709766,"City Gas Distribution Project at Kurnool, Guntur & Prakasam Districts",Ministry of Petroleum & Natural Gas,Energy,Andhra Pradesh,MinistryofPetroleumNaturalGas,1420.0,2022-03-01,2030-03-01,deteriorating,EXACT_NUMERIC_CODE,1.0
P_NUM_709768,709768,City Gas Distribution Project at Dharmapuri and Krishnagiri Districts,Ministry of Petroleum & Natural Gas,Energy,Tamil Nadu,MinistryofPetroleumNaturalGas,501.0,2022-03-01,2030-12-01,deteriorating,EXACT_NUMERIC_CODE,1.0
P_NUM_709770,709770,City Gas Distribution Project at Pathankot District,Ministry of Petroleum & Natural Gas,Energy,Punjab,Indian Oil Corporation Limited [IOCL],151.0,2022-03-01,2033-09-01,deteriorating,EXACT_NUMERIC_CODE,1.0
P_NUM_709771,709771,"City Gas Distribution Project at Beed, Jalgaon and Jalna Districts",Ministry of Petroleum & Natural Gas,Energy,Maharashtra,Indian Oil Corporation Limited [IOCL],865.0,2022-03-01,2031-09-01,deteriorating,EXACT_NUMERIC_CODE,1.0
P_NUM_709772,709772,"City Gas Distribution Project at East Mednipore, West Mednipore & Jhargram Districts",Ministry of Petroleum & Natural Gas,Energy,West Bengal,Indian Oil Corporation Limited [IOCL],609.0,2022-03-01,2031-06-01,deteriorating,EXACT_NUMERIC_CODE,1.0
P_NUM_709773,709773,"City Gas Distribution Project at Jammu, Udhampur, Reasi, Samba and Kathua",Ministry of Petroleum & Natural Gas,Energy,"Jammu and, Kashmir",Indian Oil Corporation Limited [IOCL],538.0,2022-03-01,2034-09-01,deteriorating,EXACT_NUMERIC_CODE,1.0
P_NUM_709774,709774,Revamping/ Augmentation of facilities at existing port terminal at Mangalore,Ministry of Petroleum & Natural Gas,Energy,Karnataka,Indian Oil Corporation Limited [IOCL],463.0,2022-01-01,2025-12-01,severely_delayed,EXACT_NUMERIC_CODE,1.0
P_NUM_709776,709776,Augmentation/Revamping of Facilities at existing Guwahati Terminal at Betkuchi,Ministry of Petroleum & Natural Gas,Energy,Assam,Indian Oil Corporation Limited [IOCL],277.0,2022-04-01,2026-09-01,cost_escalating,EXACT_NUMERIC_CODE,1.0
P_NUM_709777,709777,Installation of Bitumen Manufacturing Unit along with allied facilities at Barauni,Ministry of Petroleum & Natural Gas,Energy,Bihar,Indian Oil Corporation Limited [IOCL],389.35,2022-01-01,2025-04-01,severely_delayed,EXACT_NUMERIC_CODE,1.0
P_NUM_709778,709778,Installation of new Biturox Unit along with allied facilities at Gujarat Refinery,Ministry of Petroleum & Natural Gas,Energy,Gujarat,Indian Oil Corporation Limited [IOCL],328.29,2022-01-01,2025-08-01,severely_delayed,EXACT_NUMERIC_CODE,1.0
P_NUM_709779,709779,Capacity Expansion of Digboi Refinery from 0.65 to 1.0 MMTPA,Ministry of Petroleum & Natural Gas,Energy,Assam,Indian Oil Corporation Limited [IOCL],768.0,2022-06-01,2026-03-01,severely_delayed,EXACT_NUMERIC_CODE,1.0
P_NUM_709780,709780,Construction of Additional Tankages and Allied Facilities at JNPT Terminal,Ministry of Petroleum & Natural Gas,Energy,Maharashtra,Indian Oil Corporation Limited [IOCL],341.43,2022-04-01,2026-08-01,cost_escalating,EXACT_NUMERIC_CODE,1.0
P_NUM_709781,709781,Revamping / Augmentation of Facilities at Mathura Bitumen Plant,Ministry of Petroleum & Natural Gas,Energy,Uttar Pradesh,Indian Oil Corporation Limited [IOCL],260.12,2022-04-01,2027-06-01,healthy,EXACT_NUMERIC_CODE,1.0
P_NUM_709782,709782,ATF Pipeline from Jawaharlal Nehru Port Trust to Navi Mumbai International Airport,Ministry of Civil Aviation,Transport & Logistics,Maharashtra,Indian Oil Corporation Limited [IOCL],165.0,2022-08-01,2025-08-01,severely_delayed,EXACT_NUMERIC_CODE,1.0
P_NUM_709783,709783,"Installation of Multiple Effect Evaporator [MEE] for ETP-1, 2 & 4 of Panipat Refinery",Ministry of Petroleum & Natural Gas,Energy,Haryana,Indian Oil Corporation Limited [IOCL],165.13,2020-12-01,2023-06-01,severely_delayed,EXACT_NUMERIC_CODE,1.0
P_NUM_709785,709785,Laying of Natural Gas Pipeline from Hazaribagh to Ranchi [HRPL],Ministry of Petroleum & Natural Gas,Energy,Jharkhand,Indian Oil Corporation Limited [IOCL],202.07,2023-02-01,2026-02-01,severely_delayed,EXACT_NUMERIC_CODE,1.0
P_NUM_709786,709786,"Augmentation/ Revamping of Dimapur Depot, Dimapur",Ministry of Petroleum & Natural Gas,Energy,Nagaland,Indian Oil Corporation Limited [IOCL],227.62,2023-08-01,2027-11-01,healthy,EXACT_NUMERIC_CODE,1.0
P_NUM_709789,709789,Installation of Independent De- Aromatized Solvents [DAS] production facilities at MR,Ministry of Petroleum & Natural Gas,Energy,Maharashtra,Bharat Petroleum Corporation Limited [BPCL],405.0,2023-03-01,2025-07-01,severely_delayed,EXACT_NUMERIC_CODE,1.0
P_NUM_709790,709790,Replacement and Extension of Jetty Pipelines [REJP] at KR,Ministry of Petroleum & Natural Gas,Energy,Kerala,Bharat Petroleum Corporation Limited [BPCL],621.87,2023-03-01,2026-03-01,healthy,EXACT_NUMERIC_CODE,1.0
P_NUM_709791,709791,City Gas Distribution Projects at Alipurduar and Cooch Behar,Ministry of Petroleum & Natural Gas,Energy,West Bengal,Bharat Petroleum Corporation Limited [BPCL],1017.0,2022-12-01,2030-03-01,healthy,EXACT_NUMERIC_CODE,1.0
P_NUM_709792,709792,"City Gas Distribution Projects at Darbhanga, Madhubani, Supaul, Sitamarhi and",Ministry of Petroleum & Natural Gas,Energy,Bihar,Bharat Petroleum Corporation Limited [BPCL],3638.0,2022-12-01,2030-03-01,healthy,EXACT_NUMERIC_CODE,1.0
P_NUM_709793,709793,"City Gas Distribution Projects at Gopalganj, Siwan, West Champaran, East",Ministry of Petroleum & Natural Gas,Energy,Bihar,Bharat Petroleum Corporation Limited [BPCL],3919.0,2022-12-01,2030-06-01,healthy,EXACT_NUMERIC_CODE,1.0
P_NUM_709794,709794,"City Gas Distribution Projects at Fazilka [except area already authorized], Ganganagar",Ministry of Petroleum & Natural Gas,Energy,Rajasthan,Bharat Petroleum Corporation Limited [BPCL],3207.0,2022-12-01,2030-06-01,healthy,EXACT_NUMERIC_CODE,1.0
P_NUM_709795,709795,"City Gas Distribution Projects at Lakhimpur Kheri , Sitapur, Bahraich,",Ministry of Petroleum & Natural Gas,Energy,Uttar Pradesh,Bharat Petroleum Corporation Limited [BPCL],16654.0,2022-12-01,2030-06-01,deteriorating,EXACT_NUMERIC_CODE,1.0
P_NUM_709796,709796,City Gas Distribution Projects at the Nilgiris and Erode districts,Ministry of Petroleum & Natural Gas,Energy,Tamil Nadu,Bharat Petroleum Corporation Limited [BPCL],3685.0,2022-12-01,2030-03-01,deteriorating,EXACT_NUMERIC_CODE,1.0
P_NUM_709797,709797,POL & LOBS Installations with Receipt Pipelines at Rasayani,Ministry of Petroleum & Natural Gas,Energy,Maharashtra,Bharat Petroleum Corporation Limited [BPCL],2585.0,2023-05-01,2026-05-01,healthy,EXACT_NUMERIC_CODE,1.0
P_NUM_709798,709798,Ethylene Cracker Project at Bina Refinery including downstream Petrochemical Plants,Ministry of Petroleum & Natural Gas,Energy,Madhya Pradesh,Bharat Petroleum Corporation Limited [BPCL],43367.0,2023-05-01,2028-05-01,healthy,EXACT_NUMERIC_CODE,1.0
P_NUM_709799,709799,Setting up Polypropylene Unit at Kochi Refinery,Ministry of Petroleum & Natural Gas,Energy,Kerala,Bharat Petroleum Corporation Limited [BPCL],4460.0,2023-12-01,2027-10-01,healthy,EXACT_NUMERIC_CODE,1.0
P_NUM_709800,709800,"CUF POL Depot at Sadashibpur [Meramundali], Odisha",Ministry of Petroleum & Natural Gas,Energy,Odisha,Bharat Petroleum Corporation Limited [BPCL],393.54,2021-04-01,2026-03-01,healthy,EXACT_NUMERIC_CODE,1.0
P_NUM_709801,709801,71 MWp [DC] Solar power project at Prayagraj,Ministry of Petroleum & Natural Gas,Energy,Uttar Pradesh,Bharat Petroleum Corporation Limited [BPCL],308.32,2024-02-01,2025-08-01,healthy,EXACT_NUMERIC_CODE,1.0
P_NUM_709808,709808,PACHORA-JAMNER WITH EXTENSION UPTO MALKAPUR NG TO BG,Ministry of Road Transport & Highways,Transport & Logistics,Maharashtra,CR,955.39,2022-08-01,2027-08-01,severely_delayed,EXACT_NUMERIC_CODE,1.0
P_NUM_709809,709809,KALYAN-MURBAD VIA ULHASNAGAR [UMBRELLA WORK],Ministry of Railways,Transport & Logistics,Maharashtra,Central Railway [CR] - II,726.46,2023-04-01,2027-03-01,cost_escalating,EXACT_NUMERIC_CODE,1.0
P_NUM_709810,709810,KODINGAMALI BAUXITE MINES TO SINGARAM RAILWAY STATION,Ministry of Railways,Transport & Logistics,Odisha,Indian Railway,190.9,2022-08-01,2027-08-01,deteriorating,EXACT_NUMERIC_CODE,1.0
P_NUM_709811,709811,GANDHAMARDAN IRON ORE MINES TO GOALDIH STATION/12.76kms,Ministry of Railways,Transport & Logistics,Odisha,East Coast Railway [ECoR] - II,190.0,2022-09-01,2027-09-01,deteriorating,EXACT_NUMERIC_CODE,1.0
P_NUM_709812,709812,Nadiad-Petlad 37.26 km,Ministry of Railways,Transport & Logistics,Gujarat,CAOCWR WR mor,461.91,2022-05-01,2030-06-01,healthy,EXACT_NUMERIC_CODE,1.0
P_NUM_709813,709813,New BG line intersection 5 nos between Geratpur-Sanand & Botad-Ahmedabad 16.51,Ministry of Railways,Transport & Logistics,Gujarat,CAOCWR WR mor,437.21,2022-10-01,2027-10-01,deteriorating,EXACT_NUMERIC_CODE,1.0
P_NUM_709814,709814,NIPANIA-BHATAPRA [14.4 KM] 4TH LINE [PB-72/NR/2022-23],Ministry of Railways,Transport & Logistics,Chhattisgarh,SECR,170.0,2022-12-01,2026-12-01,deteriorating,EXACT_NUMERIC_CODE,1.0
P_NUM_709815,709815,4th line - Bhatapara-Hathband 8.8 km PB72/NR/2022-23,Ministry of Railways,Transport & Logistics,"Multi-States, (Chhattisgarh,, Maharashtra)",CAOC/SECR SECR mor,177.03,2022-09-01,2027-01-01,severely_delayed,EXACT_NUMERIC_CODE,1.0
P_NUM_709816,709816,4th line - Bhilai-Bhilai nagar 8.8 km PB72/NR/2022-23,Ministry of Railways,Transport & Logistics,"Multi-States, (Chhattisgarh,, Maharashtra)",CAOC/SECR SECR mor,177.34,2022-09-01,2027-02-01,deteriorating,EXACT_NUMERIC_CODE,1.0
P_NUM_709817,709817,4th line - Dadhapara-Belha 9.2 km PB72/NR/2022-23,Ministry of Railways,Transport & Logistics,"Multi-States, (Chhattisgarh,, Maharashtra)",CAOC/SECR SECR mor,169.06,2022-09-01,2026-11-01,deteriorating,EXACT_NUMERIC_CODE,1.0
P_NUM_709818,709818,4th line - Rajnandgaon-Dongarhgarh 31.2 km PB72/NR/2022-23,Ministry of Railways,Transport & Logistics,Chhattisgarh,CAOC/SECR SECR mor,328.34,2022-09-01,2027-01-01,deteriorating,EXACT_NUMERIC_CODE,1.0
P_NUM_709819,709819,3rd & 4th line - Saragbundia & Madwarani 12.2 km PB72/NR/2022-23,Ministry of Railways,Transport & Logistics,Chhattisgarh,CAOC/SECR SECR mor,167.64,2022-09-01,2026-12-01,deteriorating,EXACT_NUMERIC_CODE,1.0
P_NUM_709820,709820,OMKARESHWAR FLOATING SOLAR POWER PROJECT [90 MW],Ministry of Power,Energy,Madhya Pradesh,Satluj Jal Vidyut Nigam [SJVN] Thermal Limited,646.17,2022-11-01,2024-08-01,deteriorating,EXACT_NUMERIC_CODE,1.0
P_NUM_709826,709826,SCREENING PLANT-III AT KIRANDUL,Ministry of Mines,Others,Chhattisgarh,National Mineral Development Corporation Limited [NMDC],2718.84,2009-01-01,2026-01-01,severely_delayed,EXACT_NUMERIC_CODE,1.0
P_NUM_709827,709827,CONSTRUCTION OF RESIDENTIAL TOWERS AT BIOM KIRANDUL COMPLEX,Ministry of Mines,Others,Chhattisgarh,National Mineral Development Corporation Limited [NMDC],349.75,2021-07-01,2025-12-01,healthy,EXACT_NUMERIC_CODE,1.0
P_NUM_709829,709829,UTKAL D AND E COAL BLOCK,Ministry of Mines,Others,Odisha,National Aluminium Company Limited [NALCO],1021.97,2016-02-01,2025-03-01,deteriorating,EXACT_NUMERIC_CODE,1.0
P_NUM_709830,709830,CONVERSION OF FLAT BOTTOM SETTLERS AND WASHERS WITH A SINGLE,Ministry of Mines,Others,Odisha,Ministry of Mines,355.0,2017-04-01,2026-11-01,cost_escalating,EXACT_NUMERIC_CODE,1.0
P_NUM_709831,709831,SOURCING OF BAUXITE ARRANGEMENT FOR 5TH STREAM ALUMINA,Ministry of Mines,Others,Odisha,National Aluminium Company Limited [NALCO],483.0,2017-11-01,2025-05-01,severely_delayed,EXACT_NUMERIC_CODE,1.0
P_NUM_709832,709832,25.5 MW WIND POWER PROJECT AT KAYATHAR IN TAMILNADU,Ministry of Mines,Others,Tamil Nadu,National Aluminium Company Limited [NALCO],166.0,2017-09-01,2025-03-01,severely_delayed,EXACT_NUMERIC_CODE,1.0
P_NUM_709837,709837,"Creation of Gas Dehydration Facilities, Tripura Asset",Ministry of Petroleum & Natural Gas,Energy,Tripura,Oil and Natural Gas Corporation Limited [ONGC],209.33,2022-03-01,2024-05-01,severely_delayed,EXACT_NUMERIC_CODE,1.0
P_NUM_709838,709838,Commercial Polymer Flooding Project in Bechraji field,Ministry of Petroleum & Natural Gas,Energy,Gujarat,Oil and Natural Gas Corporation Limited [ONGC],621.4,2022-01-01,2024-11-01,severely_delayed,EXACT_NUMERIC_CODE,1.0
P_NUM_709839,709839,Daman Upside Development Project,Ministry of Petroleum & Natural Gas,Energy,Offshore,Oil and Natural Gas Corporation Limited [ONGC],4144.41,2022-06-01,2025-10-01,severely_delayed,EXACT_NUMERIC_CODE,1.0
P_NUM_709840,709840,"Restoration of Gas Terminal, Phase-I [Part-A], Hazira",Ministry of Petroleum & Natural Gas,Energy,Gujarat,Oil and Natural Gas Corporation Limited [ONGC],249.43,2022-05-01,2025-02-01,healthy,EXACT_NUMERIC_CODE,1.0
P_NUM_709841,709841,Old Pipe Line Replacement [OPRP] Group-A,Ministry of Petroleum & Natural Gas,Energy,Gujarat,Oil and Natural Gas Corporation Limited [ONGC],173.03,2021-07-01,2025-07-01,severely_delayed,EXACT_NUMERIC_CODE,1.0
P_NUM_709842,709842,"Kalol Redevelopment Project, Ahmedabad Asset",Ministry of Petroleum & Natural Gas,Energy,Gujarat,Oil and Natural Gas Corporation Limited [ONGC],1487.41,2022-08-01,2027-03-01,healthy,EXACT_NUMERIC_CODE,1.0
P_NUM_709845,709845,"Revamping of SV Stations, Gas Terminal & Kribhco Terminal",Ministry of Petroleum & Natural Gas,Energy,Gujarat,Oil and Natural Gas Corporation Limited [ONGC],837.34,2022-11-01,2026-08-01,cost_escalating,EXACT_NUMERIC_CODE,1.0
P_NUM_709846,709846,Part Replacement Pipeline Project [PRPP],Ministry of Petroleum & Natural Gas,Energy,Maharashtra,Oil and Natural Gas Corporation Limited [ONGC],1219.48,2022-11-01,2024-05-01,severely_delayed,EXACT_NUMERIC_CODE,1.0
P_NUM_709847,709847,Pipeline Network Project Rudrasagar,Ministry of Petroleum & Natural Gas,Energy,Assam,Oil and Natural Gas Corporation Limited [ONGC],481.03,2023-01-01,2026-04-01,severely_delayed,EXACT_NUMERIC_CODE,1.0
P_NUM_709848,709848,MHN TCPP PGC BGC Project [MTPBP],Ministry of Petroleum & Natural Gas,Energy,Offshore,Oil and Natural Gas Corporation Limited [ONGC],2329.45,2022-06-01,2026-05-01,severely_delayed,EXACT_NUMERIC_CODE,1.0
P_NUM_709849,709849,PRP-VIII Group B [NH & BS Asset],Ministry of Petroleum & Natural Gas,Energy,Offshore,Oil and Natural Gas Corporation Limited [ONGC],2546.9,2024-06-01,2026-02-01,severely_delayed,EXACT_NUMERIC_CODE,1.0
P_NUM_709850,709850,Borholla GGS Life Extension Project [BLEP],Ministry of Petroleum & Natural Gas,Energy,Assam,Oil and Natural Gas Corporation Limited [ONGC],198.7,2023-09-01,2026-05-01,severely_delayed,EXACT_NUMERIC_CODE,1.0
P_NUM_709851,709851,Integrated Development of 4 Contract Areas under DSF-II,Ministry of Petroleum & Natural Gas,Energy,Offshore,Oil and Natural Gas Corporation Limited [ONGC],6183.79,2023-05-01,2027-04-01,healthy,EXACT_NUMERIC_CODE,1.0
P_NUM_709855,709855,SUPER EDGE ROUTERS FOR BSNL INTERNET PROTOCOL - MULTI PROTOCOL,Ministry of Telecommunications,Communication,PAN India,BSNL,239.6,2023-03-01,2024-03-01,severely_delayed,EXACT_NUMERIC_CODE,1.0
P_NUM_709856,709856,MPLS-IP BASED ACCESS AND AGGREGATION NETWORK [MAAN] IN BSNL,Ministry of Telecommunications,Communication,PAN India,BSNL,645.13,2023-05-01,2024-08-01,severely_delayed,EXACT_NUMERIC_CODE,1.0
P_NUM_709857,709857,"Planning, Engineering, Supply, Installation, Testing, Commissioning, Integration &",Ministry of Telecommunications,Communication,PAN India,BSNL,24544.55,2023-05-01,2025-06-01,severely_delayed,EXACT_NUMERIC_CODE,1.0
P_NUM_709858,709858,OPTICAL TRANSPORT NETWORK [OTN] PH-4 IN BSNL,Ministry of Telecommunications,Communication,PAN India,BSNL,810.99,2024-02-01,2025-08-01,healthy,EXACT_NUMERIC_CODE,1.0
P_NUM_709859,709859,SETTING UP OF PHYSICAL INFRASTRUCTURE FOR THE NATIONAL INSTITUTE,Ministry of Railways,Transport & Logistics,Delhi,National Communication Academy - Finance [Erstwhile NICF],248.2,2014-10-01,2020-02-01,severely_delayed,EXACT_NUMERIC_CODE,1.0
P_NUM_709864,709864,DCU Revamp Project,Ministry of Petroleum & Natural Gas,Energy,Assam,Numaligarh Refinery Limited,370.0,2021-08-01,2024-07-01,severely_delayed,EXACT_NUMERIC_CODE,1.0
P_NUM_709865,709865,Power Recovery Turbine [PRT] in PFCCU unit as an Energy Conservation Scheme,Ministry of Petroleum & Natural Gas,Energy,Assam,Numaligarh Refinery Limited,293.5,2023-04-01,2024-12-01,severely_delayed,EXACT_NUMERIC_CODE,1.0
P_NUM_738679,738679,Stamp Charge Battery No.7 Battery Proper at RSP,Ministry of Steel,Others,Odisha,Steel Authority of India Limited (SAIL,2584.41,2024-09-01,2028-03-01,healthy,EXACT_NUMERIC_CODE,1.0
P_NUM_834015,834015,Stamp Charge Battery No.12 By-product Plant at RSP,Ministry of Steel,Others,Odisha,Steel Authority of India Limited (SAIL,1140.07,2024-09-01,2028-03-01,deteriorating,EXACT_NUMERIC_CODE,1.0
P_NUM_900808,900808,Transmission System for Kurnool Wind Energy Zone/ Solar Energy Zone Part-A and,Ministry of Power,Energy,"Multi-States, (Andhra Pradesh,, Telangana)",Power Grid Corporation of India Limited [POWERGRID],3546.94,2022-11-01,2024-11-01,severely_delayed,EXACT_NUMERIC_CODE,1.0
P_NUM_900872,900872,DOUBLING BETWEEN JAUNPUR JN-ZAFFARABAD [6.28 KM],Ministry of Railways,Transport & Logistics,Uttar Pradesh,Northen Railway [NR],177.0,2023-01-01,2027-01-01,severely_delayed,EXACT_NUMERIC_CODE,1.0
P_NUM_900874,900874,Jhajha - Batia 20 km Umbrella work PB23/2018-19/NR,Ministry of Railways,Transport & Logistics,Bihar,CAO/Con/South/MHX ECR mor,588.18,2019-02-01,2028-03-01,severely_delayed,EXACT_NUMERIC_CODE,1.0
P_NUM_914467,914467,Amended BharatNet Program - BR,Ministry of Telecommunications,Communication,PAN India,Department of Telecommunications,1550.0,2023-08-01,2028-03-01,deteriorating,EXACT_NUMERIC_CODE,1.0
P_NUM_938832,938832,Amended BharatNet Program - RJ,Ministry of Telecommunications,Communication,PAN India,Department of Telecommunications,2839.0,2023-08-01,2029-03-01,deteriorating,EXACT_NUMERIC_CODE,1.0
P_NUM_944288,944288,Super accelerated cooling system (Uniform Cooling) for high strength plates in Plate,Ministry of Steel,Others,Chhattisgarh,Steel Authority of India Limited (SAIL,192.21,2025-06-01,2026-12-01,healthy,EXACT_NUMERIC_CODE,1.0
P_NUM_946208,946208,Amended BharatNet Program - SKM,Ministry of Telecommunications,Communication,PAN India,Department of Telecommunications,160.0,2023-08-01,2029-06-01,deteriorating,EXACT_NUMERIC_CODE,1.0
P_NUM_976009,976009,"Amended BharatNet Program - ARP, NGL, MNP",Ministry of Telecommunications,Communication,PAN India,Department of Telecommunications,1168.0,2023-08-01,2028-06-01,deteriorating,EXACT_NUMERIC_CODE,1.0
P_OCMS_N04000073,N04000073,CONSTRUCTION OF NEW INTEGRATED,Ministry of Civil Aviation,Transport & Logistics,Multi-State,AAI,417.23,2013-10-01,2018-09-01,severely_delayed,EXACT_OCMS_CODE,0.85
P_OCMS_N04000074,N04000074,MODERNIZATION OF CHENNAI,Ministry of Civil Aviation,Transport & Logistics,LADAKH,AAI,2467.0,2018-06-01,2022-02-01,severely_delayed,EXACT_OCMS_CODE,0.85
P_OCMS_N04000076,N04000076,CONSTRUCTION OF COMBINED,Ministry of Civil Aviation,Transport & Logistics,Multi-State,AAI,303.8,2016-11-01,2020-04-01,severely_delayed,EXACT_OCMS_CODE,0.85
P_OCMS_N04000077,N04000077,"CCS INTERNATIONAL AIRPORT ,",Ministry of Civil Aviation,Transport & Logistics,LADAKH,AAI,1383.0,2018-06-01,2021-09-01,severely_delayed,EXACT_OCMS_CODE,0.85
P_OCMS_N04000079,N04000079,CONSTRUCTION OF NEW INTEGRATED,Ministry of Civil Aviation,Transport & Logistics,LADAKH,AAI,475.39,2017-03-01,2021-04-01,severely_delayed,EXACT_OCMS_CODE,0.85
P_OCMS_N04000080,N04000080,CONSTRUCTION OF ATC TOWER AND,Ministry of Civil Aviation,Transport & Logistics,LADAKH,AAI,458.0,2016-01-01,2020-03-01,severely_delayed,EXACT_OCMS_CODE,0.85
P_OCMS_N04000081,N04000081,AIRSIDE CAPACITY ENHANCEMENT OF,Ministry of Civil Aviation,Transport & Logistics,LADAKH,AAI,389.71,2019-01-01,2021-11-01,severely_delayed,EXACT_OCMS_CODE,0.85
P_OCMS_N04000085,N04000085,CONSTRUCTION OF DOMESTIC,Ministry of Civil Aviation,Transport & Logistics,LADAKH,AAI,456.86,2018-07-01,2020-09-01,severely_delayed,EXACT_OCMS_CODE,0.85
P_OCMS_N04000087,N04000087,UPGRADATION OF JABALPUR AIRPORT,Ministry of Civil Aviation,Transport & Logistics,LADAKH,AAI,412.24,2016-06-01,2021-06-01,severely_delayed,EXACT_OCMS_CODE,0.85
P_OCMS_N04000088,N04000088,C/O NEW GREENFIELD AIRPORT AT,Ministry of Civil Aviation,Transport & Logistics,GOA,AAI,1405.0,2018-01-01,2022-08-01,severely_delayed,EXACT_OCMS_CODE,0.85
P_OCMS_N04000090,N04000090,DEVELOPMENT OF TUTICORIN,Ministry of Civil Aviation,Transport & Logistics,LADAKH,AAI,380.87,2019-06-01,2022-03-01,severely_delayed,EXACT_OCMS_CODE,0.85
P_OCMS_N04000092,N04000092,CONSTRUCTION OF NEW GREEN,Ministry of Civil Aviation,Transport & Logistics,Multi-State,AAI,645.63,2019-02-01,2022-08-01,severely_delayed,EXACT_OCMS_CODE,0.85
P_OCMS_N04000093,N04000093,"EXTENSION OF TERMINAL BUILDING,",Ministry of Civil Aviation,Transport & Logistics,GOA,AAI,353.25,2018-08-01,2021-02-01,severely_delayed,EXACT_OCMS_CODE,0.85
P_OCMS_N04000094,N04000094,DEVELOPMENT OF AYODHYA AIRPORT,Ministry of Civil Aviation,Transport & Logistics,LADAKH,AAI,242.14,2021-03-01,2022-12-01,severely_delayed,EXACT_OCMS_CODE,0.85
P_OCMS_N04000096,N04000096,EXTENSION OF RUNWAY WITH BLAST,Ministry of Civil Aviation,Transport & Logistics,LADAKH,AAI,255.68,2017-06-01,2020-12-01,severely_delayed,EXACT_OCMS_CODE,0.85
P_OCMS_N04000098,N04000098,DEVELOPMENT OF GWALIOR AIRPORT,Ministry of Civil Aviation,Transport & Logistics,LADAKH,AAI,446.12,2021-10-01,2023-08-01,severely_delayed,EXACT_OCMS_CODE,0.85
P_OCMS_N04000102,N04000102,PRAYAGRAJ AIRPORT -,Ministry of Civil Aviation,Transport & Logistics,LADAKH,AAI,185.75,2023-05-01,2024-11-01,severely_delayed,EXACT_OCMS_CODE,0.85
P_OCMS_N06000104,N06000104,CHHAL OC SEAM -III (6.00 MTY),Ministry of Coal,Others,Multi-State,SECL,610.63,2013-12-01,2022-03-01,severely_delayed,EXACT_OCMS_CODE,0.85
P_OCMS_N06000161,N06000161,KAKATIYAKHANI OPENCAST III,Ministry of Coal,Others,LADAKH,SCCL,413.84,2017-03-01,2022-03-01,severely_delayed,EXACT_OCMS_CODE,0.85
P_OCMS_N06000189,N06000189,TALABIRA II AND III OCP,Ministry of Power,Energy,GOA,NLC,2401.07,2017-07-01,2027-01-01,healthy,EXACT_OCMS_CODE,0.85
P_OCMS_N06000198,N06000198,JAMPALI OCP RCE,Ministry of Coal,Others,Multi-State,SECL,278.64,2020-05-01,2024-03-01,severely_delayed,EXACT_OCMS_CODE,0.85
P_OCMS_N06000210,N06000210,RCE OF RAMAGUNDAM OPENCAST II,Ministry of Coal,Others,LADAKH,SCCL,489.62,2015-11-01,2023-03-01,severely_delayed,EXACT_OCMS_CODE,0.85
P_OCMS_N07000001,N07000001,C/O RESIDENTIAL COMPLEX BUILDING,Ministry of Road Transport & Highways,Transport & Logistics,Multi-State,NPCC,228.5,2018-07-01,2022-04-01,healthy,EXACT_OCMS_CODE,0.85
P_OCMS_N10000017,N10000017,CONSTRUCTION OF RED MUD POND -,Ministry of Mines,Others,LADAKH,NALCO,225.79,2019-09-01,2023-03-01,severely_delayed,EXACT_OCMS_CODE,0.85
P_OCMS_N12000122,N12000122,REBUILDING OF COKE OVEN BATTERY-,Ministry of Steel,Others,LADAKH,SAIL,377.18,2020-11-01,2023-05-01,severely_delayed,EXACT_OCMS_CODE,0.85
P_OCMS_N12000125,N12000125,INSTALLATION OF 4TH SLAB CASTER,Ministry of Steel,Others,LADAKH,SAIL,970.18,2022-01-01,2025-05-01,healthy,EXACT_OCMS_CODE,0.85
P_OCMS_N12000133,N12000133,REBUILDING OF COKE OVEN BATTERY,Ministry of Steel,Others,GOA,SAIL,627.31,2023-11-01,2026-11-01,healthy,EXACT_OCMS_CODE,0.85
P_OCMS_N12000134,N12000134,REBUILDING OF COKE OVEN BATTERY,Ministry of Steel,Others,Multi-State,SAIL,884.1,2023-11-01,2025-10-01,healthy,EXACT_OCMS_CODE,0.85
P_OCMS_N12000135,N12000135,REPLACEMENT OF REMAINING 04,Ministry of Steel,Others,GOA,SAIL,260.37,2024-03-01,2026-06-01,deteriorating,EXACT_OCMS_CODE,0.85
P_OCMS_N16000361,N16000361,ADDITIONAL STORAGE TANKS,Ministry of Petroleum & Natural Gas,Energy,GOA,IOCL,462.3,2018-11-01,2021-09-01,severely_delayed,EXACT_OCMS_CODE,0.85
P_OCMS_N16000369,N16000369,CONSTRUCTION OF 80000MT LPG,Ministry of Petroleum & Natural Gas,Energy,GOA,HPCL,854.0,2018-12-01,2022-12-01,severely_delayed,EXACT_OCMS_CODE,0.85
P_OCMS_N16000382,N16000382,ACRYLICS OR OXO-ALCOHOL,Ministry of Petroleum & Natural Gas,Energy,GOA,IOCL,5251.0,2019-11-01,2023-05-01,severely_delayed,EXACT_OCMS_CODE,0.85
P_OCMS_N16000392,N16000392,CITY GAS DISTRIBUTION IN WEST BENGAL,Ministry of Petroleum & Natural Gas,Energy,LADAKH,HPCL,5830.2,2019-03-01,2031-03-01,healthy,EXACT_OCMS_CODE,0.85
P_OCMS_N16000411,N16000411,AUGUMENTATION OF SALAYA,Ministry of Petroleum & Natural Gas,Energy,GOA,IOCL,1614.0,2020-10-01,2023-08-01,severely_delayed,EXACT_OCMS_CODE,0.85
P_OCMS_N16000423,N16000423,"CGD PROJECT AT KHAGARIA,",Ministry of Petroleum & Natural Gas,Energy,Multi-State,IOCL,163.0,2019-06-01,2029-12-01,healthy,EXACT_OCMS_CODE,0.85
P_OCMS_N16000426,N16000426,CGD PROJECT AT NAWADA AND KODERMA,Ministry of Petroleum & Natural Gas,Energy,LADAKH,IOCL,169.0,2019-06-01,2029-12-01,deteriorating,EXACT_OCMS_CODE,0.85
P_OCMS_N16000429,N16000429,60 KTA POLYPROPYLENE PROJECT,Ministry of Petroleum & Natural Gas,Energy,LADAKH,GAIL,910.56,2019-03-01,2024-04-01,severely_delayed,EXACT_OCMS_CODE,0.85
P_OCMS_N16000440,N16000440,BHATINDA SANGRUR PIPELINE,Ministry of Petroleum & Natural Gas,Energy,LADAKH,HPCL,367.0,2021-11-01,2024-05-01,severely_delayed,EXACT_OCMS_CODE,0.85
P_OCMS_N16000442,N16000442,DEBOTTLENECKING AND,Ministry of Petroleum & Natural Gas,Energy,LADAKH,BPCL,1164.69,2021-04-01,2024-06-01,severely_delayed,EXACT_OCMS_CODE,0.85
P_OCMS_N16000446,N16000446,EXPANSION OF CRYOGENICS GROUP,Ministry of Petroleum & Natural Gas,Energy,LADAKH,IOCL,378.0,2021-09-01,2023-10-01,severely_delayed,EXACT_OCMS_CODE,0.85
P_OCMS_N16000452,N16000452,CONSTRUCTION OF LUBE OIL,Ministry of Petroleum & Natural Gas,Energy,LADAKH,BPCL,423.39,2022-05-01,2024-03-01,healthy,EXACT_OCMS_CODE,0.85
P_OCMS_N16000486,N16000486,CGD PROJECT AT DHARMAPURI AND,Ministry of Petroleum & Natural Gas,Energy,LADAKH,IOCL,501.0,2022-03-01,2030-03-01,severely_delayed,EXACT_OCMS_CODE,0.85
P_OCMS_N16000496,N16000496,"CGD PROJECT IN TONK, SAWAI",Ministry of Petroleum & Natural Gas,Energy,LADAKH,HPCL,1751.0,2022-03-01,2030-03-01,deteriorating,EXACT_OCMS_CODE,0.85
P_OCMS_N16000499,N16000499,MULTI-PRODUCT PIPELINE FROM,Ministry of Petroleum & Natural Gas,Energy,Multi-State,BPCL,1932.0,2019-09-01,2025-03-01,severely_delayed,EXACT_OCMS_CODE,0.85
P_OCMS_N16000500,N16000500,SETTING UP A COMMON USER,Ministry of Petroleum & Natural Gas,Energy,GOA,BPCL,676.89,2021-04-01,2025-03-01,healthy,EXACT_OCMS_CODE,0.85
P_OCMS_N16000507,N16000507,INSTALLATION OF INDEPENDENT DE-,Ministry of Petroleum & Natural Gas,Energy,LADAKH,BPCL,405.0,2023-03-01,2025-07-01,healthy,EXACT_OCMS_CODE,0.85
P_OCMS_N16000508,N16000508,REPLACEMENT AND EXTENSION OF,Ministry of Petroleum & Natural Gas,Energy,GOA,BPCL,621.87,2023-03-01,2026-03-01,healthy,EXACT_OCMS_CODE,0.85
P_OCMS_N16000535,N16000535,HP TRIJET UNIT IN VR,Ministry of Petroleum & Natural Gas,Energy,Multi-State,HPCL,193.0,2024-07-01,2027-07-01,deteriorating,EXACT_OCMS_CODE,0.85
P_OCMS_N18000142,N18000142,LATA-TAPOVAN HYDRO ELECTRIC,Ministry of Power,Energy,LADAKH,NTPC,1527.0,2012-07-01,2017-08-01,deteriorating,EXACT_OCMS_CODE,0.85
P_OCMS_N18000177,N18000177,NORTH KARANPURA STPP (3X660 MW),Ministry of Power,Energy,GOA,NTPC,16242.9,2014-02-01,2019-06-01,severely_delayed,EXACT_OCMS_CODE,0.85
P_OCMS_N18000272,N18000272,KHURJA SUPER THERMAL POWER,Ministry of Power,Energy,LADAKH,THDCIL,11089.42,2019-03-01,2023-09-01,severely_delayed,EXACT_OCMS_CODE,0.85
P_OCMS_N18000286,N18000286,SAMBHU KI BHURJ-II SOLAR 300MW,Ministry of Power,Energy,LADAKH,NTPC,1782.0,2020-03-01,2021-09-01,severely_delayed,EXACT_OCMS_CODE,0.85
P_OCMS_N18000293,N18000293,BHENSARA 320 MW,Ministry of Power,Energy,LADAKH,NTPC,1221.73,2021-01-01,2022-07-01,severely_delayed,EXACT_OCMS_CODE,0.85
P_OCMS_N18000295,N18000295,GUJARAT 200 MW (GUVNL TENDER),Ministry of Power,Energy,GOA,NTPC,842.27,2021-01-01,2022-07-01,severely_delayed,EXACT_OCMS_CODE,0.85
P_OCMS_N18000296,N18000296,150 MW SOLAR PV PROJECT IN GUJARAT,Ministry of Road Transport & Highways,Transport & Logistics,GOA,"LIMBDI, MESANKA AND RADHANPUR",674.92,2021-05-01,2022-09-01,severely_delayed,EXACT_OCMS_CODE,0.85
P_OCMS_N18000319,N18000319,DAYAPAR WIND ENERGY PROJECT,Ministry of Power,Energy,GOA,NTPC,937.8,2021-11-01,2023-05-01,severely_delayed,EXACT_OCMS_CODE,0.85
P_OCMS_N18000320,N18000320,NOKH PLOT-1 SOLAR PV,Ministry of Power,Energy,GOA,NTPC,1352.71,2022-03-01,2023-08-01,severely_delayed,EXACT_OCMS_CODE,0.85
P_OCMS_N18000321,N18000321,NOKH PLOT-2 SOLAR PV,Ministry of Power,Energy,GOA,NTPC,1409.52,2022-03-01,2023-08-01,severely_delayed,EXACT_OCMS_CODE,0.85
P_OCMS_N18000322,N18000322,NOKH PLOT-3 SOLAR PV,Ministry of Power,Energy,GOA,NTPC,1426.94,2022-03-01,2023-08-01,severely_delayed,EXACT_OCMS_CODE,0.85
P_OCMS_N18000328,N18000328,TS FOR EVACUATION OF POWER,Ministry of Coal,Others,LADAKH,PGCIL,318.12,2022-02-01,2025-04-01,healthy,EXACT_OCMS_CODE,0.85
P_OCMS_N18000330,N18000330,TRANSMISSION SYSTEM,Ministry of Coal,Others,LADAKH,PGCIL,288.71,2022-03-01,2024-12-01,severely_delayed,EXACT_OCMS_CODE,0.85
P_OCMS_N18000331,N18000331,TRANSMISSION SYSTEM,Ministry of Coal,Others,LADAKH,PGCIL,359.47,2022-02-01,2023-09-01,severely_delayed,EXACT_OCMS_CODE,0.85
P_OCMS_N18000332,N18000332,TRANSMISSION SYSTEM,Ministry of Coal,Others,LADAKH,PGCIL,1666.0,2022-05-01,2023-11-01,severely_delayed,EXACT_OCMS_CODE,0.85
P_OCMS_N18000335,N18000335,BIKANER SOLAR POWER,Ministry of Power,Energy,GOA,SJVN,5491.89,2022-04-01,2024-05-01,severely_delayed,EXACT_OCMS_CODE,0.85
P_OCMS_N18000343,N18000343,SYSTEM STRENGTHENING SCHEME,Ministry of Coal,Others,LADAKH,PGCIL,307.87,2022-10-01,2025-10-01,healthy,EXACT_OCMS_CODE,0.85
P_OCMS_N18000345,N18000345,DAYAPAR WIND ENERGY PROJECT,Ministry of Power,Energy,GOA,NTPC,1316.02,2022-07-01,2025-03-01,severely_delayed,EXACT_OCMS_CODE,0.85
P_OCMS_N18000346,N18000346,KHAWDA 1255MW SOLAR PROJECT,Ministry of Road Transport & Highways,Transport & Logistics,GOA,KHAWDA SOLAR PARK,7179.54,2022-09-01,2024-09-01,severely_delayed,EXACT_OCMS_CODE,0.85
P_OCMS_N18000347,N18000347,BHADLA-II 500MW SOLAR PV PROJECT,Ministry of Power,Energy,LADAKH,NTPC,2598.92,2022-06-01,2024-03-01,severely_delayed,EXACT_OCMS_CODE,0.85
P_OCMS_N18000348,N18000348,SHAJAPUR 325MW SOLAR PV,Ministry of Power,Energy,LADAKH,NTPC,1530.49,2022-06-01,2024-03-01,severely_delayed,EXACT_OCMS_CODE,0.85
P_OCMS_N18000349,N18000349,BHUJ SOLAR 300MW (TRANCHE-IV,Ministry of Power,Energy,GOA,NTPC,1442.6,2022-11-01,2024-03-01,severely_delayed,EXACT_OCMS_CODE,0.85
P_OCMS_N18000350,N18000350,WESTERN REGION EXPANSION,Ministry of Coal,Others,Multi-State,PGCIL,385.84,2023-02-01,2023-11-01,severely_delayed,EXACT_OCMS_CODE,0.85
P_OCMS_N18000351,N18000351,EASTERN REGION EXPANSION,Ministry of Coal,Others,LADAKH,PGCIL,524.04,2023-03-01,2025-11-01,healthy,EXACT_OCMS_CODE,0.85
P_OCMS_N18000353,N18000353,ER WR TRANSMISSION LIMITED,Ministry of Coal,Others,LADAKH,PGCIL,281.16,2023-03-01,2025-03-01,healthy,EXACT_OCMS_CODE,0.85
P_OCMS_N18000356,N18000356,TRANSMISSION SYSTEM SCHEME,Ministry of Coal,Others,LADAKH,PGCIL,1433.28,2023-03-01,2024-09-01,severely_delayed,EXACT_OCMS_CODE,0.85
P_OCMS_N18000357,N18000357,ESTABLISHMENT OF KHAVDA POOLING,Ministry of Coal,Others,GOA,PGCIL,922.3,2023-03-01,2024-12-01,severely_delayed,EXACT_OCMS_CODE,0.85
P_OCMS_N18000358,N18000358,TRANSMISSION NETWORK EXPANSION,Ministry of Coal,Others,GOA,PGCIL,815.12,2023-03-01,2025-03-01,healthy,EXACT_OCMS_CODE,0.85
P_OCMS_N18000359,N18000359,"KHAVDA-2, GUJARAT- ESTABLISHMENT",Ministry of Coal,Others,GOA,PGCIL,966.79,2023-03-01,2024-12-01,severely_delayed,EXACT_OCMS_CODE,0.85
P_OCMS_N18000360,N18000360,"KHAVDA PHASE-II-PART B, GUJARAT-",Ministry of Coal,Others,GOA,PGCIL,1167.55,2023-03-01,2025-03-01,healthy,EXACT_OCMS_CODE,0.85
P_OCMS_N18000361,N18000361,"KHAVDA PHASE-II-PART C, GUJARAT-",Ministry of Coal,Others,GOA,PGCIL,2820.99,2023-03-01,2025-03-01,healthy,EXACT_OCMS_CODE,0.85
P_OCMS_N18000365,N18000365,KHAVDA 1200MW (4X300MW) IN,Ministry of Power,Energy,GOA,NTPC,6283.81,2023-06-01,2024-12-01,severely_delayed,EXACT_OCMS_CODE,0.85
P_OCMS_N18000366,N18000366,DAYAPAR WIND- III (HYBRID TRANCHE-,Ministry of Power,Energy,GOA,NTPC,1095.01,2023-05-01,2025-01-01,severely_delayed,EXACT_OCMS_CODE,0.85
P_OCMS_N18000368,N18000368,300 MW SOLAR POWER PROJECT,Ministry of Power,Energy,LADAKH,NHPC,1677.12,2022-05-01,2023-11-01,severely_delayed,EXACT_OCMS_CODE,0.85
P_OCMS_N18000370,N18000370,KERANDARI COAL MINING PROJECT,Ministry of Power,Energy,GOA,NTPC,1553.0,2015-09-01,2019-11-01,severely_delayed,EXACT_OCMS_CODE,0.85
P_OCMS_N18000376,N18000376,TS FOR EVACUATION POWER FROM,Ministry of Coal,Others,LADAKH,PGCIL,2191.0,2023-09-01,2025-04-01,healthy,EXACT_OCMS_CODE,0.85
P_OCMS_N18000406,N18000406,600 MW SOLAR POWER PROJECT,Ministry of Power,Energy,GOA,NHPC,4100.45,2022-04-01,2026-03-01,severely_delayed,EXACT_OCMS_CODE,0.85
P_OCMS_N18000418,N18000418,NOKH SOLAR PV PROJECT 735 MW,Ministry of Power,Energy,LADAKH,NTPC,4189.17,2022-03-01,2024-04-01,severely_delayed,EXACT_OCMS_CODE,0.85
P_OCMS_N21000027,N21000027,ALL INDIA INSTITUTE OF MEDICAL,Ministry of Road Transport & Highways,Transport & Logistics,Multi-State,HITES,875.0,2017-05-01,2021-05-01,severely_delayed,EXACT_OCMS_CODE,0.85
P_OCMS_N21000029,N21000029,CONSTRUCTION OF AIIMS AT JAMMU,Ministry of Housing & Urban Affairs,Social & Commercial,GOA,CPWD FOR HEALTH,1404.0,2019-03-01,2023-09-01,severely_delayed,EXACT_OCMS_CODE,0.85
P_OCMS_N22000087,N22000087,NEW B.G. LINE FROM ARARIA TO,Ministry of Railways,Transport & Logistics,Multi-State,NFR,2650.0,2006-09-01,2024-12-01,healthy,EXACT_OCMS_CODE,0.85
P_OCMS_N22000100,N22000100,"BHAIRABI SAIRONG, NL, NEFR",Ministry of Road Transport & Highways,Transport & Logistics,LADAKH,NFR,6527.45,2008-04-01,2025-03-01,healthy,EXACT_OCMS_CODE,0.85
P_OCMS_N22000171,N22000171,SAKRI-HASANPUR ROAD (NL),Ministry of Road Transport & Highways,Transport & Logistics,Multi-State,ECR,325.0,1999-04-01,2027-03-01,cost_escalating,EXACT_OCMS_CODE,0.85
P_OCMS_N22000183,N22000183,NEW BONGAIGAON-RANGIA-,Ministry of Road Transport & Highways,Transport & Logistics,GOA,NFR,2047.51,2013-04-01,2024-08-01,cost_escalating,EXACT_OCMS_CODE,0.85
P_OCMS_N22000274,N22000274,DEOBAND (MUZAFFARNAGAR)-,Ministry of Road Transport & Highways,Transport & Logistics,LADAKH,NR,1053.23,2007-04-01,2024-03-01,severely_delayed,EXACT_OCMS_CODE,0.85
P_OCMS_N22000349,N22000349,KIUL - GAYA DOUBLING PROJECT,Ministry of Railways,Transport & Logistics,Multi-State,ECR,2462.11,2015-12-01,2024-09-01,healthy,EXACT_OCMS_CODE,0.85
P_OCMS_N22000401,N22000401,VARANASI-MODHOSINGH-,Ministry of Railways,Transport & Logistics,GOA,RVNL,2018.23,2015-04-01,2024-12-01,deteriorating,EXACT_OCMS_CODE,0.85
P_OCMS_N22000417,N22000417,2880.4,Ministry of Road Transport & Highways,Transport & Logistics,GOA,ECR,2880.4,2015-08-01,2024-08-01,healthy,EXACT_OCMS_CODE,0.85
P_OCMS_N22000418,N22000418,EXECUTION OF RAIL,Ministry of Railways,Transport & Logistics,GOA,IRCON,5200.0,2016-04-01,2020-03-01,severely_delayed,EXACT_OCMS_CODE,0.85
P_OCMS_N22000419,N22000419,KARAILA ROAD - SHAKTINAGAR,Ministry of Road Transport & Highways,Transport & Logistics,GOA,ECR,762.97,2015-08-01,2024-08-01,healthy,EXACT_OCMS_CODE,0.85
P_OCMS_N22000470,N22000470,"SHAHGANJ-BHATNI-PHEPHNA-INDARA,",Ministry of Road Transport & Highways,Transport & Logistics,LADAKH,NER,1177.96,2016-04-01,2024-12-01,severely_delayed,EXACT_OCMS_CODE,0.85
P_OCMS_N22000485,N22000485,ANUPPUR-KATNI,Ministry of Road Transport & Highways,Transport & Logistics,LADAKH,SECR,1860.94,2015-04-01,2021-12-01,severely_delayed,EXACT_OCMS_CODE,0.85
P_OCMS_N22000502,N22000502,"MANSA-BHATINDA (PHASE-I),",Ministry of Road Transport & Highways,Transport & Logistics,GOA,NR,404.0,2009-06-01,2016-08-01,severely_delayed,EXACT_OCMS_CODE,0.85
P_OCMS_N22000504,N22000504,ANAND GODHRA DOUBLING PROJECT,Ministry of Railways,Transport & Logistics,GOA,WR,692.26,2017-04-01,2024-12-01,healthy,EXACT_OCMS_CODE,0.85
P_OCMS_N22000505,N22000505,MEHSANA PALANPUR,Ministry of Road Transport & Highways,Transport & Logistics,GOA,WR,537.31,2018-04-01,2024-03-01,severely_delayed,EXACT_OCMS_CODE,0.85
P_OCMS_N22000510,N22000510,PURULIA TO KOTSHILA DOUBLING,Ministry of Railways,Transport & Logistics,LADAKH,39.1 KM,393.83,2018-04-01,2024-12-01,healthy,EXACT_OCMS_CODE,0.85
P_OCMS_N22000511,N22000511,PACHORA-JAMNER WITH EXTENSION,Ministry of Road Transport & Highways,Transport & Logistics,LADAKH,CR,955.0,2022-08-01,2027-08-01,severely_delayed,EXACT_OCMS_CODE,0.85
P_OCMS_N22000515,N22000515,KALYAN-MURBAD VIA ULHASNAGAR,Ministry of Road Transport & Highways,Transport & Logistics,LADAKH,UMBRELLA WORK,836.12,2023-02-01,2027-03-01,deteriorating,EXACT_OCMS_CODE,0.85
P_OCMS_N22000518,N22000518,TALCHER - ANGUL NEW LINE WITH Y,Ministry of Railways,Transport & Logistics,LADAKH,ECOR,278.96,2018-07-01,2026-12-01,cost_escalating,EXACT_OCMS_CODE,0.85
P_OCMS_N22000519,N22000519,KODINGAMALI BAUXITE MINES TO,Ministry of Road Transport & Highways,Transport & Logistics,LADAKH,ECOR,190.9,2022-08-01,2027-08-01,deteriorating,EXACT_OCMS_CODE,0.85
P_OCMS_N22000522,N22000522,BAGHUAPAL FLY OVER (20 KM),Ministry of Road Transport & Highways,Transport & Logistics,LADAKH,ECOR,183.0,2019-08-01,2027-08-01,cost_escalating,EXACT_OCMS_CODE,0.85
P_OCMS_N22000523,N22000523,DARBHANGA - BYPASS LINE,Ministry of Road Transport & Highways,Transport & Logistics,ANDAMAN AND,ECR,983.62,2019-06-01,2025-06-01,healthy,EXACT_OCMS_CODE,0.85
P_OCMS_N22000525,N22000525,SURFACE TRIANGLE LINE BETWEEN,Ministry of Railways,Transport & Logistics,LADAKH,ECR,199.96,2022-10-01,2027-10-01,deteriorating,EXACT_OCMS_CODE,0.85
P_OCMS_N22000526,N22000526,JHAJHA - BATIA (UMBRELLA WORK,Ministry of Road Transport & Highways,Transport & Logistics,Multi-State,ECR,496.47,2019-02-01,2028-06-01,deteriorating,EXACT_OCMS_CODE,0.85
P_OCMS_N22000528,N22000528,SONENAGAR BYE PASS LINE FROM,Ministry of Railways,Transport & Logistics,Multi-State,ECR,234.0,2022-10-01,2027-10-01,deteriorating,EXACT_OCMS_CODE,0.85
P_OCMS_N22000533,N22000533,QUADRUPLING BETWEEN,Ministry of Road Transport & Highways,Transport & Logistics,GOA,WR,152.44,2023-02-01,2025-12-01,healthy,EXACT_OCMS_CODE,0.85
P_OCMS_N22000537,N22000537,HIMMATNAGAR-KHEDBRAHMA (54.83,Ministry of Road Transport & Highways,Transport & Logistics,GOA,WR,354.99,2022-06-01,2025-08-01,cost_escalating,EXACT_OCMS_CODE,0.85
P_OCMS_N22000547,N22000547,VIJAPUR-AMBLIYASAN (41.53 KM),Ministry of Road Transport & Highways,Transport & Logistics,GOA,WR,309.81,2022-05-01,2025-08-01,cost_escalating,EXACT_OCMS_CODE,0.85
P_OCMS_N22000548,N22000548,ADRAJ MOTI-VIAJAPUR (39.75 KM),Ministry of Road Transport & Highways,Transport & Logistics,GOA,WR,296.54,2022-05-01,2025-08-01,healthy,EXACT_OCMS_CODE,0.85
P_OCMS_N22000555,N22000555,"PENUKONDA-DHARMAVARAM, EXCL.",Ministry of Road Transport & Highways,Transport & Logistics,Multi-State,SWR,294.67,2019-04-01,2026-03-01,healthy,EXACT_OCMS_CODE,0.85
P_OCMS_N22000556,N22000556,MALUGUR-PALASAMUDRAM (17.98 KM),Ministry of Road Transport & Highways,Transport & Logistics,Multi-State,PB#29/NR/2022-23,323.14,2022-09-01,2025-12-01,severely_delayed,EXACT_OCMS_CODE,0.85
P_OCMS_N22000566,N22000566,BAHRAICH - NANPARA -NEPALGANJ,Ministry of Road Transport & Highways,Transport & Logistics,LADAKH,56.15 KM,950.0,2020-07-01,2024-12-01,severely_delayed,EXACT_OCMS_CODE,0.85
P_OCMS_N22000568,N22000568,CHENNAI BEACH-CHENNAI EGMORE,Ministry of Road Transport & Highways,Transport & Logistics,LADAKH,SR,359.6,2022-03-01,2026-03-01,healthy,EXACT_OCMS_CODE,0.85
P_OCMS_N22000570,N22000570,KATIHAR-KUMEDPUR AND KATIHAR-,Ministry of Road Transport & Highways,Transport & Logistics,Multi-State,NFR,745.0,2022-08-01,2027-08-01,cost_escalating,EXACT_OCMS_CODE,0.85
P_OCMS_N22000571,N22000571,ROURKELA-BONDAMUNDA A-CABIN,Ministry of Road Transport & Highways,Transport & Logistics,LADAKH,SER,209.75,2022-09-01,2026-09-01,cost_escalating,EXACT_OCMS_CODE,0.85
P_OCMS_N22000589,N22000589,LUDHIANA MULLANPUR DOUBLING,Ministry of Railways,Transport & Logistics,LADAKH,NR,235.0,2020-09-01,2025-03-01,healthy,EXACT_OCMS_CODE,0.85
P_OCMS_N22000591,N22000591,DOUBLING BETWEEN JAUNPUR JN-,Ministry of Railways,Transport & Logistics,LADAKH,NR,177.33,2023-03-01,2026-12-01,deteriorating,EXACT_OCMS_CODE,0.85
P_OCMS_N22000594,N22000594,DEDICATED TEST TRACK FOR RDSO,Ministry of Road Transport & Highways,Transport & Logistics,LADAKH,PHASE II,466.42,2021-11-01,2026-11-01,healthy,EXACT_OCMS_CODE,0.85
P_OCMS_N22000596,N22000596,JANGHAI-PHAPHAMAU - DOUBLING,Ministry of Railways,Transport & Logistics,LADAKH,RVNL,357.48,2018-11-01,2025-03-01,deteriorating,EXACT_OCMS_CODE,0.85
P_OCMS_N22000599,N22000599,3RD LINE BETWEEN DHANBAD,Ministry of Railways,Transport & Logistics,GOA,RVNL,8975.0,2016-11-01,2026-03-01,deteriorating,EXACT_OCMS_CODE,0.85
P_OCMS_N22000600,N22000600,JUNAGARH -VISAVADAR (42.28) KM,Ministry of Railways,Transport & Logistics,GOA,RVNL,493.0,2022-06-01,2028-09-01,deteriorating,EXACT_OCMS_CODE,0.85
P_OCMS_N22000602,N22000602,DALLIRAJHARA - ROWGHAT (95 KM),Ministry of Railways,Transport & Logistics,Multi-State,RVNL,1627.56,2008-03-01,2025-06-01,deteriorating,EXACT_OCMS_CODE,0.85
P_OCMS_N22000605,N22000605,DOUBLING BETWEEN CHURU-,Ministry of Railways,Transport & Logistics,LADAKH,NWR,422.6,2023-02-01,2028-02-01,healthy,EXACT_OCMS_CODE,0.85
P_OCMS_N22000609,N22000609,AZIMGANJ-MURSHIDABAD,Ministry of Road Transport & Highways,Transport & Logistics,GOA,ER,164.33,2001-10-01,2024-02-01,healthy,EXACT_OCMS_CODE,0.85
P_OCMS_N22000610,N22000610,GARHWA ROAD - RAIL OVER RAIL,Ministry of Road Transport & Highways,Transport & Logistics,GOA,ECR,262.71,2017-03-01,2024-06-01,severely_delayed,EXACT_OCMS_CODE,0.85
P_OCMS_N22000612,N22000612,MATHURA - VRINDAVAN (11 KM),Ministry of Road Transport & Highways,Transport & Logistics,LADAKH,NCR,402.88,2022-08-01,2025-06-01,deteriorating,EXACT_OCMS_CODE,0.85
P_OCMS_N22000613,N22000613,DOMINGARH - GORAKHPUR -,Ministry of Road Transport & Highways,Transport & Logistics,LADAKH,NER,351.03,2016-11-01,2025-02-01,cost_escalating,EXACT_OCMS_CODE,0.85
P_OCMS_N22000614,N22000614,FEROZPUR - PATTI (25.72 KM),Ministry of Road Transport & Highways,Transport & Logistics,LADAKH,NR,299.74,2017-04-01,2027-03-01,cost_escalating,EXACT_OCMS_CODE,0.85
P_OCMS_N22000616,N22000616,CHIRIMIRI-NAGPUR HALT,Ministry of Road Transport & Highways,Transport & Logistics,Multi-State,SECR,241.0,2018-10-01,2030-06-01,deteriorating,EXACT_OCMS_CODE,0.85
P_OCMS_N22000618,N22000618,MORAPPUR-DHARMAPURI,Ministry of Road Transport & Highways,Transport & Logistics,LADAKH,SR,358.95,2019-02-01,2028-03-01,deteriorating,EXACT_OCMS_CODE,0.85
P_OCMS_N22000625,N22000625,KARAIKAL PERALAM(23KM)-NEW LINE,Ministry of Railways,Transport & Logistics,LADAKH,SR,304.22,2019-01-01,2026-03-01,cost_escalating,EXACT_OCMS_CODE,0.85
P_OCMS_N22000628,N22000628,EAST WEST METRO CORRIDOR,Ministry of Road Transport & Highways,Transport & Logistics,LADAKH,KOMRCL,4874.58,2009-02-01,2016-09-01,cost_escalating,EXACT_OCMS_CODE,0.85
P_OCMS_N22000630,N22000630,KALIPAHARI - BAKHTARNAGAR 5TH,Ministry of Road Transport & Highways,Transport & Logistics,LADAKH,ER,350.46,2024-04-01,2027-06-01,deteriorating,EXACT_OCMS_CODE,0.85
P_OCMS_N24000165,N24000165,PATNA-MUZZAFFARPUR,Ministry of Road Transport & Highways,Transport & Logistics,Multi-State,NHAI,671.3,2010-08-01,2013-02-01,severely_delayed,EXACT_OCMS_CODE,0.85
P_OCMS_N24000245,N24000245,REHABILITATION AND UPGRADATION,Ministry of Road Transport & Highways,Transport & Logistics,LADAKH,MoRTH,270.0,2014-01-01,2016-03-01,severely_delayed,EXACT_OCMS_CODE,0.85
P_OCMS_N24000247,N24000247,REHABILITATION AND UPGRADATION,Ministry of Road Transport & Highways,Transport & Logistics,LADAKH,MoRTH,295.47,2014-10-01,2017-02-01,healthy,EXACT_OCMS_CODE,0.85
P_OCMS_N24000248,N24000248,EPC- CORRIDOR APPROACH WORKS -,Ministry of Road Transport & Highways,Transport & Logistics,LADAKH,MoRTH,153.21,2015-03-01,2017-01-01,healthy,EXACT_OCMS_CODE,0.85
P_OCMS_N24000301,N24000301,REHABILITATION AND UPGRADATION OF,Ministry of Road Transport & Highways,Transport & Logistics,ANDAMAN AND,MoRTH,271.45,2015-03-01,2015-10-01,severely_delayed,EXACT_OCMS_CODE,0.85
P_OCMS_N24000319,N24000319,4 LANING OF JORHAT TO JHANJI,Ministry of Road Transport & Highways,Transport & Logistics,Multi-State,NHIDCL,437.39,2015-06-01,2023-08-01,severely_delayed,EXACT_OCMS_CODE,0.85
P_OCMS_N24000320,N24000320,FOUR LANING OF JHANJHI JN TO,Ministry of Road Transport & Highways,Transport & Logistics,Multi-State,NHIDCL,463.49,2015-06-01,2024-03-01,severely_delayed,EXACT_OCMS_CODE,0.85
P_OCMS_N24000332,N24000332,REHABILITATION AND UPGRADATION OF,Ministry of Road Transport & Highways,Transport & Logistics,LADAKH,MoRTH,225.81,2015-01-01,2025-12-01,healthy,EXACT_OCMS_CODE,0.85
P_OCMS_N24000334,N24000334,STRENGTHENING AND WIDENING TO,Ministry of Road Transport & Highways,Transport & Logistics,GOA,MoRTH,165.67,2015-03-01,2015-11-01,severely_delayed,EXACT_OCMS_CODE,0.85
P_OCMS_N24000463,N24000463,4 LANING OF NH-31D FROM,Ministry of Road Transport & Highways,Transport & Logistics,LADAKH,NHAI,1083.0,2015-12-01,2018-06-01,severely_delayed,EXACT_OCMS_CODE,0.85
P_OCMS_N24000465,N24000465,4-LANING OF KASHIPUR-SITARGANJ,Ministry of Road Transport & Highways,Transport & Logistics,LADAKH,AMR,605.84,2012-11-01,2016-08-01,deteriorating,EXACT_OCMS_CODE,0.85
P_OCMS_N24000488,N24000488,FOUR LANING OF UDHAMBUR -,Ministry of Road Transport & Highways,Transport & Logistics,GOA,NHAI,2136.97,2015-12-01,2018-12-01,severely_delayed,EXACT_OCMS_CODE,0.85
P_OCMS_N24000531,N24000531,REHABILITATION AND UPGRADING TO,Ministry of Road Transport & Highways,Transport & Logistics,Multi-State,MoRTH,319.68,2016-02-01,2018-11-01,severely_delayed,EXACT_OCMS_CODE,0.85
P_OCMS_N24000560,N24000560,NAGPUR RING ROAD PACKAGE-2,Ministry of Road Transport & Highways,Transport & Logistics,LADAKH,NHAI,591.66,2016-03-01,2019-07-01,severely_delayed,EXACT_OCMS_CODE,0.85
P_OCMS_N24000564,N24000564,4-LANNING OF HARIDWAR-NAGINA,Ministry of Road Transport & Highways,Transport & Logistics,LADAKH,NHAI,1408.0,2016-03-01,2020-07-01,severely_delayed,EXACT_OCMS_CODE,0.85
P_OCMS_N24000567,N24000567,FOUR LANING OF BHAVNAGAR-,Ministry of Road Transport & Highways,Transport & Logistics,GOA,NHAI,998.18,2016-05-01,2019-08-01,severely_delayed,EXACT_OCMS_CODE,0.85
P_OCMS_N24000570,N24000570,FOUR LANING OF UNA TO,Ministry of Road Transport & Highways,Transport & Logistics,GOA,NHAI,763.08,2016-05-01,2019-08-01,severely_delayed,EXACT_OCMS_CODE,0.85
P_OCMS_N24000576,N24000576,CONSTRUCTION OF REHABILITATION,Ministry of Road Transport & Highways,Transport & Logistics,Multi-State,MoRTH,178.85,2016-02-01,2016-05-01,severely_delayed,EXACT_OCMS_CODE,0.85
P_OCMS_N24000578,N24000578,"PROCUREMENT, AND CONSTRUCTION",Ministry of Road Transport & Highways,Transport & Logistics,Multi-State,MoRTH,553.3,2016-02-01,2016-05-01,severely_delayed,EXACT_OCMS_CODE,0.85
P_OCMS_N24000603,N24000603,HOSPET-BELLARY-KARNATAKA,Ministry of Road Transport & Highways,Transport & Logistics,GOA,NHAI,1167.42,2016-08-01,2019-03-01,severely_delayed,EXACT_OCMS_CODE,0.85
P_OCMS_N24000649,N24000649,SIX LANNING FROM KM. 401.200 TO,Ministry of Road Transport & Highways,Transport & Logistics,GOA,NHAI,1251.11,2017-01-01,2020-12-01,severely_delayed,EXACT_OCMS_CODE,0.85
P_OCMS_N24000659,N24000659,4-LANNING OF WARANGA-MAHAGAON,Ministry of Road Transport & Highways,Transport & Logistics,LADAKH,NHAI,1059.73,2017-03-01,2017-03-01,severely_delayed,EXACT_OCMS_CODE,0.85
P_OCMS_N24000683,N24000683,TWO LANING OF JORAM KOLORIANG,Ministry of Road Transport & Highways,Transport & Logistics,Multi-State,NHIDCL,180.57,2017-02-01,2023-11-01,severely_delayed,EXACT_OCMS_CODE,0.85
P_OCMS_N24000686,N24000686,FOUR LANING OF DIMAPUR KOHIMA ROAD,Ministry of Road Transport & Highways,Transport & Logistics,LADAKH,NHIDCL,373.07,2016-03-01,2019-09-01,severely_delayed,EXACT_OCMS_CODE,0.85
P_OCMS_N24000688,N24000688,FOUR LANING OF EXISTING DIMAPUR,Ministry of Road Transport & Highways,Transport & Logistics,LADAKH,NHIDCL,429.52,2016-03-01,2022-08-01,severely_delayed,EXACT_OCMS_CODE,0.85
P_OCMS_N24000697,N24000697,FOUR LANNING OF CHOLOPURAM-,Ministry of Road Transport & Highways,Transport & Logistics,LADAKH,NHAI,1176.37,2017-08-01,2020-09-01,severely_delayed,EXACT_OCMS_CODE,0.85
P_OCMS_N24000704,N24000704,4-LANNING OF THALSERRY -MAHE BYPASS,Ministry of Road Transport & Highways,Transport & Logistics,GOA,NHAI,1124.11,2017-09-01,2020-05-01,severely_delayed,EXACT_OCMS_CODE,0.85
P_OCMS_N24000709,N24000709,BALANCE WORK FOR FOUR,Ministry of Road Transport & Highways,Transport & Logistics,GOA,NHAI,950.27,2017-12-01,2020-02-01,severely_delayed,EXACT_OCMS_CODE,0.85
P_OCMS_N24000736,N24000736,REHABILITATION AND UPGRADATION,Ministry of Road Transport & Highways,Transport & Logistics,LADAKH,NHAI,686.65,2018-01-01,2020-09-01,severely_delayed,EXACT_OCMS_CODE,0.85
P_OCMS_N24000741,N24000741,CONSTRUCTION AND UPGRADATION OF,Ministry of Road Transport & Highways,Transport & Logistics,LADAKH,NHIDCL,274.31,2018-03-01,2020-11-01,severely_delayed,EXACT_OCMS_CODE,0.85
P_OCMS_N24000742,N24000742,2 LANE WITH PAVED SHOULDER FROM,Ministry of Road Transport & Highways,Transport & Logistics,LADAKH,NHIDCL,403.36,2018-03-01,2020-11-01,severely_delayed,EXACT_OCMS_CODE,0.85
P_OCMS_N24000743,N24000743,2 LANE WITH PAVED SHOULDER FROM,Ministry of Road Transport & Highways,Transport & Logistics,LADAKH,NHIDCL,417.24,2018-03-01,2020-11-01,severely_delayed,EXACT_OCMS_CODE,0.85
P_OCMS_N24000745,N24000745,"2 LANE WITH HARD SHOLDER ,",Ministry of Road Transport & Highways,Transport & Logistics,Multi-State,NHIDCL,409.85,2017-03-01,2019-12-01,severely_delayed,EXACT_OCMS_CODE,0.85
P_OCMS_N24000749,N24000749,REHABILITATION AND UP GRADATION,Ministry of Road Transport & Highways,Transport & Logistics,Multi-State,NHIDCL,234.27,2018-03-01,2020-09-01,severely_delayed,EXACT_OCMS_CODE,0.85
P_OCMS_N24000752,N24000752,(I) CONSTRUCTION OF FOUR/SIX,Ministry of Road Transport & Highways,Transport & Logistics,LADAKH,NHIDCL,387.0,2017-02-01,2020-09-01,severely_delayed,EXACT_OCMS_CODE,0.85
P_OCMS_N24000753,N24000753,(II) CONSTRUCTION OF DIMAPUR,Ministry of Road Transport & Highways,Transport & Logistics,LADAKH,NHIDCL,500.09,2018-03-01,2022-11-01,severely_delayed,EXACT_OCMS_CODE,0.85
P_OCMS_N24000767,N24000767,CONSTRUCTION OF 2-LANE WITH,Ministry of Road Transport & Highways,Transport & Logistics,LADAKH,NHIDCL,375.8,2017-03-01,2022-04-01,severely_delayed,EXACT_OCMS_CODE,0.85
P_OCMS_N24000768,N24000768,CONSTRUCTION OF 2-LANE WITH PAVED,Ministry of Road Transport & Highways,Transport & Logistics,LADAKH,NHIDCL,290.05,2017-11-01,2020-10-01,severely_delayed,EXACT_OCMS_CODE,0.85
P_OCMS_N24000771,N24000771,WIDENING TO 2-LANE WITH,Ministry of Road Transport & Highways,Transport & Logistics,LADAKH,NHIDCL,553.51,2017-04-01,2021-09-01,severely_delayed,EXACT_OCMS_CODE,0.85
P_OCMS_N24000772,N24000772,RECONSTRUCTION WITH GEOMETRIC,Ministry of Road Transport & Highways,Transport & Logistics,LADAKH,MoRTH,257.34,2017-12-01,2019-12-01,healthy,EXACT_OCMS_CODE,0.85
P_OCMS_N24000773,N24000773,RECONSTRUCTION WITH GEOMETRIC,Ministry of Road Transport & Highways,Transport & Logistics,LADAKH,MoRTH,200.34,2017-12-01,2019-12-01,healthy,EXACT_OCMS_CODE,0.85
P_OCMS_N24000774,N24000774,WIDENING OF EXISTING SINGLE LANE,Ministry of Road Transport & Highways,Transport & Logistics,LADAKH,MoRTH,248.22,2017-12-01,2019-12-01,healthy,EXACT_OCMS_CODE,0.85
P_OCMS_N24000776,N24000776,RECONSTRUCTION WITH GEOMETIC,Ministry of Road Transport & Highways,Transport & Logistics,LADAKH,MoRTH,232.81,2017-11-01,2019-11-01,healthy,EXACT_OCMS_CODE,0.85
P_OCMS_N24000777,N24000777,RECONSTRUCTION WITH GEOMETIC,Ministry of Road Transport & Highways,Transport & Logistics,LADAKH,MoRTH,283.51,2017-11-01,2019-11-01,healthy,EXACT_OCMS_CODE,0.85
P_OCMS_N24000778,N24000778,RECONSTRUCTION WITH GEOMETRIC,Ministry of Road Transport & Highways,Transport & Logistics,LADAKH,MoRTH,266.52,2017-11-01,2019-11-01,healthy,EXACT_OCMS_CODE,0.85
P_OCMS_N24000780,N24000780,REHABILITATION AND UP GRADATION,Ministry of Road Transport & Highways,Transport & Logistics,LADAKH,MoRTH,293.68,2018-02-01,2025-12-01,healthy,EXACT_OCMS_CODE,0.85
P_OCMS_N24000782,N24000782,REHABILITATION AND UPGRADATION,Ministry of Road Transport & Highways,Transport & Logistics,LADAKH,MoRTH,460.73,2018-03-01,2025-12-01,deteriorating,EXACT_OCMS_CODE,0.85
P_OCMS_N24000798,N24000798,SIX LANING OF HAPUR BYPASS TO,Ministry of Road Transport & Highways,Transport & Logistics,LADAKH,NHAI,2140.93,2018-03-01,2021-11-01,severely_delayed,EXACT_OCMS_CODE,0.85
P_OCMS_N24000821,N24000821,RECONSTRUCTION WITH GEOMETRIC,Ministry of Road Transport & Highways,Transport & Logistics,Multi-State,MoRTH,257.34,2017-11-01,2019-11-01,healthy,EXACT_OCMS_CODE,0.85
P_OCMS_N24000851,N24000851,CONSTRUCTION OF 8 LANING OF,Ministry of Road Transport & Highways,Transport & Logistics,LADAKH,NHAI,1162.92,2018-03-01,2021-07-01,severely_delayed,EXACT_OCMS_CODE,0.85
P_OCMS_N24000858,N24000858,WIDENING AND UP-GRADATION TO 2-,Ministry of Road Transport & Highways,Transport & Logistics,LADAKH,NHIDCL,640.07,2017-04-01,2023-07-01,severely_delayed,EXACT_OCMS_CODE,0.85
P_OCMS_N24000880,N24000880,UPGRADATION OF NH-81 WITH A,Ministry of Road Transport & Highways,Transport & Logistics,LADAKH,MoRTH,426.18,2018-02-01,2020-09-01,severely_delayed,EXACT_OCMS_CODE,0.85
P_OCMS_N24000907,N24000907,WIDENING AND PAVED SHOULDER OF,Ministry of Road Transport & Highways,Transport & Logistics,LADAKH,MoRTH,293.1,2018-03-01,2020-08-01,severely_delayed,EXACT_OCMS_CODE,0.85
P_OCMS_N24000909,N24000909,JALANDHAR-HOSHIARPUR SECTION,Ministry of Road Transport & Highways,Transport & Logistics,LADAKH,MoRTH,1069.59,2017-10-01,2019-10-01,severely_delayed,EXACT_OCMS_CODE,0.85
P_OCMS_N24000910,N24000910,REHABILITATION AND UP GRADATION,Ministry of Road Transport & Highways,Transport & Logistics,LADAKH,MoRTH,170.57,2018-03-01,2020-11-01,severely_delayed,EXACT_OCMS_CODE,0.85
P_OCMS_N24000912,N24000912,WIDENING TO 2LPS FROM 0/0 TO 119/0,Ministry of Road Transport & Highways,Transport & Logistics,LADAKH,MoRTH,287.7,2016-08-01,2017-02-01,severely_delayed,EXACT_OCMS_CODE,0.85
P_OCMS_N24000914,N24000914,WIDENING TO 2LPS FROM 239/9 TO,Ministry of Road Transport & Highways,Transport & Logistics,LADAKH,MoRTH,223.5,2016-12-01,2018-08-01,severely_delayed,EXACT_OCMS_CODE,0.85
P_OCMS_N24000917,N24000917,WIDENING TO 2LPS FROM 269/30 TO,Ministry of Road Transport & Highways,Transport & Logistics,LADAKH,MoRTH,199.16,2018-03-01,2018-08-01,severely_delayed,EXACT_OCMS_CODE,0.85
P_OCMS_N24000925,N24000925,CONSTRUCTION OF MISSING LINKS,Ministry of Road Transport & Highways,Transport & Logistics,GOA,MoRTH,400.76,2018-10-01,2020-11-01,severely_delayed,EXACT_OCMS_CODE,0.85
P_OCMS_N24000931,N24000931,REHABILITATION AND UPGRADATION,Ministry of Road Transport & Highways,Transport & Logistics,Multi-State,MoRTH,290.15,2016-11-01,2017-05-01,severely_delayed,EXACT_OCMS_CODE,0.85
P_OCMS_N24000979,N24000979,TWO-LANING OF HAYULIANG? HAWAI,Ministry of Road Transport & Highways,Transport & Logistics,Multi-State,NHIDCL,256.66,2017-01-01,2023-05-01,severely_delayed,EXACT_OCMS_CODE,0.85
P_OCMS_N24000980,N24000980,WIDEINING TO TWO/FOUR LANE WITH,Ministry of Road Transport & Highways,Transport & Logistics,LADAKH,MoRTH,298.32,2016-10-01,2019-02-01,deteriorating,EXACT_OCMS_CODE,0.85
P_OCMS_N24000982,N24000982,WIDENING TO TWO LANE WITH PAVED,Ministry of Road Transport & Highways,Transport & Logistics,LADAKH,MoRTH,244.54,2017-01-01,2019-05-01,healthy,EXACT_OCMS_CODE,0.85
P_OCMS_N24000983,N24000983,WIDENING TO TWO LANE WITH PAVED,Ministry of Road Transport & Highways,Transport & Logistics,LADAKH,MoRTH,196.52,2017-01-01,2019-10-01,healthy,EXACT_OCMS_CODE,0.85
P_OCMS_N24000984,N24000984,WIDENING TO TWO LANE WITH PAVED,Ministry of Road Transport & Highways,Transport & Logistics,LADAKH,MoRTH,283.0,2017-01-01,2019-12-01,healthy,EXACT_OCMS_CODE,0.85
P_OCMS_N24000986,N24000986,WIDENING TO TWO LANE WITH PAVED,Ministry of Road Transport & Highways,Transport & Logistics,LADAKH,MoRTH,300.0,2017-01-01,2019-05-01,healthy,EXACT_OCMS_CODE,0.85
P_OCMS_N24000989,N24000989,WIDENING AND STRENGTHENING OF,Ministry of Road Transport & Highways,Transport & Logistics,LADAKH,MoRTH,206.13,2018-02-01,2020-06-01,healthy,EXACT_OCMS_CODE,0.85
P_OCMS_N24000990,N24000990,REHABILITATION AND UPGRADATION,Ministry of Road Transport & Highways,Transport & Logistics,LADAKH,MoRTH,294.13,2018-02-01,2019-11-01,healthy,EXACT_OCMS_CODE,0.85
P_OCMS_N24000993,N24000993,REHABILITATION AND UPGRADATION,Ministry of Road Transport & Highways,Transport & Logistics,LADAKH,MoRTH,322.81,2018-03-01,2020-09-01,healthy,EXACT_OCMS_CODE,0.85
P_OCMS_N24000998,N24000998,WIDENING AND STRENGTHENING/,Ministry of Road Transport & Highways,Transport & Logistics,LADAKH,MoRTH,193.19,2019-01-01,2025-12-01,cost_escalating,EXACT_OCMS_CODE,0.85
P_OCMS_N24001003,N24001003,AKOLA TO AKOT,Ministry of Road Transport & Highways,Transport & Logistics,LADAKH,MoRTH,313.95,2017-01-01,2019-06-01,severely_delayed,EXACT_OCMS_CODE,0.85
P_OCMS_N24001008,N24001008,AJANTHA TO BULDHANA,Ministry of Road Transport & Highways,Transport & Logistics,ANDAMAN AND,MoRTH,401.0,2017-02-01,2019-07-01,severely_delayed,EXACT_OCMS_CODE,0.85
P_OCMS_N24001013,N24001013,DIGRAS DARWAH KARANJA,Ministry of Road Transport & Highways,Transport & Logistics,LADAKH,MoRTH,391.06,2017-01-01,2019-06-01,severely_delayed,EXACT_OCMS_CODE,0.85
P_OCMS_N24001017,N24001017,DAHEGAON TO KUHI,Ministry of Road Transport & Highways,Transport & Logistics,LADAKH,MoRTH,228.89,2017-01-01,2019-06-01,severely_delayed,EXACT_OCMS_CODE,0.85
P_OCMS_N24001018,N24001018,BHANDARA TO GHOTITOK,Ministry of Road Transport & Highways,Transport & Logistics,LADAKH,MoRTH,392.83,2017-01-01,2019-06-01,healthy,EXACT_OCMS_CODE,0.85
P_OCMS_N24001021,N24001021,AMDI TO SAONER,Ministry of Road Transport & Highways,Transport & Logistics,LADAKH,MoRTH,396.91,2017-01-01,2019-06-01,severely_delayed,EXACT_OCMS_CODE,0.85
P_OCMS_N24001022,N24001022,WADI TO ASOLA,Ministry of Road Transport & Highways,Transport & Logistics,LADAKH,MoRTH,363.82,2017-01-01,2019-09-01,severely_delayed,EXACT_OCMS_CODE,0.85
P_OCMS_N24001046,N24001046,RALEGAON TO RAMTIRTH,Ministry of Road Transport & Highways,Transport & Logistics,LADAKH,MoRTH,210.81,2017-01-01,2019-07-01,severely_delayed,EXACT_OCMS_CODE,0.85
P_OCMS_N24001050,N24001050,VITA TO NAGAJ,Ministry of Road Transport & Highways,Transport & Logistics,LADAKH,MoRTH,304.58,2018-03-01,2019-12-01,severely_delayed,EXACT_OCMS_CODE,0.85
P_OCMS_N24001058,N24001058,KARWANDI TO RAJURI,Ministry of Road Transport & Highways,Transport & Logistics,LADAKH,MoRTH,276.95,2018-03-01,2019-12-01,severely_delayed,EXACT_OCMS_CODE,0.85
P_OCMS_N24001069,N24001069,NANDED TO JALKOT,Ministry of Road Transport & Highways,Transport & Logistics,LADAKH,MoRTH,456.93,2017-12-01,2019-09-01,healthy,EXACT_OCMS_CODE,0.85
P_OCMS_N24001078,N24001078,PUNE TO MALE VILLAGE,Ministry of Road Transport & Highways,Transport & Logistics,LADAKH,MoRTH,228.31,2018-03-01,2019-12-01,severely_delayed,EXACT_OCMS_CODE,0.85
P_OCMS_N24001079,N24001079,ARDHAPUR TO HIMAYATNAGAR,Ministry of Road Transport & Highways,Transport & Logistics,LADAKH,MoRTH,426.06,2017-12-01,2020-06-01,severely_delayed,EXACT_OCMS_CODE,0.85
P_OCMS_N24001080,N24001080,MALE VILLAGE TO PUNE RAIGARH,Ministry of Road Transport & Highways,Transport & Logistics,LADAKH,MoRTH,256.15,2018-03-01,2019-12-01,severely_delayed,EXACT_OCMS_CODE,0.85
P_OCMS_N24001090,N24001090,KOLDE TO KHETIYA,Ministry of Road Transport & Highways,Transport & Logistics,LADAKH,MoRTH,509.18,2017-01-01,2019-07-01,severely_delayed,EXACT_OCMS_CODE,0.85
P_OCMS_N24001099,N24001099,MHASWAD TO TEMBHURNI,Ministry of Road Transport & Highways,Transport & Logistics,LADAKH,MoRTH,488.6,2017-01-01,2019-07-01,severely_delayed,EXACT_OCMS_CODE,0.85
P_OCMS_N24001101,N24001101,KURUDWADI TO PANDHARPUR,Ministry of Road Transport & Highways,Transport & Logistics,LADAKH,MoRTH,307.63,2017-01-01,2019-07-01,severely_delayed,EXACT_OCMS_CODE,0.85
P_OCMS_N24001102,N24001102,PANDHARPUR TO SANGOLA,Ministry of Road Transport & Highways,Transport & Logistics,LADAKH,MoRTH,218.38,2017-07-01,2019-07-01,severely_delayed,EXACT_OCMS_CODE,0.85
P_OCMS_N24001114,N24001114,INDAPUR TO VADPALE,Ministry of Road Transport & Highways,Transport & Logistics,LADAKH,MoRTH,1202.52,2017-01-01,2019-12-01,severely_delayed,EXACT_OCMS_CODE,0.85
P_OCMS_N24001124,N24001124,AURANGABAD TO SILLOD,Ministry of Road Transport & Highways,Transport & Logistics,LADAKH,MoRTH,456.32,2017-02-01,2019-06-01,severely_delayed,EXACT_OCMS_CODE,0.85
P_OCMS_N24001125,N24001125,SILLOD TO FARDAPUR,Ministry of Road Transport & Highways,Transport & Logistics,LADAKH,MoRTH,337.46,2017-02-01,2019-06-01,severely_delayed,EXACT_OCMS_CODE,0.85
P_OCMS_N24001130,N24001130,RECONSTRUCTION WITH GEOMETRIC,Ministry of Road Transport & Highways,Transport & Logistics,LADAKH,MoRTH,234.88,2016-08-01,2017-12-01,healthy,EXACT_OCMS_CODE,0.85
P_OCMS_N24001138,N24001138,PARLI PIMPLA DAHIGUDA,Ministry of Road Transport & Highways,Transport & Logistics,LADAKH,MoRTH,205.72,2017-02-01,2019-06-01,severely_delayed,EXACT_OCMS_CODE,0.85
P_OCMS_N24001156,N24001156,WIDENING TO TWO LANE WITH PAVED,Ministry of Road Transport & Highways,Transport & Logistics,GOA,MoRTH,166.67,2017-01-01,2017-09-01,severely_delayed,EXACT_OCMS_CODE,0.85
P_OCMS_N24001157,N24001157,IMPROVEMENTS AND,Ministry of Road Transport & Highways,Transport & Logistics,GOA,MoRTH,175.5,2016-08-01,2017-02-01,severely_delayed,EXACT_OCMS_CODE,0.85
P_OCMS_N24001158,N24001158,RECONSTRUCTION TO TWO LANE,Ministry of Road Transport & Highways,Transport & Logistics,GOA,MoRTH,159.97,2018-03-01,2019-06-01,severely_delayed,EXACT_OCMS_CODE,0.85
P_OCMS_N24001159,N24001159,WIDENING TO TWO LANE WITH PAVED,Ministry of Road Transport & Highways,Transport & Logistics,GOA,MoRTH,159.7,2018-01-01,2018-07-01,severely_delayed,EXACT_OCMS_CODE,0.85
P_OCMS_N24001160,N24001160,WIDENING TO TWO LANE WITH PAVED,Ministry of Road Transport & Highways,Transport & Logistics,GOA,MoRTH,191.6,2017-09-01,2018-10-01,severely_delayed,EXACT_OCMS_CODE,0.85
P_OCMS_N24001161,N24001161,WIDENING TO TWO LANE WITH PAVED,Ministry of Road Transport & Highways,Transport & Logistics,GOA,MoRTH,297.3,2017-12-01,2019-01-01,severely_delayed,EXACT_OCMS_CODE,0.85
P_OCMS_N24001162,N24001162,IMPROVEMENT AND,Ministry of Road Transport & Highways,Transport & Logistics,GOA,MoRTH,325.86,2018-03-01,2018-10-01,severely_delayed,EXACT_OCMS_CODE,0.85
P_OCMS_N24001164,N24001164,WIDENING TO 2 LANE WITH PAVED,Ministry of Road Transport & Highways,Transport & Logistics,GOA,MoRTH,396.96,2016-10-01,2017-03-01,severely_delayed,EXACT_OCMS_CODE,0.85
P_OCMS_N24001165,N24001165,WIDENING TO 2 LANE WITH PAVED,Ministry of Road Transport & Highways,Transport & Logistics,GOA,MoRTH,314.9,2016-11-01,2017-03-01,severely_delayed,EXACT_OCMS_CODE,0.85
P_OCMS_N24001166,N24001166,WIDENING TWO LANE WITH PAVED,Ministry of Road Transport & Highways,Transport & Logistics,GOA,MoRTH,159.12,2015-03-01,2016-01-01,severely_delayed,EXACT_OCMS_CODE,0.85
P_OCMS_N24001168,N24001168,ESTIMATE FOR WIDENING TWO LANE,Ministry of Road Transport & Highways,Transport & Logistics,GOA,MoRTH,171.6,2018-05-01,2018-05-01,severely_delayed,EXACT_OCMS_CODE,0.85
P_OCMS_N24001172,N24001172,WIDENING TO TWO LANE WITH PAVED,Ministry of Road Transport & Highways,Transport & Logistics,GOA,MoRTH,291.49,2017-01-01,2017-08-01,severely_delayed,EXACT_OCMS_CODE,0.85
P_OCMS_N24001173,N24001173,CONSTRUCTION OF MAJOR BRIDGE,Ministry of Road Transport & Highways,Transport & Logistics,GOA,MoRTH,157.32,2017-02-01,2019-05-01,severely_delayed,EXACT_OCMS_CODE,0.85
P_OCMS_N24001179,N24001179,CONSTRUCTION OF 2 LANE,Ministry of Road Transport & Highways,Transport & Logistics,GOA,MoRTH,217.35,2017-03-01,2020-11-01,severely_delayed,EXACT_OCMS_CODE,0.85
P_OCMS_N24001180,N24001180,WIDENING OF EXISTING,Ministry of Road Transport & Highways,Transport & Logistics,GOA,MoRTH,237.51,2019-03-01,2022-12-01,healthy,EXACT_OCMS_CODE,0.85
P_OCMS_N24001216,N24001216,WIDENING TO 2 LANE WITH PAVED,Ministry of Road Transport & Highways,Transport & Logistics,GOA,MoRTH,196.0,2016-12-01,2021-09-01,severely_delayed,EXACT_OCMS_CODE,0.85
P_OCMS_N24001217,N24001217,REHABILITATION AND UPGRADATION,Ministry of Road Transport & Highways,Transport & Logistics,Multi-State,MoRTH,497.14,2016-01-01,2016-08-01,severely_delayed,EXACT_OCMS_CODE,0.85
P_OCMS_N24001221,N24001221,REHABILITATION AND UPGRADATION,Ministry of Road Transport & Highways,Transport & Logistics,Multi-State,MoRTH,624.98,2016-01-01,2016-10-01,severely_delayed,EXACT_OCMS_CODE,0.85
P_OCMS_N24001222,N24001222,REHABILITATION AND UPGRADATION,Ministry of Road Transport & Highways,Transport & Logistics,Multi-State,MoRTH,452.94,2016-03-01,2016-07-01,severely_delayed,EXACT_OCMS_CODE,0.85
P_OCMS_N24001244,N24001244,CONSTRUCTION OF 2-LANING WITH,Ministry of Road Transport & Highways,Transport & Logistics,Multi-State,NHIDCL,301.06,2020-08-01,2022-04-01,severely_delayed,EXACT_OCMS_CODE,0.85
P_OCMS_N24001254,N24001254,CONSTUCTION/UPGRADATION OF,Ministry of Road Transport & Highways,Transport & Logistics,LADAKH,NHIDCL,242.97,2020-03-01,2022-06-01,severely_delayed,EXACT_OCMS_CODE,0.85
P_OCMS_N24001259,N24001259,UPGRADATION OF EXISTING,Ministry of Road Transport & Highways,Transport & Logistics,GOA,NHIDCL,315.63,2020-09-01,2022-04-01,severely_delayed,EXACT_OCMS_CODE,0.85
P_OCMS_N24001263,N24001263,REHABILITATION AND UPGRADATION,Ministry of Road Transport & Highways,Transport & Logistics,LADAKH,NHIDCL,277.5,2020-06-01,2022-01-01,severely_delayed,EXACT_OCMS_CODE,0.85
P_OCMS_N24001271,N24001271,2-LANING OF CHURACHANDPUR,Ministry of Road Transport & Highways,Transport & Logistics,LADAKH,NHIDCL,365.53,2020-06-01,2022-08-01,severely_delayed,EXACT_OCMS_CODE,0.85
P_OCMS_N24001272,N24001272,2-LANING OF CHURACHANDPUR TUIVAI,Ministry of Road Transport & Highways,Transport & Logistics,LADAKH,NHIDCL,167.95,2020-03-01,2022-06-01,severely_delayed,EXACT_OCMS_CODE,0.85
P_OCMS_N24001273,N24001273,2-LANING OF CHURACHANDPUR TUIVAI,Ministry of Road Transport & Highways,Transport & Logistics,LADAKH,NHIDCL,177.76,2020-07-01,2022-08-01,severely_delayed,EXACT_OCMS_CODE,0.85
P_OCMS_N24001278,N24001278,CONSTRUCTION OF TWO LANE WITH,Ministry of Road Transport & Highways,Transport & Logistics,LADAKH,NHIDCL,206.88,2020-03-01,2022-07-01,severely_delayed,EXACT_OCMS_CODE,0.85
P_OCMS_N24001281,N24001281,CONSTRUCTION OF TWO LANE WITH,Ministry of Road Transport & Highways,Transport & Logistics,LADAKH,NHIDCL,292.24,2020-03-01,2022-07-01,severely_delayed,EXACT_OCMS_CODE,0.85
P_OCMS_N24001286,N24001286,2-LANING OF CHANGTONGYA TO,Ministry of Road Transport & Highways,Transport & Logistics,LADAKH,NHIDCL,278.95,2020-03-01,2022-06-01,severely_delayed,EXACT_OCMS_CODE,0.85
P_OCMS_N24001303,N24001303,BALANCE WORK OF 4- LANING OF,Ministry of Road Transport & Highways,Transport & Logistics,Multi-State,NHAI,649.9,2013-10-01,2020-12-01,severely_delayed,EXACT_OCMS_CODE,0.85
P_OCMS_N24001309,N24001309,KAILASHAHAR TO KHOWAI PKG-4,Ministry of Road Transport & Highways,Transport & Logistics,LADAKH,NHIDCL,159.13,2020-11-01,2022-06-01,severely_delayed,EXACT_OCMS_CODE,0.85
P_OCMS_N24001317,N24001317,2-LANING FROM JOLAIBARI - BELONIA,Ministry of Road Transport & Highways,Transport & Logistics,LADAKH,NHIDCL,201.99,2020-06-01,2022-01-01,severely_delayed,EXACT_OCMS_CODE,0.85
P_OCMS_N24001322,N24001322,CONSTRUCTION OF 2-LANE ROAD,Ministry of Road Transport & Highways,Transport & Logistics,LADAKH,NHIDCL,183.31,2020-09-01,2022-05-01,severely_delayed,EXACT_OCMS_CODE,0.85
P_OCMS_N24001323,N24001323,KHELLANI-KHANABAL PKG-1,Ministry of Road Transport & Highways,Transport & Logistics,GOA,NHIDCL,486.45,2021-03-01,2022-09-01,severely_delayed,EXACT_OCMS_CODE,0.85
P_OCMS_N24001325,N24001325,CONSTRUCTION OF 2-LANE,Ministry of Road Transport & Highways,Transport & Logistics,LADAKH,GREENFIELD ALIGNMENT,262.84,2020-09-01,2023-05-01,severely_delayed,EXACT_OCMS_CODE,0.85
P_OCMS_N24001339,N24001339,RANIKOR-MAHESHKHOLA- BAGHMARA,Ministry of Road Transport & Highways,Transport & Logistics,LADAKH,RMB) PKG-4 (KANAI-RONGARA,157.86,2020-10-01,2022-04-01,severely_delayed,EXACT_OCMS_CODE,0.85
P_OCMS_N24001343,N24001343,KARGIL-ZANSKR PACKAGE-1,Ministry of Road Transport & Highways,Transport & Logistics,LADAKH,NHIDCL,384.23,2021-03-01,2023-01-01,severely_delayed,EXACT_OCMS_CODE,0.85
P_OCMS_N24001353,N24001353,IMPHAL - KHONGSANG PKG-2,Ministry of Road Transport & Highways,Transport & Logistics,GOA,NHIDCL,195.14,2021-03-01,2022-12-01,severely_delayed,EXACT_OCMS_CODE,0.85
P_OCMS_N24001356,N24001356,DULTE- KWALKULH - CHAMPAI PKG.2,Ministry of Road Transport & Highways,Transport & Logistics,LADAKH,NHIDCL,233.25,2021-03-01,2022-12-01,severely_delayed,EXACT_OCMS_CODE,0.85
P_OCMS_N24001360,N24001360,RANIKOR-MAHESHKHOLA-,Ministry of Road Transport & Highways,Transport & Logistics,GOA,NHIDCL,260.21,2021-03-01,2022-12-01,severely_delayed,EXACT_OCMS_CODE,0.85
P_OCMS_N24001361,N24001361,RISHI BORDER- ROLEP- MENLA,Ministry of Road Transport & Highways,Transport & Logistics,GOA,NHIDCL,332.2,2021-01-01,2023-09-01,severely_delayed,EXACT_OCMS_CODE,0.85
P_OCMS_N24001363,N24001363,MANU-SIMLUNG ( PKG 4),Ministry of Road Transport & Highways,Transport & Logistics,LADAKH,NHIDCL,354.79,2021-03-01,2022-12-01,severely_delayed,EXACT_OCMS_CODE,0.85
P_OCMS_N24001366,N24001366,DABOKA KATHKATI PACKAGE-5,Ministry of Road Transport & Highways,Transport & Logistics,Multi-State,NHIDCL,288.85,2021-03-01,2023-01-01,severely_delayed,EXACT_OCMS_CODE,0.85
P_OCMS_N24001370,N24001370,WIDENING TO 2-LANE WITH PAVED,Ministry of Road Transport & Highways,Transport & Logistics,GOA,MoRTH,380.76,2017-02-01,2017-09-01,severely_delayed,EXACT_OCMS_CODE,0.85
P_OCMS_N24001381,N24001381,REHABILITATION AND UPGRADATION,Ministry of Road Transport & Highways,Transport & Logistics,GOA,MoRTH,272.98,2020-08-01,2021-04-01,healthy,EXACT_OCMS_CODE,0.85
P_OCMS_N24001382,N24001382,REHABILITATION AND UPGRADATION,Ministry of Road Transport & Highways,Transport & Logistics,GOA,MoRTH,242.8,2020-08-01,2021-03-01,severely_delayed,EXACT_OCMS_CODE,0.85
P_OCMS_N24001383,N24001383,REHABILITATION AND UPGRADATION,Ministry of Road Transport & Highways,Transport & Logistics,GOA,MoRTH,349.2,2020-08-01,2021-04-01,healthy,EXACT_OCMS_CODE,0.85
P_OCMS_N24001387,N24001387,WIDENING TO 2-LANE WIH PAVED,Ministry of Road Transport & Highways,Transport & Logistics,GOA,MoRTH,264.34,2017-01-01,2017-09-01,severely_delayed,EXACT_OCMS_CODE,0.85
P_OCMS_N24001388,N24001388,CONSTRUCTION OF MAJOR BRIDGE,Ministry of Road Transport & Highways,Transport & Logistics,GOA,MoRTH,423.15,2019-03-01,2019-12-01,severely_delayed,EXACT_OCMS_CODE,0.85
P_OCMS_N24001389,N24001389,CHANGTONGYA TO LONGLENG,Ministry of Road Transport & Highways,Transport & Logistics,GOA,NHIDCL,206.53,2020-03-01,2022-06-01,healthy,EXACT_OCMS_CODE,0.85
P_OCMS_N24001390,N24001390,JORAM ? KOLORIANG ROAD FROM,Ministry of Road Transport & Highways,Transport & Logistics,Multi-State,NHIDCL,228.71,2020-08-01,2022-04-01,severely_delayed,EXACT_OCMS_CODE,0.85
P_OCMS_N24001391,N24001391,JORAM ? KOLORIANG ROAD,Ministry of Road Transport & Highways,Transport & Logistics,ANDAMAN AND,NHIDCL,294.04,2020-08-01,2022-04-01,severely_delayed,EXACT_OCMS_CODE,0.85
P_OCMS_N24001397,N24001397,GOHA-KHELLANI PKG-3,Ministry of Road Transport & Highways,Transport & Logistics,GOA,NHIDCL,431.28,2021-02-01,2023-03-01,severely_delayed,EXACT_OCMS_CODE,0.85
P_OCMS_N24001401,N24001401,IMPHAL - KHONGSANG PKG-3,Ministry of Road Transport & Highways,Transport & Logistics,LADAKH,NHIDCL,467.0,2021-07-01,2023-03-01,severely_delayed,EXACT_OCMS_CODE,0.85
P_OCMS_N24001402,N24001402,TAMENGLONG - MAHUR PKG-1,Ministry of Road Transport & Highways,Transport & Logistics,LADAKH,NHIDCL,185.8,2021-07-01,2023-03-01,severely_delayed,EXACT_OCMS_CODE,0.85
P_OCMS_N24001404,N24001404,TAMENGLONG - MAHUR PKG-4,Ministry of Road Transport & Highways,Transport & Logistics,LADAKH,NHIDCL,198.77,2021-07-01,2023-03-01,severely_delayed,EXACT_OCMS_CODE,0.85
P_OCMS_N24001405,N24001405,CHURACHANPUR TUIVAI PKG-3,Ministry of Road Transport & Highways,Transport & Logistics,LADAKH,NHIDCL,673.27,2021-07-01,2023-10-01,severely_delayed,EXACT_OCMS_CODE,0.85
P_OCMS_N24001408,N24001408,CONSTRUCTION OF 2-LANE MAJOR,Ministry of Road Transport & Highways,Transport & Logistics,Multi-State,MoRTH,925.47,2021-02-01,2025-07-01,healthy,EXACT_OCMS_CODE,0.85
P_OCMS_N24001416,N24001416,DELHI-AMRITSAR-KATRA,Ministry of Road Transport & Highways,Transport & Logistics,LADAKH,NHAI,989.66,2020-12-01,2024-01-01,severely_delayed,EXACT_OCMS_CODE,0.85
P_OCMS_N24001418,N24001418,DELHI-AMRITSAR-KATRA,Ministry of Road Transport & Highways,Transport & Logistics,LADAKH,NHAI,1094.46,2020-12-01,2024-04-01,severely_delayed,EXACT_OCMS_CODE,0.85
P_OCMS_N24001419,N24001419,DELHI-AMRITSAR-KATRA,Ministry of Road Transport & Highways,Transport & Logistics,LADAKH,NHAI,1269.96,2021-02-01,2024-04-01,severely_delayed,EXACT_OCMS_CODE,0.85
P_OCMS_N24001424,N24001424,CONSTRUCTION OF FOUR-LANE,Ministry of Road Transport & Highways,Transport & Logistics,LADAKH,MoRTH,185.09,2021-03-01,2023-09-01,severely_delayed,EXACT_OCMS_CODE,0.85
P_OCMS_N24001426,N24001426,4L OF ADDAHOLE TO BANTWAL,Ministry of Road Transport & Highways,Transport & Logistics,GOA,NHAI,317.9,2021-03-01,2021-10-01,severely_delayed,EXACT_OCMS_CODE,0.85
P_OCMS_N24001427,N24001427,CONSTRUCTION OF ROB WITH,Ministry of Road Transport & Highways,Transport & Logistics,GOA,MoRTH,166.21,2020-06-01,2023-04-01,severely_delayed,EXACT_OCMS_CODE,0.85
P_OCMS_N24001428,N24001428,FOUR LANING OF VILUPPURAM,Ministry of Road Transport & Highways,Transport & Logistics,GOA,NHAI,998.7,2018-03-01,2021-11-01,severely_delayed,EXACT_OCMS_CODE,0.85
P_OCMS_N24001430,N24001430,FOUR LANING OF,Ministry of Road Transport & Highways,Transport & Logistics,GOA,NHAI,2120.4,2018-03-01,2022-01-01,severely_delayed,EXACT_OCMS_CODE,0.85
P_OCMS_N24001439,N24001439,MARAM - PEREN PKG-3,Ministry of Road Transport & Highways,Transport & Logistics,LADAKH,NHIDCL,467.41,2021-08-01,2023-05-01,severely_delayed,EXACT_OCMS_CODE,0.85
P_OCMS_N24001440,N24001440,KEIFANG - TUVAI PKG-1,Ministry of Road Transport & Highways,Transport & Logistics,LADAKH,NHIDCL,492.94,2021-09-01,2023-05-01,severely_delayed,EXACT_OCMS_CODE,0.85
P_OCMS_N24001448,N24001448,UPGRADATION OF ADHALGAON-,Ministry of Road Transport & Highways,Transport & Logistics,LADAKH,MoRTH,223.35,2021-11-01,2022-02-01,healthy,EXACT_OCMS_CODE,0.85
P_OCMS_N24001450,N24001450,DABOKA KATHKATI PACKAGE-6,Ministry of Road Transport & Highways,Transport & Logistics,Multi-State,NHIDCL,625.64,2021-09-01,2024-07-01,severely_delayed,EXACT_OCMS_CODE,0.85
P_OCMS_N24001453,N24001453,IMPHAL - KHONGSANG PKG-4,Ministry of Road Transport & Highways,Transport & Logistics,LADAKH,NHIDCL,579.63,2021-08-01,2023-12-01,severely_delayed,EXACT_OCMS_CODE,0.85
P_OCMS_N24001455,N24001455,CONSTRUCTION OF 4 LANE WITH,Ministry of Road Transport & Highways,Transport & Logistics,LADAKH,MoRTH,191.33,2022-02-01,2022-08-01,severely_delayed,EXACT_OCMS_CODE,0.85
P_OCMS_N24001456,N24001456,REHABILITATION AND UPGRADATION,Ministry of Road Transport & Highways,Transport & Logistics,LADAKH,MoRTH,199.39,2020-04-01,2024-02-01,severely_delayed,EXACT_OCMS_CODE,0.85
P_OCMS_N24001464,N24001464,PROJECTS- REHABILITATION AND,Ministry of Road Transport & Highways,Transport & Logistics,LADAKH,MoRTH,264.86,2021-03-01,2023-08-01,severely_delayed,EXACT_OCMS_CODE,0.85
P_OCMS_N24001467,N24001467,WIDENING TO EXISTING,Ministry of Road Transport & Highways,Transport & Logistics,LADAKH,MoRTH,226.44,2021-03-01,2024-02-01,severely_delayed,EXACT_OCMS_CODE,0.85
P_OCMS_N24001468,N24001468,REPANPALLI TO SIRONCHA,Ministry of Road Transport & Highways,Transport & Logistics,LADAKH,MoRTH,282.07,2022-03-01,2022-06-01,severely_delayed,EXACT_OCMS_CODE,0.85
P_OCMS_N24001472,N24001472,BALANCE WORKS OF FOUR LANING,Ministry of Road Transport & Highways,Transport & Logistics,GOA,NHAI,811.19,2021-09-01,2023-12-01,healthy,EXACT_OCMS_CODE,0.85
P_OCMS_N24001475,N24001475,CONSTRUCTION OF 2 LANE,Ministry of Road Transport & Highways,Transport & Logistics,GOA,NHIDCL,605.36,2022-03-01,2024-12-01,healthy,EXACT_OCMS_CODE,0.85
P_OCMS_N24001480,N24001480,WIDENING AND STRENGTHENING,Ministry of Road Transport & Highways,Transport & Logistics,LADAKH,MoRTH,227.06,2021-10-01,2024-04-01,severely_delayed,EXACT_OCMS_CODE,0.85
P_OCMS_N24001488,N24001488,DHARAMPURI-LONAND FROM KM.,Ministry of Road Transport & Highways,Transport & Logistics,LADAKH,NHAI,618.45,2021-09-01,2023-09-01,severely_delayed,EXACT_OCMS_CODE,0.85
P_OCMS_N24001503,N24001503,4L OF INDAPUR TO TONDLE (PKG-III),Ministry of Road Transport & Highways,Transport & Logistics,LADAKH,NHAI,667.66,2021-09-01,2023-09-01,severely_delayed,EXACT_OCMS_CODE,0.85
P_OCMS_N24001505,N24001505,VADODARA MUMBAI EXPRESSWAY,Ministry of Road Transport & Highways,Transport & Logistics,LADAKH,NHAI,1549.02,2022-03-01,2024-03-01,severely_delayed,EXACT_OCMS_CODE,0.85
P_OCMS_N24001516,N24001516,DELHI VADODARA GREENFIELD,Ministry of Road Transport & Highways,Transport & Logistics,GOA,NHAI,1185.69,2020-09-01,2024-02-01,severely_delayed,EXACT_OCMS_CODE,0.85
P_OCMS_N24001523,N24001523,6L ACCESS-CONTROLLED HIGHWAY,Ministry of Road Transport & Highways,Transport & Logistics,LADAKH,NHAI,836.24,2021-03-01,2023-10-01,severely_delayed,EXACT_OCMS_CODE,0.85
P_OCMS_N24001524,N24001524,6L OF ACCESS-CONTROLLED,Ministry of Road Transport & Highways,Transport & Logistics,LADAKH,NHAI,990.28,2021-03-01,2023-10-01,severely_delayed,EXACT_OCMS_CODE,0.85
P_OCMS_N24001525,N24001525,6L ACCESS-CONTROLLED HIGHWAY,Ministry of Road Transport & Highways,Transport & Logistics,LADAKH,NHAI,169.08,2021-03-01,2024-03-01,severely_delayed,EXACT_OCMS_CODE,0.85
P_OCMS_N24001529,N24001529,44 LANE DIVIDED CARRIAGEWAY OF,Ministry of Road Transport & Highways,Transport & Logistics,LADAKH,MoRTH,451.66,2021-12-01,2024-08-01,severely_delayed,EXACT_OCMS_CODE,0.85
P_OCMS_N24001532,N24001532,CONSTRUCTION OF 4-LANE NH-,Ministry of Road Transport & Highways,Transport & Logistics,GOA,NHAI,694.0,2021-11-01,2023-11-01,cost_escalating,EXACT_OCMS_CODE,0.85
P_OCMS_N24001533,N24001533,CONSTRUCTION OF 4-LANE,Ministry of Road Transport & Highways,Transport & Logistics,GOA,NHAI,1690.23,2020-11-01,2023-12-01,severely_delayed,EXACT_OCMS_CODE,0.85
P_OCMS_N24001534,N24001534,CONSTRUCTION OF FOUR-LANE,Ministry of Road Transport & Highways,Transport & Logistics,GOA,NHAI,1334.04,2020-12-01,2024-01-01,healthy,EXACT_OCMS_CODE,0.85
P_OCMS_N24001536,N24001536,FOUR LANING OF JIND GOHANA,Ministry of Road Transport & Highways,Transport & Logistics,GOA,NHAI,817.0,2020-07-01,2022-07-01,severely_delayed,EXACT_OCMS_CODE,0.85
P_OCMS_N24001537,N24001537,DABOKA KATHKATI PACKAGE-7,Ministry of Road Transport & Highways,Transport & Logistics,Multi-State,NHIDCL,204.1,2021-11-01,2024-07-01,severely_delayed,EXACT_OCMS_CODE,0.85
P_OCMS_N24001538,N24001538,IMPHAL - KHONGSANG PKG-5,Ministry of Road Transport & Highways,Transport & Logistics,LADAKH,NHIDCL,410.68,2021-12-01,2024-05-01,severely_delayed,EXACT_OCMS_CODE,0.85
P_OCMS_N24001539,N24001539,IMPHAL - KHONGSANG PKG-6,Ministry of Road Transport & Highways,Transport & Logistics,LADAKH,NHIDCL,504.76,2021-12-01,2025-02-01,severely_delayed,EXACT_OCMS_CODE,0.85
P_OCMS_N24001540,N24001540,AKASH BRIDGE - JESSAMI SECTION,Ministry of Road Transport & Highways,Transport & Logistics,LADAKH,NHIDCL,152.11,2022-03-01,2025-02-01,healthy,EXACT_OCMS_CODE,0.85
P_OCMS_N24001541,N24001541,RANIKOR- MAHESHKHOLA- BAGHMARA,Ministry of Road Transport & Highways,Transport & Logistics,LADAKH,NHIDCL,283.5,2021-11-01,2024-06-01,severely_delayed,EXACT_OCMS_CODE,0.85
P_OCMS_N24001542,N24001542,2 LANING FROM MANU-SIMLUNG PKG-2,Ministry of Road Transport & Highways,Transport & Logistics,LADAKH,NHIDCL,456.88,2022-02-01,2025-01-01,healthy,EXACT_OCMS_CODE,0.85
P_OCMS_N24001545,N24001545,"6L STANDALONE FLYOVERS AT RAHA,",Ministry of Road Transport & Highways,Transport & Logistics,Multi-State,NHAI,175.0,2022-08-01,2022-12-01,severely_delayed,EXACT_OCMS_CODE,0.85
P_OCMS_N24001553,N24001553,4L MEDINIPUR TO BALLUPUR FROM,Ministry of Road Transport & Highways,Transport & Logistics,LADAKH,NHAI,1092.9,2022-03-01,2025-02-01,severely_delayed,EXACT_OCMS_CODE,0.85
P_OCMS_N24001559,N24001559,2L PS SRIGANGANAGAR TO,Ministry of Road Transport & Highways,Transport & Logistics,LADAKH,NHAI,672.35,2021-09-01,2024-06-01,severely_delayed,EXACT_OCMS_CODE,0.85
P_OCMS_N24001573,N24001573,DELHI-VADODARA GREENFIELD,Ministry of Road Transport & Highways,Transport & Logistics,LADAKH,NHAI,1658.06,2019-11-01,2022-12-01,severely_delayed,EXACT_OCMS_CODE,0.85
P_OCMS_N24001590,N24001590,4L FROM KM 196.87 (SANKHA) TO KM,Ministry of Road Transport & Highways,Transport & Logistics,GOA,NHAI,748.99,2020-09-01,2023-10-01,severely_delayed,EXACT_OCMS_CODE,0.85
P_OCMS_N24001594,N24001594,ELEVATED CORRIDOR IN RANCHI CITY,Ministry of Road Transport & Highways,Transport & Logistics,GOA,NHAI,534.73,2022-02-01,2025-01-01,healthy,EXACT_OCMS_CODE,0.85
P_OCMS_N24001600,N24001600,BALANCE WORK 2-LANE WITH PAVED,Ministry of Road Transport & Highways,Transport & Logistics,LADAKH,NHAI,434.12,2020-10-01,2023-05-01,severely_delayed,EXACT_OCMS_CODE,0.85
P_OCMS_N24001603,N24001603,4-LANING OF ODDANCHATRAM -,Ministry of Road Transport & Highways,Transport & Logistics,LADAKH,NHAI,1518.53,2019-01-01,2022-10-01,severely_delayed,EXACT_OCMS_CODE,0.85
P_OCMS_N24001610,N24001610,4L OF EXISTING 2/4L STRETCH FROM,Ministry of Road Transport & Highways,Transport & Logistics,LADAKH,NHAI,1833.73,2022-01-01,2024-05-01,severely_delayed,EXACT_OCMS_CODE,0.85
P_OCMS_N24001616,N24001616,2L PS OF SATNA - MAIHAR,Ministry of Road Transport & Highways,Transport & Logistics,GOA,NHAI,428.04,2021-01-01,2023-10-01,severely_delayed,EXACT_OCMS_CODE,0.85
P_OCMS_N24001618,N24001618,KATNI BYPASS FROM KM. 359.50 TO,Ministry of Road Transport & Highways,Transport & Logistics,LADAKH,NHAI,194.4,2019-09-01,2022-09-01,severely_delayed,EXACT_OCMS_CODE,0.85
P_OCMS_N24001623,N24001623,BANIHAL BYPASS (DELINKED FROM,Ministry of Road Transport & Highways,Transport & Logistics,GOA,NHAI,336.01,2020-01-01,2024-01-01,severely_delayed,EXACT_OCMS_CODE,0.85
P_OCMS_N24001624,N24001624,CONSTRUCTION OF EMERGENCY,Ministry of Road Transport & Highways,Transport & Logistics,GOA,NHAI,157.05,2019-07-01,2020-10-01,severely_delayed,EXACT_OCMS_CODE,0.85
P_OCMS_N24001625,N24001625,6L ACCESS CONTROLLED,Ministry of Road Transport & Highways,Transport & Logistics,LADAKH,NHAI,1227.57,2022-01-01,2025-01-01,healthy,EXACT_OCMS_CODE,0.85
P_OCMS_N24001636,N24001636,CONSTRUCTION OF FOUR/SIX LANE,Ministry of Road Transport & Highways,Transport & Logistics,LADAKH,NHAI,1368.91,2021-05-01,2024-12-01,severely_delayed,EXACT_OCMS_CODE,0.85
P_OCMS_N24001641,N24001641,DELHI AMRITSAR KATRA,Ministry of Road Transport & Highways,Transport & Logistics,LADAKH,NHAI,1641.75,2021-03-01,2024-10-01,severely_delayed,EXACT_OCMS_CODE,0.85
P_OCMS_N24001647,N24001647,BALANCE WORK OF PANIKOILI RIMULI,Ministry of Road Transport & Highways,Transport & Logistics,LADAKH,NHAI,200.0,2020-08-01,2022-03-01,severely_delayed,EXACT_OCMS_CODE,0.85
P_OCMS_N24001650,N24001650,SIX LANING OF KADAMBATTUKONAM,Ministry of Road Transport & Highways,Transport & Logistics,GOA,NHAI,3635.64,2021-12-01,2025-01-01,severely_delayed,EXACT_OCMS_CODE,0.85
P_OCMS_N24001654,N24001654,SIX LANING OF START OF KOLLAM,Ministry of Road Transport & Highways,Transport & Logistics,GOA,NHAI,2641.37,2021-06-01,2025-03-01,severely_delayed,EXACT_OCMS_CODE,0.85
P_OCMS_N24001662,N24001662,SIX LANING OF KT/KL BORDER,Ministry of Road Transport & Highways,Transport & Logistics,GOA,NHAI,1981.07,2020-05-01,2024-05-01,severely_delayed,EXACT_OCMS_CODE,0.85
P_OCMS_N24001663,N24001663,SIX LANING OF NEELESHWARAM TO,Ministry of Road Transport & Highways,Transport & Logistics,GOA,NHAI,3041.65,2020-06-01,2024-04-01,severely_delayed,EXACT_OCMS_CODE,0.85
P_OCMS_N24001666,N24001666,6L GREENFIELD BARAJA - KANDILI,Ministry of Road Transport & Highways,Transport & Logistics,LADAKH,NHAI,714.0,2021-12-01,2024-09-01,severely_delayed,EXACT_OCMS_CODE,0.85
P_OCMS_N24001670,N24001670,6L OF KARKI ? KALIAGURA SECTION,Ministry of Road Transport & Highways,Transport & Logistics,LADAKH,NHAI,593.0,2021-02-01,2024-03-01,severely_delayed,EXACT_OCMS_CODE,0.85
P_OCMS_N24001671,N24001671,6L OF HATIBENA - BADAKUMARI,Ministry of Road Transport & Highways,Transport & Logistics,LADAKH,NHAI,925.0,2021-02-01,2024-03-01,severely_delayed,EXACT_OCMS_CODE,0.85
P_OCMS_N24001673,N24001673,4- LANING OF ROHTAK-JIND SECTION,Ministry of Road Transport & Highways,Transport & Logistics,GOA,NHAI,510.97,2020-03-01,2023-03-01,severely_delayed,EXACT_OCMS_CODE,0.85
P_OCMS_N24001684,N24001684,4L OF CHANNARAYAPATNA BYPASS,Ministry of Road Transport & Highways,Transport & Logistics,GOA,NHAI,688.0,2020-09-01,2023-01-01,severely_delayed,EXACT_OCMS_CODE,0.85
P_OCMS_N24001692,N24001692,BALANCE WORKS OF FOUR LANE,Ministry of Road Transport & Highways,Transport & Logistics,LADAKH,NHAI,467.99,2022-01-01,2024-09-01,severely_delayed,EXACT_OCMS_CODE,0.85
P_OCMS_N24001696,N24001696,FOUR LANING OF JITTANDAHALLI TO,Ministry of Road Transport & Highways,Transport & Logistics,LADAKH,NHAI,1291.37,2019-02-01,2023-08-01,severely_delayed,EXACT_OCMS_CODE,0.85
P_OCMS_N24001698,N24001698,FOUR LANING OF MUNGER TO,Ministry of Road Transport & Highways,Transport & Logistics,Multi-State,NHAI,1198.02,2022-08-01,2024-08-01,severely_delayed,EXACT_OCMS_CODE,0.85
P_OCMS_N24001701,N24001701,FOUR LANING OF MUNGER TO,Ministry of Road Transport & Highways,Transport & Logistics,Multi-State,NHAI,1769.5,2022-04-01,2024-04-01,severely_delayed,EXACT_OCMS_CODE,0.85
P_OCMS_N24001704,N24001704,FOUR LANING OF MUNGER TO,Ministry of Road Transport & Highways,Transport & Logistics,Multi-State,NHAI,1020.84,2021-03-01,2024-03-01,severely_delayed,EXACT_OCMS_CODE,0.85
P_OCMS_N24001705,N24001705,FOUR LANING OF MUNGER TO,Ministry of Road Transport & Highways,Transport & Logistics,Multi-State,NHAI,1485.66,2022-03-01,2024-03-01,severely_delayed,EXACT_OCMS_CODE,0.85
P_OCMS_N24001708,N24001708,BAKHTIYARPUR RAJAULI PKG-III,Ministry of Road Transport & Highways,Transport & Logistics,ANDAMAN AND,NHAI,2156.22,2020-09-01,2024-06-01,healthy,EXACT_OCMS_CODE,0.85
P_OCMS_N24001711,N24001711,6L OF KANHAULI RAMNAGAR,Ministry of Road Transport & Highways,Transport & Logistics,ANDAMAN AND,NHAI,939.43,2020-09-01,2023-03-01,severely_delayed,EXACT_OCMS_CODE,0.85
P_OCMS_N24001715,N24001715,BALANCE WORK OF TWO LANING,Ministry of Road Transport & Highways,Transport & Logistics,Multi-State,NHAI,333.6,2018-12-01,2020-10-01,severely_delayed,EXACT_OCMS_CODE,0.85
P_OCMS_N24001716,N24001716,THOPPUR METTUR BHAVANI ERODE,Ministry of Road Transport & Highways,Transport & Logistics,LADAKH,NHAI,186.5,2022-07-01,2023-08-01,severely_delayed,EXACT_OCMS_CODE,0.85
P_OCMS_N24001722,N24001722,6L OF MADURAVOYAL TO,Ministry of Road Transport & Highways,Transport & Logistics,LADAKH,NHAI,463.44,2021-11-01,2023-02-01,severely_delayed,EXACT_OCMS_CODE,0.85
P_OCMS_N24001725,N24001725,6L OF SRIPERUMBUDUR TO,Ministry of Road Transport & Highways,Transport & Logistics,LADAKH,NHAI,819.89,2019-01-01,2021-05-01,severely_delayed,EXACT_OCMS_CODE,0.85
P_OCMS_N24001726,N24001726,4L SPUR OF SHAMLI-MUZZAFARNAGAR,Ministry of Road Transport & Highways,Transport & Logistics,LADAKH,NHAI,391.26,2023-01-01,2024-08-01,healthy,EXACT_OCMS_CODE,0.85
P_OCMS_N24001730,N24001730,4L FROM GAJU VILLAGE AT KM 32.982,Ministry of Road Transport & Highways,Transport & Logistics,LADAKH,NHAI,1384.79,2021-12-01,2025-01-01,healthy,EXACT_OCMS_CODE,0.85
P_OCMS_N24001736,N24001736,6L ACCESS CONTROL GREENFIELD,Ministry of Road Transport & Highways,Transport & Logistics,LADAKH,NHAI,1159.96,2022-01-01,2024-08-01,severely_delayed,EXACT_OCMS_CODE,0.85
P_OCMS_N24001737,N24001737,4LPS OF MUZAFFARNAGAR TO,Ministry of Road Transport & Highways,Transport & Logistics,LADAKH,NHAI,923.15,2021-11-01,2024-04-01,healthy,EXACT_OCMS_CODE,0.85
P_OCMS_N24001739,N24001739,REHABILITATION and UPGRADATION,Ministry of Road Transport & Highways,Transport & Logistics,LADAKH,NHAI,1779.83,2019-10-01,2023-11-01,severely_delayed,EXACT_OCMS_CODE,0.85
P_OCMS_N24001744,N24001744,4L OF SHAMLI BYAPSS- SAHARANPUR,Ministry of Road Transport & Highways,Transport & Logistics,LADAKH,NHAI,779.17,2019-05-01,2022-11-01,severely_delayed,EXACT_OCMS_CODE,0.85
P_OCMS_N24001747,N24001747,SIX LANE OF PALSIT TO DANKUNI,Ministry of Road Transport & Highways,Transport & Logistics,LADAKH,NHAI,2193.23,2020-03-01,2024-09-01,healthy,EXACT_OCMS_CODE,0.85
P_OCMS_N24001748,N24001748,SIX LANING OF NATIONAL CORRIDOR,Ministry of Road Transport & Highways,Transport & Logistics,LADAKH,NHAI,2200.93,2021-03-01,2024-09-01,severely_delayed,EXACT_OCMS_CODE,0.85
P_OCMS_N24001755,N24001755,4-LANING OF MEERUT NAJIBABAD,Ministry of Road Transport & Highways,Transport & Logistics,LADAKH,NHAI,1936.68,2019-10-01,2023-03-01,severely_delayed,EXACT_OCMS_CODE,0.85
P_OCMS_N24001765,N24001765,"ADDITIONAL WORKS (2VUPS,",Ministry of Road Transport & Highways,Transport & Logistics,GOA,NHAI,207.77,2022-08-01,2024-07-01,severely_delayed,EXACT_OCMS_CODE,0.85
P_OCMS_N24001768,N24001768,BALANCE WORK OF 4L OF,Ministry of Road Transport & Highways,Transport & Logistics,GOA,NHAI,323.51,2019-08-01,2023-04-01,severely_delayed,EXACT_OCMS_CODE,0.85
P_OCMS_N24001770,N24001770,4L OF OBEDULLGANJ - BUDNI SECTION,Ministry of Road Transport & Highways,Transport & Logistics,LADAKH,NHAI,417.51,2022-02-01,2024-03-01,severely_delayed,EXACT_OCMS_CODE,0.85
P_OCMS_N24001775,N24001775,CONSTRUCTION OF PROPOSED,Ministry of Road Transport & Highways,Transport & Logistics,GOA,NHAI,808.31,2020-02-01,2023-01-01,severely_delayed,EXACT_OCMS_CODE,0.85
P_OCMS_N24001779,N24001779,DWARKA EXPRESSWAY FROM KM -,Ministry of Road Transport & Highways,Transport & Logistics,Multi-State,NHAI,2507.0,2018-03-01,2022-09-01,severely_delayed,EXACT_OCMS_CODE,0.85
P_OCMS_N24001788,N24001788,CONSTRUCTION OF EIGHT,Ministry of Road Transport & Highways,Transport & Logistics,GOA,NHAI,2271.86,2020-07-01,2023-12-01,severely_delayed,EXACT_OCMS_CODE,0.85
P_OCMS_N24001792,N24001792,4L OF BAL WORKS OF TALAJA -,Ministry of Road Transport & Highways,Transport & Logistics,GOA,NHAI,536.03,2021-03-01,2022-09-01,severely_delayed,EXACT_OCMS_CODE,0.85
P_OCMS_N24001797,N24001797,6L OF WAINGANGA BRIDGE -,Ministry of Road Transport & Highways,Transport & Logistics,LADAKH,NHAI,815.77,2021-10-01,2024-01-01,severely_delayed,EXACT_OCMS_CODE,0.85
P_OCMS_N24001811,N24001811,4L OF MO - SIHUNI FROM KM. 42.00 TO,Ministry of Road Transport & Highways,Transport & Logistics,GOA,PACKAGE-IB,583.93,2021-04-01,2024-06-01,severely_delayed,EXACT_OCMS_CODE,0.85
P_OCMS_N24001813,N24001813,4L OF END OF PINJORE BYPASS -,Ministry of Road Transport & Highways,Transport & Logistics,GOA,NHAI,1692.05,2021-07-01,2024-09-01,deteriorating,EXACT_OCMS_CODE,0.85
P_OCMS_N24001815,N24001815,"4L BYPASSES FOR JAGATPUR,",Ministry of Road Transport & Highways,Transport & Logistics,GOA,NHAI,1699.0,2022-12-01,2024-11-01,healthy,EXACT_OCMS_CODE,0.85
P_OCMS_N24001817,N24001817,6L OF CHILKARARUPET BYPASS FROM,Ministry of Road Transport & Highways,Transport & Logistics,Multi-State,NHAI,757.45,2019-02-01,2023-03-01,severely_delayed,EXACT_OCMS_CODE,0.85
P_OCMS_N24001822,N24001822,BANGALORE CHENNAI EXPRESSWAY,Ministry of Road Transport & Highways,Transport & Logistics,Multi-State,NHAI,1075.27,2020-12-01,2024-10-01,cost_escalating,EXACT_OCMS_CODE,0.85
P_OCMS_N24001825,N24001825,DEVELOPMENT OF 6L UER II,Ministry of Road Transport & Highways,Transport & Logistics,Multi-State,NHAI,1894.96,2020-07-01,2023-10-01,severely_delayed,EXACT_OCMS_CODE,0.85
P_OCMS_N24001828,N24001828,CONSTRUCTION OF BYPASS TO,Ministry of Road Transport & Highways,Transport & Logistics,LADAKH,MoRTH,221.03,2022-01-01,2024-11-01,healthy,EXACT_OCMS_CODE,0.85
P_OCMS_N24001829,N24001829,FOUR LANING OF OTTANCHATRAM TO,Ministry of Road Transport & Highways,Transport & Logistics,LADAKH,MoRTH,172.15,2022-10-01,2024-11-01,healthy,EXACT_OCMS_CODE,0.85
P_OCMS_N24001832,N24001832,DIBRUGARH-LAHOAL-CHABUA BYPASS,Ministry of Road Transport & Highways,Transport & Logistics,Multi-State,NHIDCL,458.59,2023-01-01,2025-05-01,healthy,EXACT_OCMS_CODE,0.85
P_OCMS_N24001833,N24001833,JAMMU - AKHNOOR SECTION OF NH,Ministry of Road Transport & Highways,Transport & Logistics,GOA,NHIDCL,198.28,2022-07-01,2025-03-01,healthy,EXACT_OCMS_CODE,0.85
P_OCMS_N24001855,N24001855,WIDENING OF EXISTING SINGLE LANE,Ministry of Road Transport & Highways,Transport & Logistics,LADAKH,MoRTH,192.93,2021-02-01,2025-06-01,healthy,EXACT_OCMS_CODE,0.85
P_OCMS_N24001857,N24001857,CONSTRUCTION OF ROAD FROM KM,Ministry of Road Transport & Highways,Transport & Logistics,LADAKH,MoRTH,414.24,2020-06-01,2023-12-01,severely_delayed,EXACT_OCMS_CODE,0.85
P_OCMS_N24001863,N24001863,CONSTRUCTION OF 5 HL BRIDGES AT,Ministry of Road Transport & Highways,Transport & Logistics,LADAKH,KONGURUKONDA,154.05,2021-03-01,2024-06-01,severely_delayed,EXACT_OCMS_CODE,0.85
P_OCMS_N24001864,N24001864,CONSTRUCTION OF FOUR LANE ROB,Ministry of Road Transport & Highways,Transport & Logistics,LADAKH,MoRTH,154.49,2021-11-01,2025-06-01,healthy,EXACT_OCMS_CODE,0.85
P_OCMS_N24001868,N24001868,Sagwara Bypass and Garhi- Partapur,Ministry of Road Transport & Highways,Transport & Logistics,LADAKH,MoRTH,187.65,2022-03-01,2025-08-01,healthy,EXACT_OCMS_CODE,0.85
P_OCMS_N24001869,N24001869,UPGRADATION AND,Ministry of Road Transport & Highways,Transport & Logistics,GOA,MoRTH,235.15,2022-12-01,2025-08-01,healthy,EXACT_OCMS_CODE,0.85
P_OCMS_N24001880,N24001880,REHABILITATION AND UP-GRADATION,Ministry of Road Transport & Highways,Transport & Logistics,LADAKH,MoRTH,778.18,2022-03-01,2025-07-01,deteriorating,EXACT_OCMS_CODE,0.85
P_OCMS_N24001885,N24001885,REHABILITATION AND UP-GRADATION,Ministry of Road Transport & Highways,Transport & Logistics,LADAKH,MoRTH,414.81,2023-02-01,2024-12-01,deteriorating,EXACT_OCMS_CODE,0.85
P_OCMS_N24001886,N24001886,DEVELOPMENT/WIDENING OF,Ministry of Road Transport & Highways,Transport & Logistics,LADAKH,MoRTH,304.68,2022-10-01,2024-08-01,healthy,EXACT_OCMS_CODE,0.85
P_OCMS_N24001887,N24001887,REHABILITATION AND UPGRADATION OF,Ministry of Road Transport & Highways,Transport & Logistics,LADAKH,MoRTH,291.37,2022-08-01,2024-06-01,healthy,EXACT_OCMS_CODE,0.85
P_OCMS_N24001888,N24001888,"UP-GRADATION OF TIRORA-GONDIA, STATE",Ministry of Road Transport & Highways,Transport & Logistics,LADAKH,MoRTH,288.14,2021-08-01,2023-04-01,severely_delayed,EXACT_OCMS_CODE,0.85
P_OCMS_N24001889,N24001889,2 LANE + PS PIMPLNER TO SATANA -,Ministry of Road Transport & Highways,Transport & Logistics,LADAKH,MoRTH,277.81,2019-09-01,2021-07-01,severely_delayed,EXACT_OCMS_CODE,0.85
P_OCMS_N24001890,N24001890,REHABILITATION AND UPGRADATION,Ministry of Road Transport & Highways,Transport & Logistics,LADAKH,MoRTH,261.82,2023-02-01,2024-12-01,healthy,EXACT_OCMS_CODE,0.85
P_OCMS_N24001891,N24001891,BALANCE WORK OF REHABILITATION,Ministry of Road Transport & Highways,Transport & Logistics,LADAKH,MoRTH,256.54,2021-07-01,2023-11-01,healthy,EXACT_OCMS_CODE,0.85
P_OCMS_N24001892,N24001892,REHABILITATION AND UPGRADATION,Ministry of Road Transport & Highways,Transport & Logistics,LADAKH,MoRTH,245.61,2023-02-01,2024-12-01,healthy,EXACT_OCMS_CODE,0.85
P_OCMS_N24001894,N24001894,2 LANE + PS ASTHAMODE - TIVATYAL,Ministry of Road Transport & Highways,Transport & Logistics,LADAKH,MoRTH,228.82,2019-09-01,2021-07-01,severely_delayed,EXACT_OCMS_CODE,0.85
P_OCMS_N24001895,N24001895,REHABILATION AND UPGRADATION TO,Ministry of Road Transport & Highways,Transport & Logistics,LADAKH,MoRTH,228.01,2021-11-01,2023-09-01,healthy,EXACT_OCMS_CODE,0.85
P_OCMS_N24001896,N24001896,UPGRADATIOBN AND REHABILITATION,Ministry of Road Transport & Highways,Transport & Logistics,LADAKH,MoRTH,224.44,2021-11-01,2023-09-01,severely_delayed,EXACT_OCMS_CODE,0.85
P_OCMS_N24001900,N24001900,REHABILITATION AND UPGRADATION,Ministry of Road Transport & Highways,Transport & Logistics,GOA,BRO,796.97,2020-03-01,2024-08-01,severely_delayed,EXACT_OCMS_CODE,0.85
P_OCMS_N24001901,N24001901,REHABILITATION AND UPGRADATION,Ministry of Road Transport & Highways,Transport & Logistics,GOA,BRO,152.93,2020-03-01,2023-09-01,severely_delayed,EXACT_OCMS_CODE,0.85
P_OCMS_N24001905,N24001905,CONSTRUCTION OF MAJOR BRIDGE,Ministry of Road Transport & Highways,Transport & Logistics,LADAKH,MoRTH,188.69,2021-10-01,2023-08-01,healthy,EXACT_OCMS_CODE,0.85
P_OCMS_N24001906,N24001906,UP-GRADATION TO 4 LANING OF,Ministry of Road Transport & Highways,Transport & Logistics,LADAKH,MoRTH,185.59,2022-08-01,2024-03-01,healthy,EXACT_OCMS_CODE,0.85
P_OCMS_N24001909,N24001909,STRENGTHING AND WIDINING OF EXISTING,Ministry of Road Transport & Highways,Transport & Logistics,LADAKH,MoRTH,157.72,2021-11-01,2024-06-01,healthy,EXACT_OCMS_CODE,0.85
P_OCMS_N24001910,N24001910,REHABILITATION AND UPGRADATION,Ministry of Road Transport & Highways,Transport & Logistics,LADAKH,MoRTH,157.62,2022-09-01,2024-07-01,deteriorating,EXACT_OCMS_CODE,0.85
P_OCMS_N24001911,N24001911,PANGAON TO DHARMAPURI AND,Ministry of Road Transport & Highways,Transport & Logistics,LADAKH,MoRTH,152.03,2018-03-01,2024-07-01,healthy,EXACT_OCMS_CODE,0.85
P_OCMS_N24001920,N24001920,UPGRADATION OF NH 130A MUNGELI,Ministry of Road Transport & Highways,Transport & Logistics,Multi-State,MoRTH,218.57,2021-03-01,2024-09-01,severely_delayed,EXACT_OCMS_CODE,0.85
P_OCMS_N24001924,N24001924,WIDENING AND STRENGTHENING TO,Ministry of Road Transport & Highways,Transport & Logistics,GOA,MoRTH,514.22,2022-03-01,2025-08-01,deteriorating,EXACT_OCMS_CODE,0.85
P_OCMS_N24001925,N24001925,WIDENING AND,Ministry of Road Transport & Highways,Transport & Logistics,GOA,MoRTH,423.18,2022-03-01,2025-08-01,deteriorating,EXACT_OCMS_CODE,0.85
P_OCMS_N24001929,N24001929,CONSTRUCTION OF 4-LANE GREEN,Ministry of Road Transport & Highways,Transport & Logistics,LADAKH,MoRTH,697.66,2022-01-01,2025-10-01,healthy,EXACT_OCMS_CODE,0.85
P_OCMS_N24001932,N24001932,2L+PS FROM KM. 0+000 TO KM. 32+000,Ministry of Road Transport & Highways,Transport & Logistics,Multi-State,MoRTH,401.72,2022-03-01,2024-09-01,severely_delayed,EXACT_OCMS_CODE,0.85
P_OCMS_N24001935,N24001935,4 LANE WITH PAVED SHOULDER FROM,Ministry of Road Transport & Highways,Transport & Logistics,Multi-State,MoRTH,724.17,2022-03-01,2025-08-01,deteriorating,EXACT_OCMS_CODE,0.85
P_OCMS_N24001936,N24001936,BALANCE WORK OF CONTSRUCTION,Ministry of Road Transport & Highways,Transport & Logistics,GOA,MoRTH,344.79,2021-03-01,2023-03-01,severely_delayed,EXACT_OCMS_CODE,0.85
P_OCMS_N24001939,N24001939,NH165 FROM KM 0.000 TO KM 64.020,Ministry of Road Transport & Highways,Transport & Logistics,Multi-State,MoRTH,529.24,2020-03-01,2023-09-01,severely_delayed,EXACT_OCMS_CODE,0.85
P_OCMS_N24001943,N24001943,WIDENING TO TWO LANE WITH PAVED,Ministry of Road Transport & Highways,Transport & Logistics,GOA,MoRTH,172.98,2022-09-01,2024-03-01,severely_delayed,EXACT_OCMS_CODE,0.85
P_OCMS_N24001945,N24001945,WIDENING TO 2 LANE WITH PAVED,Ministry of Road Transport & Highways,Transport & Logistics,GOA,MoRTH,170.34,2022-08-01,2024-02-01,severely_delayed,EXACT_OCMS_CODE,0.85
P_OCMS_N24001946,N24001946,WIDENING TO 2 LANES WITH PAVED,Ministry of Road Transport & Highways,Transport & Logistics,GOA,MoRTH,218.93,2022-11-01,2024-11-01,healthy,EXACT_OCMS_CODE,0.85
P_OCMS_N24001947,N24001947,WIDENING TO EXISTING 2 LANE WITH,Ministry of Road Transport & Highways,Transport & Logistics,GOA,MoRTH,177.94,2023-02-01,2025-02-01,healthy,EXACT_OCMS_CODE,0.85
P_OCMS_N24001952,N24001952,NH 167 B KADAPA NELLORE BORDER,Ministry of Road Transport & Highways,Transport & Logistics,Multi-State,MoRTH,285.5,2022-03-01,2025-08-01,healthy,EXACT_OCMS_CODE,0.85
P_OCMS_N24001954,N24001954,WIDENING TO 2LPS OF,Ministry of Road Transport & Highways,Transport & Logistics,Multi-State,MoRTH,568.12,2022-03-01,2025-01-01,healthy,EXACT_OCMS_CODE,0.85
P_OCMS_N24001955,N24001955,GUDIWADA TOWN 2 LANE ROB AND,Ministry of Road Transport & Highways,Transport & Logistics,Multi-State,MoRTH,317.22,2022-03-01,2025-05-01,healthy,EXACT_OCMS_CODE,0.85
P_OCMS_N24001959,N24001959,4 LANE FROM KM 56.400 TO KM 120.300,Ministry of Road Transport & Highways,Transport & Logistics,Multi-State,MoRTH,839.98,2022-03-01,2025-09-01,deteriorating,EXACT_OCMS_CODE,0.85
P_OCMS_N24001966,N24001966,BALANCE WORK FOR REHABILITATION AND,Ministry of Road Transport & Highways,Transport & Logistics,LADAKH,MoRTH,529.44,2020-12-01,2023-04-01,severely_delayed,EXACT_OCMS_CODE,0.85
P_OCMS_N24001972,N24001972,WIDENING/IMPROVEMENT TO 4-LANE,Ministry of Road Transport & Highways,Transport & Logistics,Multi-State,NHIDCL,609.16,2023-03-01,2026-04-01,healthy,EXACT_OCMS_CODE,0.85
P_OCMS_N24001973,N24001973,WIDENING/IMPROVEMENT TO 4-LANE,Ministry of Road Transport & Highways,Transport & Logistics,Multi-State,NHIDCL,562.05,2023-03-01,2026-02-01,healthy,EXACT_OCMS_CODE,0.85
P_OCMS_N24001975,N24001975,UP-GRADATION TO 2-LANE WITH,Ministry of Road Transport & Highways,Transport & Logistics,LADAKH,NHIDCL,523.78,2021-09-01,2025-02-01,severely_delayed,EXACT_OCMS_CODE,0.85
P_OCMS_N24001982,N24001982,4L PS FROM KURNOOL (EXISTING KM.,Ministry of Road Transport & Highways,Transport & Logistics,Multi-State,NHAI,827.39,2023-03-01,2025-10-01,healthy,EXACT_OCMS_CODE,0.85
P_OCMS_N24001987,N24001987,"CONSTRUCTION OF 1 NOS ROB, 2 NOS",Ministry of Road Transport & Highways,Transport & Logistics,Multi-State,NHAI,152.05,2023-06-01,2024-12-01,healthy,EXACT_OCMS_CODE,0.85
P_OCMS_N24001990,N24001990,4L POANTA SAHEB?MEDNIPUR FROM,Ministry of Road Transport & Highways,Transport & Logistics,LADAKH,NHAI,524.54,2022-06-01,2025-05-01,cost_escalating,EXACT_OCMS_CODE,0.85
P_OCMS_N24001991,N24001991,ACCESS ROAD/BRIDGE,Ministry of Road Transport & Highways,Transport & Logistics,LADAKH,NHAI,314.31,2022-05-01,2024-09-01,severely_delayed,EXACT_OCMS_CODE,0.85
P_OCMS_N24001992,N24001992,BALANCE WORKS OF 4-LANNING OF,Ministry of Road Transport & Highways,Transport & Logistics,LADAKH,NHAI,199.31,2022-08-01,2024-02-01,severely_delayed,EXACT_OCMS_CODE,0.85
P_OCMS_N24001993,N24001993,DEVELOPMENT OF 6 LANE ACCESS,Ministry of Road Transport & Highways,Transport & Logistics,GOA,NHAI,1589.0,2022-12-01,2025-10-01,healthy,EXACT_OCMS_CODE,0.85
P_OCMS_N24001996,N24001996,CONSTRUCTION OF TWO LANE WITH,Ministry of Road Transport & Highways,Transport & Logistics,LADAKH,MoRTH,640.18,2022-03-01,2025-11-01,healthy,EXACT_OCMS_CODE,0.85
P_OCMS_N24002000,N24002000,WIDENING AND STRENGTHENING OF,Ministry of Road Transport & Highways,Transport & Logistics,LADAKH,MoRTH,317.19,2021-03-01,2024-07-01,healthy,EXACT_OCMS_CODE,0.85
P_OCMS_N24002002,N24002002,WIDENING AND IMPROVEMENT OF,Ministry of Road Transport & Highways,Transport & Logistics,LADAKH,MoRTH,423.48,2022-01-01,2024-12-01,healthy,EXACT_OCMS_CODE,0.85
P_OCMS_N24002006,N24002006,ONSTRUCTION OF 4-LANE FLYOVER,Ministry of Road Transport & Highways,Transport & Logistics,LADAKH,MoRTH,186.71,2017-10-01,2023-06-01,healthy,EXACT_OCMS_CODE,0.85
P_OCMS_N24002013,N24002013,CONSTRUCTION OF TWO LANE WITH,Ministry of Road Transport & Highways,Transport & Logistics,GOA,MoRTH,766.64,2021-03-01,2022-02-01,severely_delayed,EXACT_OCMS_CODE,0.85
P_OCMS_N24002018,N24002018,REHABILITATION AND UPGRADATION,Ministry of Road Transport & Highways,Transport & Logistics,LADAKH,MoRTH,239.72,2022-01-01,2025-03-01,healthy,EXACT_OCMS_CODE,0.85
P_OCMS_N24002024,N24002024,DABOKA BYPASS OF DABOKA -,Ministry of Road Transport & Highways,Transport & Logistics,Multi-State,NHIDCL,516.88,2023-01-01,2025-11-01,healthy,EXACT_OCMS_CODE,0.85
P_OCMS_N24002025,N24002025,2 LANE WITH PAVED SHOULDER FROM,Ministry of Road Transport & Highways,Transport & Logistics,Multi-State,NHIDCL,356.65,2023-01-01,2025-12-01,severely_delayed,EXACT_OCMS_CODE,0.85
P_OCMS_N24002026,N24002026,2 LANE WITH PAVED SHOULDER,Ministry of Road Transport & Highways,Transport & Logistics,ANDAMAN AND,NHIDCL,643.42,2023-03-01,2025-12-01,severely_delayed,EXACT_OCMS_CODE,0.85
P_OCMS_N24002028,N24002028,LMPHAL TO JIRIBAM PKG-7,Ministry of Road Transport & Highways,Transport & Logistics,LADAKH,NHIDCL,760.16,2023-01-01,2025-12-01,healthy,EXACT_OCMS_CODE,0.85
P_OCMS_N24002029,N24002029,WIDENING TO FOUR LANE WITH,Ministry of Road Transport & Highways,Transport & Logistics,LADAKH,MoRTH,917.91,2022-03-01,2026-01-01,healthy,EXACT_OCMS_CODE,0.85
P_OCMS_N24002030,N24002030,DEVELOPMENT OF EXTERNAL TRUNK,Ministry of Road Transport & Highways,Transport & Logistics,Multi-State,NHIDCL,592.06,2020-02-01,2022-03-01,severely_delayed,EXACT_OCMS_CODE,0.85
P_OCMS_N24002032,N24002032,CONSTRUCTION OF 4-LANE HIGHWAY,Ministry of Road Transport & Highways,Transport & Logistics,LADAKH,MoRTH,1156.72,2022-01-01,2026-01-01,healthy,EXACT_OCMS_CODE,0.85
P_OCMS_N24002034,N24002034,UPGRADATION TO 4L PS DIVIDED,Ministry of Road Transport & Highways,Transport & Logistics,GOA,NHAI,1181.34,2021-12-01,2025-03-01,healthy,EXACT_OCMS_CODE,0.85
P_OCMS_N24002037,N24002037,UPGRADATION OF EXISTING 4 LANE,Ministry of Road Transport & Highways,Transport & Logistics,GOA,NHAI,609.32,2023-01-01,2025-12-01,healthy,EXACT_OCMS_CODE,0.85
P_OCMS_N24002038,N24002038,CONSTRUCTION OF 6-LANE,Ministry of Road Transport & Highways,Transport & Logistics,GOA,NHAI,1691.45,2022-11-01,2025-08-01,cost_escalating,EXACT_OCMS_CODE,0.85
P_OCMS_N24002039,N24002039,CONSTRUCTION OF 6-LANE,Ministry of Road Transport & Highways,Transport & Logistics,GOA,NHAI,1088.64,2023-02-01,2025-10-01,healthy,EXACT_OCMS_CODE,0.85
P_OCMS_N24002041,N24002041,DEVELOPMENT OF SIX-LANE ACCESS,Ministry of Road Transport & Highways,Transport & Logistics,GOA,NHAI,1491.71,2022-04-01,2025-05-01,healthy,EXACT_OCMS_CODE,0.85
P_OCMS_N24002069,N24002069,CONSTRUCTION OF ADDITIONAL 3,Ministry of Road Transport & Highways,Transport & Logistics,LADAKH,NHAI,209.29,2022-07-01,2024-12-01,healthy,EXACT_OCMS_CODE,0.85
P_OCMS_N24002072,N24002072,IMPROVEMENT OF EXISTING,Ministry of Road Transport & Highways,Transport & Logistics,LADAKH,NHAI,150.21,2022-07-01,2025-10-01,deteriorating,EXACT_OCMS_CODE,0.85
P_OCMS_N24002073,N24002073,GARHMUKTESHWAR (KM. 83.200 OF,Ministry of Road Transport & Highways,Transport & Logistics,LADAKH,NHAI,2068.99,2019-10-01,2023-10-01,severely_delayed,EXACT_OCMS_CODE,0.85
P_OCMS_N24002078,N24002078,REHABILITATION AND UP GRADATION,Ministry of Road Transport & Highways,Transport & Logistics,LADAKH,NHAI,711.0,2023-12-01,2025-12-01,healthy,EXACT_OCMS_CODE,0.85
P_OCMS_N24002085,N24002085,WIDENING OF RAEBARELI TO,Ministry of Road Transport & Highways,Transport & Logistics,GOA,NHAI,1470.93,2023-11-01,2025-03-01,healthy,EXACT_OCMS_CODE,0.85
P_OCMS_N24002088,N24002088,CONSTRUCTION OF FOUR LANE,Ministry of Road Transport & Highways,Transport & Logistics,LADAKH,NHAI,1493.5,2022-10-01,2025-08-01,healthy,EXACT_OCMS_CODE,0.85
P_OCMS_N24002092,N24002092,6-LANE AMRITSAR-BATHINDA,Ministry of Road Transport & Highways,Transport & Logistics,LADAKH,NHAI,1801.37,2021-03-01,2025-10-01,healthy,EXACT_OCMS_CODE,0.85
P_OCMS_N24002103,N24002103,COMPLETION OF BALANCE WORKS,Ministry of Road Transport & Highways,Transport & Logistics,Multi-State,NHAI,166.52,2022-09-01,2025-01-01,healthy,EXACT_OCMS_CODE,0.85
P_OCMS_N24002107,N24002107,CONSTRUCTION OF NEW DOUBLE,Ministry of Road Transport & Highways,Transport & Logistics,LADAKH,NHAI,1382.0,2023-03-01,2026-05-01,deteriorating,EXACT_OCMS_CODE,0.85
P_OCMS_N24002108,N24002108,CONSTRUCTION OF NEW DOUBLE,Ministry of Road Transport & Highways,Transport & Logistics,LADAKH,NHAI,1618.96,2023-03-01,2026-05-01,deteriorating,EXACT_OCMS_CODE,0.85
P_OCMS_N24002112,N24002112,SIX LANING OF TUTICORIN PORT,Ministry of Road Transport & Highways,Transport & Logistics,LADAKH,NHAI,200.3,2023-03-01,2024-07-01,severely_delayed,EXACT_OCMS_CODE,0.85
P_OCMS_N24002117,N24002117,UPGRADATION OF DHORAJI,Ministry of Road Transport & Highways,Transport & Logistics,GOA,MoRTH,246.6,2022-10-01,2024-02-01,severely_delayed,EXACT_OCMS_CODE,0.85
P_OCMS_N24002118,N24002118,UPGRADATION TO TWO LANE WITH,Ministry of Road Transport & Highways,Transport & Logistics,GOA,MoRTH,173.06,2022-12-01,2024-02-01,severely_delayed,EXACT_OCMS_CODE,0.85
P_OCMS_N24002132,N24002132,4 LANE WITH PAVED SHOULDER,Ministry of Road Transport & Highways,Transport & Logistics,LADAKH,NHIDCL,2026.05,2023-03-01,2027-03-01,deteriorating,EXACT_OCMS_CODE,0.85
P_OCMS_N24002133,N24002133,IMPROVEMENT OF 2 LANE WITH,Ministry of Road Transport & Highways,Transport & Logistics,Multi-State,MoRTH,178.63,2021-03-01,2025-03-01,healthy,EXACT_OCMS_CODE,0.85
P_OCMS_N24002134,N24002134,REHABILITATION AND UP-GRADATION,Ministry of Road Transport & Highways,Transport & Logistics,LADAKH,MoRTH,809.25,2023-03-01,2025-12-01,healthy,EXACT_OCMS_CODE,0.85
P_OCMS_N24002137,N24002137,STRENGTHENING OF 6-LANE PIMPALGAON-,Ministry of Road Transport & Highways,Transport & Logistics,LADAKH,NHAI,175.0,2024-02-01,2025-03-01,cost_escalating,EXACT_OCMS_CODE,0.85
P_OCMS_N24002138,N24002138,CONSTRUCTION OF FOUR LANE,Ministry of Road Transport & Highways,Transport & Logistics,LADAKH,MoRTH,1141.67,2022-03-01,2026-06-01,healthy,EXACT_OCMS_CODE,0.85
P_OCMS_N24002139,N24002139,4-LANE WITH PAVED SHOULDERS,Ministry of Road Transport & Highways,Transport & Logistics,Multi-State,MoRTH,1318.57,2023-03-01,2025-12-01,deteriorating,EXACT_OCMS_CODE,0.85
P_OCMS_N24002140,N24002140,SOMAYAJULAPALLI ? DHONE SECTION,Ministry of Road Transport & Highways,Transport & Logistics,Multi-State,MoRTH,629.73,2023-04-01,2025-12-01,deteriorating,EXACT_OCMS_CODE,0.85
P_OCMS_N24002143,N24002143,BYPASS ROAD TO ADONI TOWN,Ministry of Road Transport & Highways,Transport & Logistics,Multi-State,MoRTH,361.24,2023-08-01,2026-02-01,healthy,EXACT_OCMS_CODE,0.85
P_OCMS_N24002144,N24002144,VODAREVU-CHILAKALURIPET SECTION,Ministry of Road Transport & Highways,Transport & Logistics,Multi-State,DESIGN CHAINAGE 0+00 TO 47+000,1064.24,2023-08-01,2026-02-01,deteriorating,EXACT_OCMS_CODE,0.85
P_OCMS_N24002146,N24002146,KURNOOL/KADAPA BORDER-,Ministry of Road Transport & Highways,Transport & Logistics,Multi-State,MoRTH,292.63,2023-11-01,2025-11-01,deteriorating,EXACT_OCMS_CODE,0.85
P_OCMS_N24002149,N24002149,DAVUALAPALLY TO MALLAPALEM,Ministry of Road Transport & Highways,Transport & Logistics,Multi-State,MoRTH,393.61,2024-01-01,2024-02-01,severely_delayed,EXACT_OCMS_CODE,0.85
P_OCMS_N24002151,N24002151,WIDENING TO 4L/4L+PS AND,Ministry of Road Transport & Highways,Transport & Logistics,LADAKH,MoRTH,257.14,2022-03-01,2024-01-01,severely_delayed,EXACT_OCMS_CODE,0.85
P_OCMS_N24002152,N24002152,WIDENING FROM 2L+PS TO 4L/4L+PS,Ministry of Road Transport & Highways,Transport & Logistics,LADAKH,MoRTH,274.84,2023-03-01,2023-11-01,severely_delayed,EXACT_OCMS_CODE,0.85
P_OCMS_N24002153,N24002153,STRENGTHENING OF 2L+PS FROM KM,Ministry of Road Transport & Highways,Transport & Logistics,LADAKH,MoRTH,169.68,2023-03-01,2024-02-01,severely_delayed,EXACT_OCMS_CODE,0.85
P_OCMS_N24002166,N24002166,FOUR LANING OF RAGHOGARH,Ministry of Road Transport & Highways,Transport & Logistics,LADAKH,NHAI,799.2,2024-03-01,2026-03-01,healthy,EXACT_OCMS_CODE,0.85
P_OCMS_N24002171,N24002171,REHABILITATION AND UP-GRADATION,Ministry of Road Transport & Highways,Transport & Logistics,LADAKH,MoRTH,249.13,2023-02-01,2025-04-01,deteriorating,EXACT_OCMS_CODE,0.85
P_OCMS_N24002172,N24002172,UP-GRADATION TO 4 LANE,Ministry of Road Transport & Highways,Transport & Logistics,LADAKH,MoRTH,856.82,2023-02-01,2025-12-01,deteriorating,EXACT_OCMS_CODE,0.85
P_OCMS_N24002176,N24002176,REHABILITATION/UP GRADATION OF,Ministry of Road Transport & Highways,Transport & Logistics,LADAKH,MoRTH,594.44,2023-03-01,2026-02-01,deteriorating,EXACT_OCMS_CODE,0.85
P_OCMS_N24002184,N24002184,CONSTRUCTION OR 4 LANE RANIGANJ,Ministry of Road Transport & Highways,Transport & Logistics,LADAKH,MoRTH,410.83,2023-03-01,2026-03-01,healthy,EXACT_OCMS_CODE,0.85
P_OCMS_N24002186,N24002186,WIDENING TO 2 LANE WITH PAVED,Ministry of Road Transport & Highways,Transport & Logistics,GOA,MoRTH,166.58,2024-03-01,2025-09-01,deteriorating,EXACT_OCMS_CODE,0.85
P_OCMS_N24002187,N24002187,CONSTRUCTION OF 2 LANE WITH,Ministry of Road Transport & Highways,Transport & Logistics,GOA,MoRTH,313.56,2024-02-01,2026-02-01,deteriorating,EXACT_OCMS_CODE,0.85
P_OCMS_N24002188,N24002188,WIDENING TO 2L+PS FROM KM 71.00,Ministry of Road Transport & Highways,Transport & Logistics,GOA,MoRTH,445.62,2024-03-01,2026-03-01,deteriorating,EXACT_OCMS_CODE,0.85
P_OCMS_N24002189,N24002189,WIDENING TO TWO LANE WITH PAVED,Ministry of Road Transport & Highways,Transport & Logistics,GOA,MoRTH,196.05,2024-09-01,2026-03-01,deteriorating,EXACT_OCMS_CODE,0.85
P_OCMS_N24002190,N24002190,CONSTRUCTION OF 4-LANE ACCESS,Ministry of Road Transport & Highways,Transport & Logistics,LADAKH,NHAI,983.0,2023-03-01,2026-08-01,deteriorating,EXACT_OCMS_CODE,0.85
P_OCMS_N24002191,N24002191,CONSTRUCTION OF ROB AND ITS,Ministry of Road Transport & Highways,Transport & Logistics,LADAKH,MoRTH,155.87,2016-03-01,2025-08-01,deteriorating,EXACT_OCMS_CODE,0.85
P_OCMS_N24002192,N24002192,REHABILITATION AND UP-GRADATION,Ministry of Road Transport & Highways,Transport & Logistics,GOA,NHAI,815.69,2022-06-01,2025-12-01,healthy,EXACT_OCMS_CODE,0.85
P_OCMS_N24002195,N24002195,ESTIMATE FOR IMPROVEMENT TO,Ministry of Road Transport & Highways,Transport & Logistics,Multi-State,MoRTH,495.16,2022-01-01,2026-04-01,deteriorating,EXACT_OCMS_CODE,0.85
P_OCMS_N24002196,N24002196,CONSTRUCTION OF BHABHUA BYPASS,Ministry of Road Transport & Highways,Transport & Logistics,Multi-State,MoRTH,179.86,2022-02-01,2026-03-01,deteriorating,EXACT_OCMS_CODE,0.85
P_OCMS_N24002200,N24002200,BALANCE WORKS OF 4 LANE DIVIDED,Ministry of Road Transport & Highways,Transport & Logistics,LADAKH,NHAI,355.36,2024-04-01,2026-04-01,healthy,EXACT_OCMS_CODE,0.85
P_OCMS_N24002203,N24002203,IMPHAL-KOHIMA ROAD PKG-4B,Ministry of Road Transport & Highways,Transport & Logistics,LADAKH,NHIDCL,268.98,2020-09-01,2026-06-01,deteriorating,EXACT_OCMS_CODE,0.85
P_OCMS_N24002207,N24002207,MAJOR BRIDGE OVER MIDDLE STRAIT,Ministry of Road Transport & Highways,Transport & Logistics,Multi-State,NHIDCL,371.8,2024-12-01,2026-02-01,deteriorating,EXACT_OCMS_CODE,0.85
P_OCMS_N24002208,N24002208,PACKAGE-3A,Ministry of Road Transport & Highways,Transport & Logistics,Multi-State,NHIDCL,207.54,2018-02-01,2025-09-01,healthy,EXACT_OCMS_CODE,0.85
P_OCMS_N24002209,N24002209,PACKAGE-3B,Ministry of Road Transport & Highways,Transport & Logistics,Multi-State,NHIDCL,183.47,2018-02-01,2025-11-01,healthy,EXACT_OCMS_CODE,0.85
P_OCMS_N24002210,N24002210,WIDENING AND STRENGTHENING OF,Ministry of Road Transport & Highways,Transport & Logistics,GOA,BRO,1404.94,2024-03-01,2027-05-01,deteriorating,EXACT_OCMS_CODE,0.85
P_OCMS_N24002212,N24002212,WIDENING AND STRENGTHENING,Ministry of Road Transport & Highways,Transport & Logistics,LADAKH,MoRTH,371.89,2023-03-01,2026-07-01,healthy,EXACT_OCMS_CODE,0.85
P_OCMS_N24002215,N24002215,DEVELOPMENT OF SIX LANE ACCESS,Ministry of Road Transport & Highways,Transport & Logistics,Multi-State,NHAI,1092.18,2023-02-01,2027-02-01,deteriorating,EXACT_OCMS_CODE,0.85
P_OCMS_N24002216,N24002216,ACCESS CONTROLLED HIGHWAY OF 4,Ministry of Road Transport & Highways,Transport & Logistics,LADAKH,NHAI,1376.1,2024-12-01,2026-12-01,deteriorating,EXACT_OCMS_CODE,0.85
P_OCMS_N24002217,N24002217,ACCESS CONTROLLED HIGHWAY OF 4,Ministry of Road Transport & Highways,Transport & Logistics,Multi-State,NHAI,1346.82,2024-12-01,2026-12-01,deteriorating,EXACT_OCMS_CODE,0.85
P_OCMS_N24002219,N24002219,REHABILITATION AND UP GRADATION,Ministry of Road Transport & Highways,Transport & Logistics,LADAKH,NHAI,882.45,2024-03-01,2026-10-01,deteriorating,EXACT_OCMS_CODE,0.85
P_OCMS_N24002220,N24002220,PERMANENT RECTIFICATION OF 4,Ministry of Road Transport & Highways,Transport & Logistics,Multi-State,NHAI,410.75,2022-12-01,2026-11-01,deteriorating,EXACT_OCMS_CODE,0.85
P_OCMS_N24002221,N24002221,4L OF GREENFIELD ALIGNMENT FROM,Ministry of Road Transport & Highways,Transport & Logistics,Multi-State,NHAI,2185.75,2022-02-01,2026-03-01,deteriorating,EXACT_OCMS_CODE,0.85
P_OCMS_N24002232,N24002232,IMPHAL-KOHIMA ROAD PKG-5A,Ministry of Road Transport & Highways,Transport & Logistics,LADAKH,NHIDCL,228.97,2020-09-01,2026-08-01,deteriorating,EXACT_OCMS_CODE,0.85
P_OCMS_N24002236,N24002236,CONSTRUCTION OF 4-LANE ACCESS,Ministry of Road Transport & Highways,Transport & Logistics,LADAKH,NHAI,832.62,2023-03-01,2025-03-01,severely_delayed,EXACT_OCMS_CODE,0.85
P_OCMS_N26000115,N26000115,SUPER EDGE ROUTERS FOR BSNL,Ministry of Telecommunications,Communication,LADAKH,BSNL,239.6,2023-03-01,2024-03-01,severely_delayed,EXACT_OCMS_CODE,0.85
P_OCMS_N26000118,N26000118,OPTICAL TRANSPORT NETWORK (OTN),Ministry of Telecommunications,Communication,LADAKH,BSNL,810.99,2024-02-01,2025-08-01,healthy,EXACT_OCMS_CODE,0.85
P_OCMS_N28000056,N28000056,DELHI MRTS PHASE-III,Ministry of Housing & Urban Affairs,Social & Commercial,Multi-State,DMRC,38585.0,2011-09-01,2016-03-01,severely_delayed,EXACT_OCMS_CODE,0.85
P_OCMS_N28000067,N28000067,2000 BOYS HOSTEL(1000 DOUBLE,Ministry of Housing & Urban Affairs,Social & Commercial,GOA,CPWD EDUCATION,171.86,2012-09-01,2016-03-01,healthy,EXACT_OCMS_CODE,0.85
P_OCMS_N28000071,N28000071,ESTABLISHMENT OF CENTRAL ARMED,Ministry of Housing & Urban Affairs,Social & Commercial,Multi-State,CPWD FOR MHA,1219.21,2013-10-01,2019-10-01,severely_delayed,EXACT_OCMS_CODE,0.85
P_OCMS_N28000098,N28000098,ESTABLISHMENT OF NATIONAL,Ministry of Housing & Urban Affairs,Social & Commercial,LADAKH,CPWD FOR HEALTH,209.84,2016-10-01,2020-03-01,severely_delayed,EXACT_OCMS_CODE,0.85
P_OCMS_N28000100,N28000100,CONSTRUCTION OF ACADEMIC AND,Ministry of Housing & Urban Affairs,Social & Commercial,Multi-State,CPWD EDUCATION,496.18,2016-02-01,2017-06-01,severely_delayed,EXACT_OCMS_CODE,0.85
P_OCMS_N28000104,N28000104,NSG AT KOLKATA,Ministry of Housing & Urban Affairs,Social & Commercial,GOA,CPWD FOR MHA,162.88,2014-10-01,2018-04-01,severely_delayed,EXACT_OCMS_CODE,0.85
P_OCMS_N28000105,N28000105,REDEVELOPMENT OF GPRA COLONY,Ministry of Housing & Urban Affairs,Social & Commercial,Multi-State,NBCC,2694.0,2016-07-01,2025-12-01,healthy,EXACT_OCMS_CODE,0.85
P_OCMS_N28000109,N28000109,CONSTRUCTION OF 726 Nos,Ministry of Housing & Urban Affairs,Social & Commercial,LADAKH,CPWD FOR FINANC,348.77,2017-11-01,2021-11-01,severely_delayed,EXACT_OCMS_CODE,0.85
P_OCMS_N28000112,N28000112,C/O NEW HOSPITAL BLOCK FOR,Ministry of Housing & Urban Affairs,Social & Commercial,GOA,CPWD FOR HEALTH,150.29,2017-09-01,2020-03-01,severely_delayed,EXACT_OCMS_CODE,0.85
P_OCMS_N28000117,N28000117,CONSTRUCTION OF IITB RESEARCH,Ministry of Housing & Urban Affairs,Social & Commercial,LADAKH,CPWD EDUCATION,223.37,2018-01-01,2020-07-01,severely_delayed,EXACT_OCMS_CODE,0.85
P_OCMS_N28000121,N28000121,PUNE METRO RAIL PROJECT (PHASE 1),Ministry of Housing & Urban Affairs,Transport & Logistics,LADAKH,MMRC,11420.0,2016-12-01,2021-11-01,severely_delayed,EXACT_OCMS_CODE,0.85
P_OCMS_N28000128,N28000128,REDEVELOPMENT OF GENERAL POOL,Ministry of Housing & Urban Affairs,Social & Commercial,Multi-State,CPWD,1180.0,2016-10-01,2021-07-01,severely_delayed,EXACT_OCMS_CODE,0.85
P_OCMS_N28000129,N28000129,REDEVELOPMENT OF GPRA AT,Ministry of Housing & Urban Affairs,Social & Commercial,Multi-State,CPWD,1128.0,2016-10-01,2022-03-01,severely_delayed,EXACT_OCMS_CODE,0.85
P_OCMS_N28000131,N28000131,CONSTRUCTION OF PERMANENT,Ministry of Housing & Urban Affairs,Social & Commercial,GOA,CPWD EDUCATION,676.0,2018-01-01,2023-04-01,severely_delayed,EXACT_OCMS_CODE,0.85
P_OCMS_N28000141,N28000141,C/O PERMANENT CAMPUS OF IIT,Ministry of Housing & Urban Affairs,Social & Commercial,Multi-State,CPWD EDUCATION,808.62,2020-03-01,2022-07-01,severely_delayed,EXACT_OCMS_CODE,0.85
P_OCMS_N28000147,N28000147,C/o separate family accommodation,Ministry of Housing & Urban Affairs,Social & Commercial,GOA,CPWD FOR MHA,166.98,2020-01-01,2023-10-01,severely_delayed,EXACT_OCMS_CODE,0.85
P_OCMS_N28000149,N28000149,CONSTRUCTION729 QUARTERS (TYPE,Ministry of Housing & Urban Affairs,Social & Commercial,Multi-State,CPWD,299.97,2019-05-01,2020-09-01,severely_delayed,EXACT_OCMS_CODE,0.85
P_OCMS_N28000153,N28000153,CONSTRUCTION OF 184 MULTI,Ministry of Housing & Urban Affairs,Social & Commercial,Multi-State,CPWD,646.52,2022-01-01,2024-11-01,severely_delayed,EXACT_OCMS_CODE,0.85
P_OCMS_N28000154,N28000154,CONSTRUCTION OF PERMANENT CAMPUS,Ministry of Housing & Urban Affairs,Social & Commercial,GOA,CPWD,512.34,2022-04-01,2024-11-01,deteriorating,EXACT_OCMS_CODE,0.85
P_OCMS_N28000156,N28000156,REDEVELOPMENT OF GPRA AT NETAJI,Ministry of Housing & Urban Affairs,Social & Commercial,Multi-State,NBCC,1536.72,2016-10-01,2024-03-01,severely_delayed,EXACT_OCMS_CODE,0.85
P_OCMS_N28000159,N28000159,KOCHI METRO RAIL PROJECT PHASE IB,Ministry of Road Transport & Highways,Transport & Logistics,GOA,KMRCL,355.7,2019-06-01,2023-09-01,cost_escalating,EXACT_OCMS_CODE,0.85
P_OCMS_N30000014,N30000014,CONSTRUCTION OF 564 MLD 124 MGD,Ministry of Road Transport & Highways,Transport & Logistics,Multi-State,DJB,665.78,2017-03-01,2022-12-01,severely_delayed,EXACT_OCMS_CODE,0.85
P_OCMS_N30000021,N30000021,INTERCEPTION AND DIVERSION,Ministry of Road Transport & Highways,Transport & Logistics,LADAKH,UPJalNigam,231.79,2019-01-01,2021-12-01,severely_delayed,EXACT_OCMS_CODE,0.85
P_OCMS_N30000024,N30000024,SEWERAGE SCHEME INTERCEPTION,Ministry of Road Transport & Highways,Transport & Logistics,LADAKH,UPJalNigam,681.78,2019-02-01,2022-06-01,severely_delayed,EXACT_OCMS_CODE,0.85
P_OCMS_N30000032,N30000032,INTERCEPTION AND DIVERSION WITH,Ministry of Road Transport & Highways,Transport & Logistics,LADAKH,KMDA,198.43,2018-05-01,2022-02-01,severely_delayed,EXACT_OCMS_CODE,0.85
P_OCMS_N30000034,N30000034,INTERCEPTION DIVERSION,Ministry of Road Transport & Highways,Transport & Logistics,LADAKH,KMDA,307.12,2017-08-01,2022-09-01,severely_delayed,EXACT_OCMS_CODE,0.85
P_OCMS_N30000036,N30000036,"SEWER NETWORKS, SPS AND STP,",Ministry of Road Transport & Highways,Transport & Logistics,Multi-State,BUIDCO,294.02,2018-03-01,2021-10-01,severely_delayed,EXACT_OCMS_CODE,0.85
P_OCMS_N30000039,N30000039,SAIDPUR SEWER NETWORK PATNA,Ministry of Road Transport & Highways,Transport & Logistics,Multi-State,BUIDCO,268.63,2015-04-01,2021-01-01,severely_delayed,EXACT_OCMS_CODE,0.85
P_OCMS_N30000044,N30000044,SEWERAGE SYSTEM WITH SEWER,Ministry of Road Transport & Highways,Transport & Logistics,Multi-State,BUIDCO,277.42,2017-03-01,2021-05-01,severely_delayed,EXACT_OCMS_CODE,0.85
P_OCMS_N38000001,N38000001,CENTRE FOR DISABILITY SPORTS,Ministry of Housing & Urban Affairs,Social & Commercial,LADAKH,CPWD,170.99,2019-02-01,2024-03-01,healthy,EXACT_OCMS_CODE,0.85
P_OCMS_N40000001,N40000001,NATIONAL INDUSTRIAL CORRIDOR,Ministry of Higher Education,Social & Commercial,LADAKH,DMIC FOR DPIIT,20084.0,2011-09-01,2027-03-01,severely_delayed,EXACT_OCMS_CODE,0.85
P_OCMS_N40000002,N40000002,INDIA INTERNATIONAL CONVENTION,Ministry of Higher Education,Social & Commercial,Multi-State,IICC FOR DPIIT,4773.0,2017-11-01,2019-12-01,severely_delayed,EXACT_OCMS_CODE,0.85
P_OCMS_N42000002,N42000002,CONSTRUCTION OF PERMANENT,Ministry of Housing & Urban Affairs,Social & Commercial,GOA,CPWD EDUCATION,303.9,2019-05-01,2021-08-01,severely_delayed,EXACT_OCMS_CODE,0.85
P_OCMS_N42000005,N42000005,CONSTRUCTION OF PERMANENT,Ministry of Housing & Urban Affairs,Social & Commercial,Multi-State,CPWD EDUCATION,655.34,2019-02-01,2020-06-01,healthy,EXACT_OCMS_CODE,0.85
P_OCMS_N42000006,N42000006,CONSTRUCTION OF PERMANENT,Ministry of Housing & Urban Affairs,Social & Commercial,GOA,CPWD EDUCATION,851.0,2019-07-01,2022-03-01,severely_delayed,EXACT_OCMS_CODE,0.85
P_OCMS_N42000007,N42000007,CONSTRUCTION OF PERMANENT,Ministry of Housing & Urban Affairs,Social & Commercial,Multi-State,CPWD EDUCATION,588.72,2019-09-01,2022-09-01,severely_delayed,EXACT_OCMS_CODE,0.85
P_OCMS_N42000009,N42000009,PERMANENT CAMPUS FOR IIM BODH,Ministry of Housing & Urban Affairs,Social & Commercial,Multi-State,CPWD EDUCATION,375.0,2018-09-01,2020-09-01,severely_delayed,EXACT_OCMS_CODE,0.85
P_OCMS_N42000010,N42000010,ADDITIONAL INFRASTRUCTURE AT,Ministry of Housing & Urban Affairs,Social & Commercial,GOA,CPWD,316.25,2021-08-01,2024-02-01,severely_delayed,EXACT_OCMS_CODE,0.85
P_OCMS_N45000002,N45000002,CONSTRUCTION OF HEADQUARTER,Ministry of Housing & Urban Affairs,Social & Commercial,Multi-State,CPWD FOR MHA,277.35,2019-06-01,2022-07-01,severely_delayed,EXACT_OCMS_CODE,0.85
P_OCMS_N45000003,N45000003,CONSTRUCTION OF 683,Ministry of Housing & Urban Affairs,Social & Commercial,GOA,CPWD FOR MHA,199.31,2019-05-01,2022-01-01,severely_delayed,EXACT_OCMS_CODE,0.85
